JobType;FreqJobPlace;FreqJobPlace.Dummy;TimesWeekJob;TransportModes1;TransportModes2;TransportModes3;TransportModes4;TransportModes5;SustUser;VRU;BVTECH;Foot.PerformanceRisk;Bike.PerformanceRisk;eScooter.PerformanceRisk;Car.PerformanceRisk;Foot.SocialRisk;Bike.SocialRisk;eScooter.SocialRisk;Car.SocialRisk;Foot.PhysicalRisk;Bike.PhysicalRisk;eScooter.PhysicalRisk;Car.PhysicalRisk;Foot.FinancialRisk;Bike.FinancialRisk;eScooter.FinancialRisk;Car.FinancialRisk;Foot.TimeLossRisk;Bike.TimeLossRisk;eScoooter.TimeLossRisk;Car.TimeLossRisk;Foot.SavingTime.PerceivedUsefulness;Bike.SavingTime.PerceivedUsefulness;eScooter.SavingTime.PerceivedUsefulness;Foot.SavingMoney.PerceivedUsefulness;Bike.SavingMoney.PerceivedUsefulness;eScooter.SavingMoney.PerceivedUsefulness;Foot.FeelsGood.PerceivedUsefulness;Bike.FeelsGood.PerceivedUsefulness;eScooter.FeelsGood.PerceivedUsefulness;Foot.Healthy.PerceivedUsefulness;Bike.Healthy.PerceivedUsefulness;eScooter.Healthy.PerceivedUsefulness;Walk.Risk.LowLight;Walk.Risk.Crossway;Walk.Risk.BadRoads;Walk.Risk.Speed;Walk.RiskSecurity;Bike.Risk.LowLight;Bike.RiskBadRoads;Bike.Risk.Speed;Bike.Risk.lightTraffic;Bike.Risk.Security;Bike.Risk.Thief;Walk.EasetoUse;Bike.EasetoUse;Escooter.EasetoUse;WhereJob;StartPointJob;SameCityJob;Walk.IntentionToUse;Bike.IntentionToUse;Escooter.IntentionToUse;Walk.ActualUse.;Bike.ActualUse;Escooter.ActualUse;Walk.BikeWays.Intention;Bike.BikeWays.Intention;eScooter.BikeWays.Intention;Walk.Limit30.Intention;Bike.Limit30.Intention;eScooter.Limit30.Intention;Walk.RoadHump.Intention;Bike.Parking.Intention;eScooter.Parking.Intention;Bike.Sharing.Intention;eScooter.Sharing.Intention;Foot.PublicTransport.Bis.Intention;Bike.PublicTransport.Bis.Intention;eScooter.PublicTransport.Bis.Intention;Foot.Bis.ActualUse;Bike.Bis.ActualUse;eScooter.Bis.ActualUse;Foot.BikeWays.Bis.Intention;Bike.BikeWays.Bis.Intention;eScooter.BikeWays.Bis.Intention;Foot.Limit30.Bis.IntetiontoUse;Bike.Limit30.Bis.IntetiontoUse;eScooter.Limit30.Bis.IntentiontoUse;Foot.HumpRoad.Bis.IntetiontoUse;Bike.Parking.Bis.IntetiontoUse;eScooter.Parking.Bis.IntetiontoUse;Bike.Sharing.Bis.Intention;eScooter.Sharing.Bis.Intention;Sentiment.UseCar;Sentiment.UseCar.Dummy;Sentiment.MoreTime;Sentiment.MoreTime.Dummy;Sentiment.CarHome;Sentiment.CarHome.Dummy;Sentiment.LikeBike;Sentiment.LikeBike.Dummy;Sentiment.RecommendPublicTransport;Sentiment.RecommendPublicTransport.Dummy;ITAGender;Gender;BirthYear;Age;LivingPlace;ItaCitizen;ITACitizenShip;OtherCitizen;BirthPlace;Education;EducationYears;QualityLifeAreaVote;AccesibilityPublTransp;RoadSlopeITA;RoadSlope;Car.Owner;MotorBike.Owner;Bike.Owner;eBike.Owner;eScooter.Owner;Ability.Ride;eScooter.Experience;eBike.Experience;DrivingLicense;SameCityJob2;Rome
Non lavoro e non studio; N/A;1;;; ; ; ;;no;no;N/A;1;1;3;3;1;1;1;2;3;3;4;3;1;2;2;5;1;1;1;1;1;3;3;5;5;4;5;5;4;5;5;3;3;3;2;4;4;3;3;4;2;4;5;5;4;0; ; ;yes;5;2;1;3;0;1;4;4;4;5;5;5;0;5;5;5;5;5;2;1;3;0;1;4;4;4;5;5;5;0;5;5;5;5;4;1;4;1;3;1;2;0;4;1;Donna;Female;1994;30;Roma;Sì;yes;;Roma;Laurea magistrale o successivo;18;4;5;Prevalentemente pianeggiante;Flat;No;No;Sì;Sì;Sì;Sì;No;No;Sì;;
Lavoro;Numero di volte;2;6;Bici; ; ; ; ;yes;yes;VRU;2;1;1;0;0;0;0;0;3;2;2;2;0;2;2;4;3;0;0;2;3;3;3;5;4;4;5;5;5;5;5;2;4;4;5;5;3;5;5;5;5;4;3;1;5;5;Roma;Roma;yes;1;5;5;0;100;100;5;5;5;5;5;5;0;5;5;0;0; ; ; ; ; ; ; ; ; ; ; ; ; ; ; ; ; ;4;1;2;0;4;1;4;1;1;0;Donna;Female;1990;34; ;Sì;yes; ;Roma;Media superiore;13;2;2;Caratterizzata da piccole salite;Easy climbs;No;No;Sì;No;No;Sì;Sì;Sì;No;yes;Rome
Lavoro;Numero di volte;2;1;Auto; ; ; ; ;no;no;Private;1;2;3;2;0;0;0;2;3;3;4;1;0;1;1;4;4;3;4;4;4;3;3;5;4;4;4;4;4;3;4;2;5;4;3;3;5;5;5;4;4;3;5;1;1;0;Roma;Roma;yes;4;4;0;0;0;0;4;4;0;4;3;0;4;3;3;3;0; ; ; ; ; ; ; ; ; ; ; ; ; ; ; ; ; ;1;0;4;1;4;1;1;0;1;0;Donna;Female;1997;27; ;Sì;yes; ;Roma;Laurea magistrale o successivo;18;3;1;Prevalentemente pianeggiante;Flat;Sì;No;No;No;No;Sì;Sì;No;Sì;yes;Rome
Lavoro;Numero di volte;2;3;Auto; ; ; ; ;no;no;Private;0;0;2;0;0;0;0;0;3;3;4;0;0;0;0;2;2;2;2;0;1;3;3;5;4;4;3;3;3;4;5;4;4;4;3;3;4;5;4;4;4;5;5;3;4;4;Roma;Roma;yes;1;1;1;0;0;0;1;1;1;1;2;1;2;2;2;2;2; ; ; ; ; ; ; ; ; ; ; ; ; ; ; ; ; ;1;0;3;1;2;0;1;0;2;0;Donna;Female;1991;33; ;Sì;yes; ;Roma;Laurea (triennale) di primo livello;16;4;3;Prevalentemente pianeggiante;Flat;Sì;No;Sì;No;No;Sì;No;No;Sì;yes;Rome
Lavoro;Numero di volte;2;5;Auto; ; ; ; ;no;no;Private;0;0;0;5;0;0;0;0;5;5;5;0;0;0;0;5;5;5;5;0;0;0;0;5;5;5;5;5;3;5;5;0;5;5;5;5;5;5;5;5;5;5;5;0;0;0;Roma;Roma;yes;0;0;0;0;0;0;3;3;3;0;0;0;0;0;0;0;0; ; ; ; ; ; ; ; ; ; ; ; ; ; ; ; ; ;4;1;3;1;1;0;1;0;1;0;Uomo;Male;1989;35; ;Sì;yes; ;Roma;Laurea (triennale) di primo livello;16;5;3;Caratterizzata da forti pendenze;Steep slopes;Sì;No;No;No;No;Sì;Sì;Sì;Sì;yes;Rome
Lavoro;Numero di volte;2;3;Moto/scooter; ; ; ; ;no;yes;Private;2;1;1;4;1;0;0;0;3;3;3;2;2;0;0;2;2;2;2;3;2;3;3;4;4;4;5;4;4;5;4;4;5;4;2;3;5;5;4;2;3;5;4;3;3;3;Roma;Labico;no;3;0;0;0;0;0;0;0;0;3;0;0;0;0;0;0;0; ; ; ; ; ; ; ; ; ; ; ; ; ; ; ; ; ;1;0;4;1;4;1;1;0;2;0;Uomo;Male;1990;34; ;Sì;yes; ;Roma;Laurea magistrale o successivo;18;3;2;Caratterizzata da piccole salite;Easy climbs;Sì;Sì;Sì;Sì;Sì;Sì;Sì;Sì;Sì;no;Not Rome
Sono uno studente;Numero di volte;2;5;Moto/scooter;Vado a piedi; ; ; ;yes;yes;VRU;4;4;4;3;1;1;1;2;2;2;2;0;1;4;4;4;0;1;1;2;1;3;3;4;4;4;4;4;4;5;5;5;5;5;5;5;5;5;5;5;5;5;5;4;4;4;Roma;Roma;yes;5;5;5;80;80;80;5;5;5;5;5;5;5;5;5;5;5; ; ; ; ; ; ; ; ; ; ; ; ; ; ; ; ; ;4;1;2;0;2;0;4;1;3;1;Uomo;Male;2001;23; ;Sì;yes; ;Roma;Media superiore;13;3;5;Prevalentemente pianeggiante;Flat;No;Sì;No;No;No;Sì;Sì;Sì;Sì;yes;Rome
Lavoro;Numero di volte;2;5;Auto; ; ; ; ;no;no;Private;1;3;2;4;3;1;1;1;4;2;2;2;1;3;3;3;5;3;3;3;1;3;2;5;4;4;5;4;4;5;5;5;3;3;4;3;5;4;4;4;4;5;5;1;2;3;Roma;Roma;yes;1;3;3;0;0;0;0;3;3;2;2;2;2;2;2;2;2; ; ; ; ; ; ; ; ; ; ; ; ; ; ; ; ; ;1;0;4;1;1;0;1;0;1;0;Donna;Female;2000;24; ;Sì;yes; ;Roma;Media superiore;13;3;3;Caratterizzata da forti pendenze;Steep slopes;Sì;No;Sì;No;No;Sì;No;Sì;Sì;yes;Rome
Sono uno studente e lavoro;Numero di volte;2;5;Bus/Tram; ; ; ; ;yes;yes;Public;5;2;0;3;0;0;0;0;3;3;3;1;0;0;1;4;1;0;0;3;2;4;4;5;5;4;5;5;5;5;5;5;5;5;3;5;5;5;4;4;5;5;5;5;5;5;Roma;Nettuno;no;5;5;5;0;0;0;5;4;5;5;4;5;5;5;5;5;5; ; ; ; ; ; ; ; ; ; ; ; ; ; ; ; ; ;3;1;4;1;3;1;3;1;3;1;Donna;Female;1995;29; ;Sì;yes; ;Anzio;Laurea (triennale) di primo livello;16;5;2;Prevalentemente pianeggiante;Flat;Sì;No;Sì;No;No;Sì;No;Sì;Sì;no;Not Rome
Sono uno studente;0 (Mai, lavoro da casa, sto sempre a casa);3;0; ; ; ; ; ;no;no;N/A;0;2;5;5;0;0;0;0;0;1;4;2;0;0;0;2;2;2;4;4;3;3;4;3;3;3;5;4;4;5;5;4;4;5;4;5;5;5;5;5;5;5;5;3;3;3;Roma;Cerveteri;no;4;3;3;90;0;0;5;1;0;5;0;0;4;1;1;1;1;4;3;3;90;0;0;5;1;0;5;0;0;4;1;1;1;1;4;1;3;1;4;1;2;0;3;1;Donna;Female;1993;31;Cerveteri;Sì;yes; ;Cerveteri;Laurea magistrale o successivo;18;3;4;Prevalentemente pianeggiante;Flat;Sì;No;Sì;No;No;Sì;Sì;No;Sì;no;Not Rome
Sono uno studente e lavoro;Numero di volte;2;2;Auto; ; ; ; ;no;no;Private;1;5;3;4;0;0;0;0;4;4;4;4;0;0;0;4;3;3;3;3;1;2;3;4;4;2;3;4;4;4;5;4;4;4;4;5;4;3;3;4;5;4;5;2;2;3;Roma;Roma;yes;2;2;2;0;0;0;1;1;1;1;1;1;1;1;1;1;1; ; ; ; ; ; ; ; ; ; ; ; ; ; ; ; ; ;2;0;2;0;2;0;1;0;2;0;Uomo;Male;1990;34; ;Sì;yes; ;Roma;Laurea (triennale) di primo livello;16;3;3;Caratterizzata da piccole salite;Easy climbs;Sì;No;Sì;No;No;Sì;Sì;No;Sì;yes;Rome
Non lavoro e non studio; N/A;1;; ; ; ; ; ;no;no;N/A;5;5;5;0;0;0;0;0;0;0;5;4;0;2;2;5;5;4;4;0;0;0;0;5;5;4;0;0;0;4;4;4;5;5;5;5;4;5;5;5;5;3;3;0;0;0; ; ;yes;0;0;0;0;0;0;0;0;0;0;0;0;0;0;0;0;0;0;0;0;0;0;0;0;0;0;0;0;0;0;0;0;0;0;1;0;1;0;1;0;1;0;1;0;Donna;Female;1995;29;Roma;Sì;yes; ;Roma;Laurea (triennale) di primo livello;16;2;2;Prevalentemente pianeggiante;Flat;Sì;No;No;No;No;No;No;No;Sì;;
Lavoro;Numero di volte;2;5;Auto; ; ; ; ;no;no;Private;5;5;5;2;1;1;1;1;5;5;5;2;2;2;2;3;5;5;5;1;1;1;1;3;3;3;5;5;5;5;5;5;4;4;4;4;4;4;4;4;4;4;4;1;1;1;Roma;Roma;yes;2;2;2;0;0;0;2;2;2;2;2;2;2;2;2;2;2; ; ; ; ; ; ; ; ; ; ; ; ; ; ; ; ; ;4;1;4;1;4;1;4;1;4;1;Donna;Female;1990;34; ;Sì;yes; ;Albano Laziale;Laurea magistrale o successivo;18;3;1;Caratterizzata da piccole salite;Easy climbs;Sì;No;No;No;No;Sì;Sì;Sì;Sì;yes;Rome
Lavoro;Numero di volte;2;6;Auto; ; ; ; ;no;no;Private;1;1;1;4;0;0;0;0;0;1;3;5;0;0;0;3;0;0;0;4;5;5;4;5;5;0;5;5;0;5;5;3;5;3;5;5;3;5;5;5;5;5;3;5;5;5;Roma;Roma;yes;1;4;4;0;40;40;5;5;5;5;5;5;5;5;5;0;0; ; ; ; ; ; ; ; ; ; ; ; ; ; ; ; ; ;4;1;4;1;1;0;4;1;1;0;Donna;Female;1995;29; ;Sì;yes; ;Roma;Media superiore;13;3;5;Caratterizzata da forti pendenze;Steep slopes;Sì;No;Sì;No;No;Sì;Sì;Sì;Sì;yes;Rome
Sono uno studente e lavoro;Numero di volte;2;7;Auto; ; ; ; ;no;no;Private;0;1;3;5;0;1;5;1;0;4;5;1;0;0;0;4;5;4;4;2;1;2;2;5;4;4;5;3;3;5;4;4;5;5;5;5;5;4;4;4;4;4;5;5;3;3;Roma;Guidonia;no;0;0;0;0;0;0;0;0;0;0;0;0;0;0;0;0;0; ; ; ; ; ; ; ; ; ; ; ; ; ; ; ; ; ;3;1;4;1;2;0;1;0;1;0;Uomo;Male;1989;35; ;Sì;yes; ;Tivoli;Laurea magistrale o successivo;18;3;5;Caratterizzata da piccole salite;Easy climbs;Sì;No;Sì;No;No;Sì;Sì;Sì;Sì;no;Not Rome
Sono uno studente e lavoro;Numero di volte;2;5;Bus/Tram;Metro; ; ; ;yes;yes;Public;3;2;2;4;1;2;2;3;2;4;4;3;1;3;3;4;1;1;1;2;3;4;4;5;5;5;2;3;3;5;5;5;2;5;3;3;5;4;4;5;5;4;4;4;3;3;Roma;Roma;yes;4;2;2;20;10;0;4;4;4;3;3;3;4;5;5;3;3; ; ; ; ; ; ; ; ; ; ; ; ; ; ; ; ; ;4;1;3;1;4;1;2;0;3;1;Uomo;Male;2002;22; ;Sì;yes; ;Roma;Laurea (triennale) di primo livello;16;4;3;Prevalentemente pianeggiante;Flat;Sì;No;Sì;Sì;Sì;Sì;Sì;Sì;Sì;yes;Rome
Lavoro;Numero di volte;2;5;Bici; ; ; ; ;yes;yes;VRU;0;5;5;1;0;0;3;3;4;4;5;3;0;1;0;5;0;0;0;5;3;5;4;5;5;5;5;5;2;5;5;2;5;5;4;5;2;2;5;4;5;1;5;5;5;1;Roma;Roma;yes;3;5;1;10;90;0;5;5;1;5;5;1;5;5;1;5;1; ; ; ; ; ; ; ; ; ; ; ; ; ; ; ; ; ;4;1;3;1;4;1;4;1;4;1;Uomo;Male;1989;35; ;Sì;yes; ;Roma;Media superiore;13;2;3;Caratterizzata da piccole salite;Easy climbs;Sì;No;Sì;Sì;Sì;Sì;No;Sì;Sì;yes;Rome
Lavoro;Numero di volte;2;5;Auto;Bus/Tram; ; ; ;yes;yes;Public;3;5;4;5;0;0;1;0;4;5;5;3;0;0;0;5;5;3;3;3;0;2;3;5;5;5;5;5;5;5;5;5;5;5;5;5;5;5;5;5;5;5;5;4;3;3;Roma;Roma;yes;2;2;2;10;20;20;4;4;4;4;4;4;0;4;4;4;4; ; ; ; ; ; ; ; ; ; ; ; ; ; ; ; ; ;1;0;4;1;3;1;3;1;4;1;Donna;Female;1988;36; ;No;no;Romania;Romania;Laurea (triennale) di primo livello;16;4;3;Prevalentemente pianeggiante;Flat;Sì;Sì;Sì;No;No;Sì;Sì;No;Sì;yes;Rome
Lavoro;Numero di volte;2;5;Auto; ; ; ; ;no;no;Private;4;2;1;4;3;4;4;2;3;3;3;1;0;0;0;4;2;2;2;3;3;3;3;5;5;5;5;2;2;5;4;4;4;4;4;3;5;4;4;4;3;5;5;1;2;2;Roma;Roma;yes;3;3;3;30;0;0;4;4;4;1;1;1;2;2;2;2;2; ; ; ; ; ; ; ; ; ; ; ; ; ; ; ; ; ;1;0;3;1;1;0;4;1;3;1;Donna;Female;1990;34; ;Sì;yes; ;Roma;Laurea (triennale) di primo livello;16;3;4;Caratterizzata da piccole salite;Easy climbs;Sì;No;Sì;No;Sì;Sì;Sì;No;Sì;yes;Rome
Sono uno studente e lavoro;Numero di volte;2;3;Metro; ; ; ; ;yes;yes;Public;2;5;2;3;0;0;0;0;0;0;0;0;0;0;0;0;2;2;2;2;2;2;2;4;4;4;3;2;2;4;4;3;4;4;4;4;1;4;4;4;4;4;1;4;2;2;Roma;Roma;yes;5;0;0;80;0;0;5;2;2;5;0;0;5;3;3;3;3; ; ; ; ; ; ; ; ; ; ; ; ; ; ; ; ; ;2;0;3;1;2;0;1;0;3;1;Donna;Female;2000;24; ;Sì;yes; ;Roma;Media superiore;13;4;5;Prevalentemente pianeggiante;Flat;Sì;No;Sì;No;No;Sì;Sì;Sì;Sì;yes;Rome
Lavoro;Numero di volte;2;7;Auto; ; ; ; ;no;no;Private;0;0;0;0;0;0;0;5;4;4;4;4;0;0;0;3;0;0;0;3;4;4;4;5;5;5;4;4;4;4;4;4;4;4;5;4;4;4;5;4;4;4;4;1;1;1;Roma;Roma;yes;0;0;0;0;0;0;0;0;0;0;0;0;0;0;0;0;0; ; ; ; ; ; ; ; ; ; ; ; ; ; ; ; ; ;1;0;4;1;3;1;1;0;2;0;Uomo;Male;1996;28; ;Sì;yes; ;Cassano allo Ionio;Laurea magistrale o successivo;18;0;2;Prevalentemente pianeggiante;Flat;Sì;No;No;No;No;Sì;Sì;Sì;Sì;yes;Rome
Lavoro;Numero di volte;2;4;Auto; ; ; ; ;no;no;Private;4;5;5;2;0;0;0;0;0;3;3;1;0;0;0;5;4;0;0;3;0;5;5;5;5;5;5;5;5;5;5;5;5;5;5;5;5;4;4;4;5;4;4;3;3;3;Roma;Roma;yes;4;4;4;20;20;20;5;5;5;5;5;5;5;5;5;5;5; ; ; ; ; ; ; ; ; ; ; ; ; ; ; ; ; ;4;1;4;1;4;1;4;1;3;1;Donna;Female;1990;34; ;Sì;yes; ;Sassari;Laurea magistrale o successivo;18;4;5;Caratterizzata da forti pendenze;Steep slopes;Sì;No;Sì;Sì;No;Sì;Sì;Sì;Sì;yes;Rome
Non lavoro e non studio; N/A;1;; ; ; ; ; ;no;no;N/A;1;4;4;1;0;0;0;0;1;5;5;2;0;0;0;5;5;5;5;0;0;0;0;5;5;5;5;5;5;5;5;5;5;5;5;5;4;5;5;5;5;5;5;4;0;0; ; ;yes;1;1;1;0;0;0;4;4;4;0;0;0;0;0;0;0;0;1;1;1;0;0;0;4;4;4;0;0;0;0;0;0;0;0;1;0;3;1;4;1;3;1;4;1;Donna;Female;1990;34;Zagarolo;Sì;yes; ;Cosenza;Laurea magistrale o successivo;18;3;2;Caratterizzata da forti pendenze;Steep slopes;Sì;No;Sì;No;No;Sì;No;No;Sì;;
Lavoro;Numero di volte;2;7;Auto;Treno;Altro (specificare); ;aereo;yes;yes;Public;0;3;5;3;0;0;3;3;3;3;5;3;0;1;3;5;3;3;3;3;4;3;2;5;4;2;5;2;2;5;5;3;5;5;4;4;4;5;5;5;4;3;3;4;3;3;Roma;Roma;yes;5;2;0;90;10;0;5;4;0;5;4;0;5;1;1;2;2; ; ; ; ; ; ; ; ; ; ; ; ; ; ; ; ; ;4;1;4;1;4;1;2;0;4;1;Uomo;Male;1989;35; ;Sì;yes; ;Colleferro;Laurea magistrale o successivo;18;4;2;Caratterizzata da forti pendenze;Steep slopes;Sì;Sì;Sì;No;No;Sì;Sì;Sì;Sì;yes;Rome
Non lavoro e non studio; N/A;1;; ; ; ; ; ;no;no;N/A;5;5;5;3;0;0;0;2;1;1;1;1;1;1;1;5;1;1;1;1;0;0;0;5;5;5;5;5;5;5;5;5;5;5;5;5;5;5;5;5;5;5;5;5;5;5; ; ;yes;3;3;3;50;50;50;4;4;4;4;4;4;4;4;4;4;4;3;3;3;50;50;50;4;4;4;4;4;4;4;4;4;4;4;1;0;3;1;2;0;3;1;2;0;Donna;Female;1994;30;Roma;No;no;Romania;Romania;Media superiore;13;4;3;Prevalentemente pianeggiante;Flat;Sì;No;Sì;No;No;Sì;Sì;Sì;Sì;;
Lavoro;Numero di volte;2;5;Auto; ; ; ; ;no;no;Private;2;4;0;0;0;0;1;0;4;4;4;2;0;0;3;5;5;5;3;0;0;2;3;5;5;4;5;5;5;5;5;5;3;3;5;5;3;5;5;5;5;5;3;2;2;2;Roma;Tivoli;no;1;1;1;0;0;0;1;4;4;5;5;5;2;3;3;3;3; ; ; ; ; ; ; ; ; ; ; ; ; ; ; ; ; ;2;0;3;1;4;1;3;1;4;1;Uomo;Male;1995;29; ;Sì;yes; ;Tivoli;Media superiore;13;1;5;Caratterizzata da piccole salite;Easy climbs;Sì;No;Sì;No;No;Sì;Sì;No;Sì;no;Not Rome
Lavoro;Numero di volte;2;4;Bus/Tram;Metro; ; ; ;yes;yes;Public;2;2;2;2;0;0;0;2;0;0;0;3;1;1;1;3;0;0;0;3;3;3;3;4;4;4;5;5;5;5;5;5;5;5;5;5;5;5;5;5;5;5;5;5;5;5;Roma;Roma;yes;5;5;5;100;100;100;5;5;5;5;5;5;5;5;5;5;5; ; ; ; ; ; ; ; ; ; ; ; ; ; ; ; ; ;3;1;2;0;4;1;4;1;4;1;Donna;Female;1992;32; ;Sì;yes; ;Bari;Laurea magistrale o successivo;18;2;5;Prevalentemente pianeggiante;Flat;No;No;No;No;No;Sì;Sì;Sì;Sì;yes;Rome
Lavoro;Numero di volte;2;2;Auto; ; ; ; ;no;no;Private;5;5;0;5;0;0;0;0;0;0;0;0;0;0;1;3;0;0;0;0;0;0;4;5;5;2;5;5;2;5;5;2;0;2;5;5;5;5;5;5;5;5;3;5;3;3;Roma;Castelli Romani;no;5;3;3;50;60;0;5;5;0;5;5;0;5;5;0;5;0; ; ; ; ; ; ; ; ; ; ; ; ; ; ; ; ; ;2;0;4;1;2;0;4;1;3;1;Donna;Female;1989;35; ;Sì;yes; ;Roma;Media superiore;13;5;3;Prevalentemente pianeggiante;Flat;Sì;No;Sì;No;No;Sì;Sì;No;Sì;no;Not Rome
Lavoro;Numero di volte;2;7;Altro (specificare); ; ; ;cavallo;yes;yes;VRU;5;3;3;3;0;2;2;2;1;3;3;3;4;2;2;4;2;2;1;1;3;2;2;5;4;2;5;4;4;5;4;4;4;4;2;3;2;4;4;3;3;2;2;3;3;3;Rocca di Papa;Rocca Di papa;yes;5;5;5;100;0;0;5;3;3;5;3;3;5;3;3;3;3; ; ; ; ; ; ; ; ; ; ; ; ; ; ; ; ; ;4;1;4;1;4;1;3;1;3;1;Donna;Female;1993;31; ;Sì;yes; ;Roma;Media superiore;13;5;0;Caratterizzata da forti pendenze;Steep slopes;Sì;Sì;Sì;Sì;Sì;No;Sì;No;Sì;yes;Not Rome
Lavoro;Numero di volte;2;3;Metro;Treno; ; ; ;yes;yes;Public;2;2;2;4;0;0;0;0;0;0;0;3;0;0;0;4;5;5;5;0;0;0;0;5;5;5;5;5;5;5;5;5;4;5;4;5;5;4;4;5;5;5;3;5;5;5;Roma;Civitavecchia;no;0;0;0;0;0;0;0;0;0;0;0;0;0;0;0;0;0; ; ; ; ; ; ; ; ; ; ; ; ; ; ; ; ; ;3;1;4;1;4;1;1;0;1;0;Donna;Female;1995;29; ;Sì;yes; ;Toscana;Laurea magistrale o successivo;18;2;1;Prevalentemente pianeggiante;Flat;Sì;Sì;Sì;Sì;Sì;Sì;Sì;Sì;Sì;no;Not Rome
Lavoro;Numero di volte;2;7;Auto; ; ; ; ;no;no;Private;4;3;0;5;0;4;3;2;0;4;4;5;0;0;3;1;3;3;3;4;3;3;3;5;3;3;5;4;4;5;5;5;3;4;3;4;3;5;5;5;5;3;5;5;2;2;Roma;Roma;yes;0;2;2;0;0;0;1;2;2;0;0;0;1;1;1;1;1; ; ; ; ; ; ; ; ; ; ; ; ; ; ; ; ; ;2;0;1;0;1;0;2;0;1;0;Uomo;Male;1992;32; ;Sì;yes; ;Roma;Media superiore;13;3;2;Caratterizzata da piccole salite;Easy climbs;Sì;Sì;No;No;No;Sì;No;No;Sì;yes;Rome
Lavoro e studio;Numero di volte;2;5;Auto; ; ; ; ;no;no;Private;0;0;0;4;2;2;2;0;5;5;5;3;1;1;1;5;5;4;3;2;0;0;2;5;4;4;5;5;3;5;5;5;5;5;4;5;3;5;5;5;5;3;4;1;1;1;Roma;Roma;yes;4;3;3;5;5;5;5;5;5;1;1;1;3;1;1;1;1; ; ; ; ; ; ; ; ; ; ; ; ; ; ; ; ; ;1;0;3;1;4;1;1;0;1;0;Donna;Female;1990;34; ;Sì;yes; ;Roma;Media superiore;13;4;3;Caratterizzata da piccole salite;Easy climbs;Sì;Sì;No;Sì;Sì;Sì;No;No;Sì;yes;Rome
Lavoro;Numero di volte;2;7;Vado a piedi; ; ; ; ;yes;yes;VRU;2;2;2;2;0;0;0;0;2;2;2;2;0;0;0;3;0;0;0;0;0;0;0;5;5;5;5;5;5;5;5;5;1;1;5;1;1;1;1;1;5;1;1;5;5;5;Roma;Roma;yes;5;5;5;100;100;100;5;5;5;5;5;5;5;5;5;5;5; ; ; ; ; ; ; ; ; ; ; ; ; ; ; ; ; ;4;1;1;0;4;1;1;0;4;1;Donna;Female;1991;33; ;Sì;yes; ;Lamezia Terme;Laurea magistrale o successivo;18;4;1;Caratterizzata da forti pendenze;Steep slopes;No;No;No;No;No;Sì;Sì;Sì;Sì;yes;Rome
Lavoro;Numero di volte;2;6;Auto; ; ; ; ;no;no;Private;5;5;5;0;0;0;0;0;2;4;4;0;0;0;2;5;4;4;4;2;0;0;0;5;5;5;5;3;0;5;5;0;5;5;2;5;3;5;5;2;5;3;5;1;2;2;Roma;Roma;yes;2;2;2;0;0;0;3;3;3;0;0;0;0;0;0;0;0; ; ; ; ; ; ; ; ; ; ; ; ; ; ; ; ; ;1;0;4;1;1;0;1;0;1;0;Donna;Female;2001;23; ;Sì;yes; ;Roma;Laurea (triennale) di primo livello;16;4;2;Prevalentemente pianeggiante;Flat;Sì;No;Sì;No;No;Sì;Sì;No;Sì;yes;Rome
Sono uno studente;0 (Mai, lavoro da casa, sto sempre a casa);3;0; ; ; ; ; ;no;no;N/A;2;5;5;4;0;4;4;4;1;4;4;4;1;3;3;3;4;2;2;0;1;2;2;5;3;3;5;2;2;5;2;2;5;5;4;4;3;5;5;5;4;2;4;4;1;1;Roma;Roma;yes;5;2;2;80;0;0;5;0;0;5;5;5;5;5;5;5;5;5;2;2;80;0;0;5;0;0;5;5;5;5;5;5;5;5;4;1;4;1;4;1;1;0;2;0;Uomo;Male;2004;20;Roma;Sì;yes; ;Roma;Media superiore;13;3;5;Prevalentemente pianeggiante;Flat;Sì;No;No;No;No;Sì;No;No;Sì;yes;Rome
Lavoro;Numero di volte;2;3;Auto; ; ; ; ;no;no;Private;0;2;3;0;0;0;0;0;0;0;0;0;0;0;0;5;2;2;3;3;3;3;3;5;5;3;5;5;2;5;5;3;5;5;3;3;0;5;5;3;3;0;0;0;3;3;Roma;Castelli Romani;no;0;0;0;0;0;0;0;0;0;0;0;0;0;0;0;0;0; ; ; ; ; ; ; ; ; ; ; ; ; ; ; ; ; ;1;0;4;1;1;0;3;1;3;1;Donna;Female;1993;31; ;Sì;yes; ;Aprilia;Laurea (triennale) di primo livello;16;5;2;Caratterizzata da piccole salite;Easy climbs;Sì;No;Sì;Sì;No;Sì;No;Sì;Sì;no;Not Rome
Non lavoro e non studio; N/A;1;; ; ; ; ; ;no;no;N/A;1;1;1;1;0;0;0;0;4;4;4;4;4;4;4;4;1;1;1;1;5;5;5;5;5;5;5;5;5;5;5;5;3;3;3;3;5;3;3;3;3;3;5;4;4;4; ; ;yes;5;5;5;100;100;100;5;5;5;5;5;5;5;5;5;5;5;5;5;5;100;100;100;5;5;5;5;5;5;5;5;5;5;5;1;0;2;0;2;0;4;1;1;0;Donna;Female;1988;36;Roma;Sì;yes; ;Roma;Media superiore;13;3;3;Prevalentemente pianeggiante;Flat;Sì;No;No;No;Sì;Sì;Sì;Sì;Sì;;
Lavoro;Numero di volte;2;6;Treno; ; ; ; ;yes;yes;Public;2;0;2;2;0;0;0;0;2;5;5;3;0;0;0;4;0;0;0;0;2;5;2;5;5;5;5;3;3;5;5;5;5;5;5;5;5;5;5;5;5;5;5;5;5;5;Roma;Roma;yes;5;5;5;100;100;100;5;5;5;5;5;5;5;5;5;5;5; ; ; ; ; ; ; ; ; ; ; ; ; ; ; ; ; ;3;1;2;0;4;1;4;1;4;1;Uomo;Male;1998;26; ;Sì;yes; ;Roma;Laurea magistrale o successivo;18;5;5;Caratterizzata da piccole salite;Easy climbs;Sì;Sì;Sì;Sì;Sì;Sì;Sì;Sì;Sì;yes;Rome
Lavoro;Numero di volte;2;3;Auto; ; ; ; ;no;no;Private;3;3;3;3;0;0;0;0;2;2;2;2;1;1;1;4;2;2;2;2;3;3;3;5;5;5;5;5;5;5;5;5;5;5;5;5;4;5;5;5;5;5;3;4;4;4;L'Aquila;L'Aquila;yes;5;5;5;0;0;0;0;0;0;0;0;0;0;0;0;0;0; ; ; ; ; ; ; ; ; ; ; ; ; ; ; ; ; ;4;1;4;1;3;1;4;1;3;1;Uomo;Male;1993;31; ;Sì;yes; ;Roma;Laurea magistrale o successivo;18;4;2;Caratterizzata da forti pendenze;Steep slopes;Sì;No;No;No;No;Sì;Sì;Sì;Sì;yes;Not Rome
Non lavoro e non studio; N/A;1;; ; ; ; ; ;no;no;N/A;4;3;3;2;1;3;3;5;4;3;3;1;0;0;0;4;3;4;4;0;0;0;0;5;5;5;3;3;3;3;3;3;5;5;5;5;5;5;5;5;5;5;5;1;1;1; ; ;yes;3;3;3;30;30;40;4;4;4;4;4;4;4;4;4;4;4;3;3;3;30;30;40;4;4;4;4;4;4;4;4;4;4;4;1;0;1;0;1;0;3;1;1;0;Donna;Female;1988;36;Aprilia ;Sì;yes; ;Roma;Media superiore;13;3;2;Prevalentemente pianeggiante;Flat;Sì;No;No;No;No;Sì;No;No;Sì;;
Lavoro;Numero di volte;2;5;Auto; ; ; ; ;no;no;Private;0;3;0;3;0;0;0;0;0;3;3;3;0;0;0;4;4;2;2;1;0;2;3;5;5;5;5;4;4;5;5;3;5;5;5;5;5;5;5;5;5;5;5;2;2;2;Fiumicino;Cerveteri;no;0;0;0;0;0;0;4;4;4;5;5;5;5;5;5;5;5; ; ; ; ; ; ; ; ; ; ; ; ; ; ; ; ; ;4;1;4;1;3;1;2;0;4;1;Donna;Female;1991;33; ;Sì;yes; ;Civitavecchia;Laurea (triennale) di primo livello;16;4;3;Prevalentemente pianeggiante;Flat;Sì;Sì;Sì;Sì;Sì;Sì;Sì;Sì;Sì;no;Not Rome
Lavoro;Numero di volte;2;2;Metro; ; ; ; ;yes;yes;Public;5;5;5;4;0;0;0;0;0;0;0;0;0;1;1;4;3;2;2;4;3;3;3;5;1;1;5;5;5;5;5;5;5;5;4;5;4;5;4;5;5;4;4;3;3;3;Roma;Roma;yes;3;0;0;30;0;0;0;0;0;0;0;0;0;0;0;0;0; ; ; ; ; ; ; ; ; ; ; ; ; ; ; ; ; ;2;0;3;1;4;1;1;0;1;0;Donna;Female;1995;29; ;Sì;yes; ;Roma;Media superiore;13;3;3;Prevalentemente pianeggiante;Flat;Sì;No;No;No;No;Sì;No;No;Sì;yes;Rome
Non lavoro e non studio; N/A;1;; ; ; ; ; ;no;no;N/A;0;0;0;0;0;0;0;0;3;3;3;3;3;3;3;3;3;3;3;3;5;5;5;3;3;3;5;5;5;5;5;5;5;5;5;3;3;5;5;3;4;3;3;4;4;4; ; ;yes;5;5;5;30;30;30;4;0;0;4;0;0;4;0;0;0;0;5;5;5;30;30;30;4;0;0;4;0;0;4;0;0;0;0;2;0;3;1;4;1;3;1;3;1;Donna;Female;1988;36;Bracciano;No;no;Romania;Romania;Media superiore;13;5;0;Prevalentemente pianeggiante;Flat;Sì;No;No;No;No;Sì;Sì;Sì;Sì;;
Lavoro;Numero di volte;2;5;Treno; ; ; ; ;yes;yes;Public;5;0;0;2;0;0;0;0;0;0;0;0;0;0;5;5;2;0;0;2;0;3;3;5;5;3;5;5;5;5;5;5;5;5;3;4;4;5;5;5;5;3;3;4;4;4;Roma;Fara in Sabina;no;5;3;3;0;0;0;0;0;0;0;0;0;3;0;0;0;0; ; ; ; ; ; ; ; ; ; ; ; ; ; ; ; ; ;4;1;4;1;4;1;3;1;3;1;Donna;Female;1991;33; ;Sì;yes; ;Roma;Laurea magistrale o successivo;18;5;4;Caratterizzata da forti pendenze;Steep slopes;Sì;Sì;Sì;No;Sì;Sì;Sì;Sì;Sì;no;Not Rome
Lavoro;Numero di volte;2;5;Auto; ; ; ; ;no;no;Private;3;2;2;1;1;1;1;1;1;1;3;3;1;1;1;5;4;1;1;3;0;2;2;4;4;3;3;4;4;4;5;5;3;4;4;4;5;3;4;3;3;4;5;4;3;3;Roma;Roma;yes;2;2;2;0;0;0;1;2;2;1;2;2;2;2;2;1;1; ; ; ; ; ; ; ; ; ; ; ; ; ; ; ; ; ;1;0;3;1;2;0;1;0;2;0;Donna;Female;1993;31; ;Sì;yes; ;Roma;Laurea (triennale) di primo livello;16;3;3;Caratterizzata da piccole salite;Easy climbs;Sì;No;No;No;No;Sì;Sì;No;Sì;yes;Rome
Lavoro;Numero di volte;2;5;Auto; ; ; ; ;no;no;Private;2;2;2;1;0;0;0;0;3;4;4;3;0;0;0;4;4;3;3;3;1;2;2;5;5;5;5;5;3;5;5;5;5;5;3;5;5;5;5;5;5;5;5;1;1;1;Roma;Roma;yes;0;3;3;0;0;0;1;3;3;0;3;3;0;3;3;4;4; ; ; ; ; ; ; ; ; ; ; ; ; ; ; ; ; ;4;1;2;0;1;0;4;1;1;0;Donna;Female;1995;29; ;Sì;yes; ;Catania;Laurea magistrale o successivo;18;3;2;Prevalentemente pianeggiante;Flat;Sì;Sì;Sì;Sì;Sì;Sì;Sì;Sì;Sì;yes;Rome
Lavoro;Numero di volte;2;5;Auto; ; ; ; ;no;no;Private;0;2;4;0;0;0;4;0;0;3;5;2;0;0;0;4;4;0;0;0;0;0;0;5;5;5;5;5;3;5;5;3;5;5;3;5;5;5;5;5;5;3;3;2;2;2;Roma;Roma;yes;0;0;0;0;0;0;3;3;3;0;0;0;0;0;0;0;0; ; ; ; ; ; ; ; ; ; ; ; ; ; ; ; ; ;4;1;3;1;4;1;2;0;1;0;Donna;Female;1991;33; ;Sì;yes; ;Roma;Laurea (triennale) di primo livello;16;3;2;Prevalentemente pianeggiante;Flat;Sì;No;Sì;No;No;Sì;No;No;Sì;yes;Rome
Lavoro;Numero di volte;2;3;Bus/Tram;Metro; ; ; ;yes;yes;Public;5;5;5;5;2;2;2;2;5;5;5;5;3;3;3;5;4;4;4;4;4;4;4;5;5;5;4;4;4;4;4;4;5;5;5;5;4;5;5;5;5;4;5;2;2;2;Roma;Roma;yes;5;5;5;100;100;100;3;3;3;3;3;3;5;3;3;3;3; ; ; ; ; ; ; ; ; ; ; ; ; ; ; ; ; ;3;1;2;0;4;1;2;0;4;1;Donna;Female;1994;30; ;Sì;yes; ;Roma;Media superiore;13;3;5;Prevalentemente pianeggiante;Flat;Sì;No;Sì;No;No;Sì;Sì;Sì;Sì;yes;Rome
Lavoro;0 (Mai, lavoro da casa, sto sempre a casa);3;0; ; ; ; ; ;no;no;N/A;1;1;1;3;0;0;0;3;1;3;3;3;0;0;0;2;0;0;0;2;4;3;3;0;0;0;5;5;2;5;5;5;4;5;4;5;2;4;5;4;5;2;2;4;3;3;Roma;Roma;yes;4;4;4;80;10;10;4;4;4;3;3;3;3;3;3;3;3;4;4;4;80;10;10;4;4;4;3;3;3;3;3;3;3;3;4;1;2;0;4;1;1;0;4;1;Uomo;Male;1989;35;Bracciano;Sì;yes; ;Bracciano;Laurea (triennale) di primo livello;16;3;3;Caratterizzata da piccole salite;Easy climbs;Sì;No;No;No;No;No;No;No;Sì;yes;Rome
Lavoro;Numero di volte;2;6;Bus/Tram; ; ; ; ;yes;yes;Public;0;0;5;2;0;0;0;0;4;4;5;4;0;0;4;4;0;0;0;4;5;5;5;5;5;2;5;5;0;5;5;0;5;5;5;5;5;5;5;5;5;5;5;4;3;3;Roma;Roma;yes;5;5;5;90;0;0;5;5;5;3;3;3;4;4;4;4;4; ; ; ; ; ; ; ; ; ; ; ; ; ; ; ; ; ;4;1;3;1;4;1;4;1;2;0;Donna;Female;1990;34; ;Sì;yes; ;Russia;Media superiore;13;4;3;Prevalentemente pianeggiante;Flat;Sì;No;No;Sì;No;Sì;Sì;Sì;Sì;yes;Rome
Lavoro;Numero di volte;2;5;Moto/scooter; ; ; ; ;no;yes;Private;3;5;3;5;1;1;1;1;3;4;4;3;1;3;3;5;4;2;2;5;2;3;3;5;3;2;4;4;3;4;2;2;2;4;3;4;3;2;4;4;4;3;4;2;2;3;Roma;Roma;yes;2;2;2;10;0;0;2;3;3;0;2;2;0;3;3;2;2; ; ; ; ; ; ; ; ; ; ; ; ; ; ; ; ; ;3;1;4;1;3;1;3;1;1;0;Uomo;Male;1991;33; ;Sì;yes; ;Colleferro;Laurea magistrale o successivo;18;2;3;Prevalentemente pianeggiante;Flat;Sì;Sì;No;No;No;Sì;Sì;Sì;Sì;yes;Rome
Lavoro;Numero di volte;2;5;Auto; ; ; ; ;no;no;Private;0;0;0;0;0;0;0;0;5;4;4;0;0;0;0;4;4;3;3;3;0;0;0;5;5;5;5;5;5;5;5;3;5;5;5;5;5;5;5;5;5;5;2;0;0;0;Pomezia;Pomezia;yes;0;0;0;0;0;0;5;5;4;4;4;4;4;4;4;4;4; ; ; ; ; ; ; ; ; ; ; ; ; ; ; ; ; ;4;1;3;1;1;0;3;1;2;0;Donna;Female;1991;33; ;Sì;yes; ;Roma;Licenza elementare/media inferiore;8;4;0;Prevalentemente pianeggiante;Flat;Sì;No;Sì;No;No;Sì;Sì;No;Sì;yes;Not Rome
Non lavoro e non studio; N/A;1;; ; ; ; ; ;no;no;N/A;3;3;3;3;0;0;0;0;0;0;0;0;0;0;0;0;1;1;1;5;2;2;2;3;3;3;5;5;5;5;5;5;2;2;3;3;1;2;3;3;4;1;2;3;3;3; ; ;yes;3;3;3;50;50;50;3;3;3;3;3;3;3;3;3;3;3;3;3;3;50;50;50;3;3;3;3;3;3;3;3;3;3;3;4;1;4;1;4;1;3;1;3;1;Uomo;Male;1995;29;Roma;Sì;yes; ;Messina;Media superiore;13;3;3;Prevalentemente pianeggiante;Flat;No;Sì;No;No;No;Sì;Sì;Sì;Sì;;
Lavoro;Numero di volte;2;6;Auto; ; ; ; ;no;no;Private;0;0;0;4;0;0;0;0;0;0;0;0;0;0;0;5;5;3;3;0;0;0;0;5;5;5;5;5;5;5;5;5;5;5;5;5;5;5;5;5;5;5;5;1;2;2;Roma;Roma;yes;1;1;1;0;0;0;3;3;3;3;3;3;3;4;4;4;4; ; ; ; ; ; ; ; ; ; ; ; ; ; ; ; ; ;3;1;3;1;1;0;4;1;4;1;Donna;Female;1990;34; ;Sì;yes; ;Taranto;Laurea (triennale) di primo livello;16;0;0;Prevalentemente pianeggiante;Flat;Sì;No;Sì;No;No;Sì;No;Sì;Sì;yes;Rome
Lavoro;Numero di volte;2;7;Auto; ; ; ; ;no;no;Private;5;5;5;5;0;0;0;0;4;4;4;4;2;2;2;3;5;5;5;5;0;0;0;2;2;2;5;5;5;5;5;5;4;4;5;5;5;4;5;5;3;5;5;4;4;4;Roma;Roma;yes;0;0;0;0;0;0;1;1;1;1;1;1;1;1;1;1;1; ; ; ; ; ; ; ; ; ; ; ; ; ; ; ; ; ;1;0;1;0;1;0;1;0;2;0;Donna;Female;1991;33; ;Sì;yes; ;Roma;Media superiore;13;3;5;Caratterizzata da piccole salite;Easy climbs;Sì;No;No;No;No;Sì;Sì;No;Sì;yes;Rome
Lavoro;0 (Mai, lavoro da casa, sto sempre a casa);3;0; ; ; ; ; ;no;no;N/A;0;1;2;2;0;0;0;0;1;1;1;2;0;0;0;4;1;1;1;1;1;3;2;5;5;4;4;3;0;4;4;0;4;5;2;5;4;4;5;5;4;3;4;5;3;3;Roma;Roma;yes;4;0;0;0;0;0;0;0;0;2;0;2;3;0;0;1;1;4;0;0;0;0;0;0;0;0;2;0;2;3;0;0;1;1;4;1;2;0;4;1;1;0;2;0;Uomo;Male;1993;31;Roma;Sì;yes; ;Napoli;Laurea (triennale) di primo livello;16;2;3;Prevalentemente pianeggiante;Flat;Sì;No;No;No;No;Sì;Sì;No;Sì;yes;Rome
Lavoro;Numero di volte;2;5;Auto; ; ; ; ;no;no;Private;2;2;2;2;2;2;2;2;3;3;3;3;3;3;3;3;2;2;2;2;3;3;3;3;3;3;3;3;3;3;3;3;3;3;4;2;3;3;4;2;4;3;4;1;1;1;Roma;Roma;yes;1;1;1;0;0;0;1;1;1;1;1;1;1;1;1;1;1; ; ; ; ; ; ; ; ; ; ; ; ; ; ; ; ; ;4;1;4;1;1;0;4;1;2;0;Donna;Female;1988;36; ;Sì;yes; ;Roma;Media superiore;13;3;3;Caratterizzata da forti pendenze;Steep slopes;Sì;Sì;Sì;No;No;Sì;No;No;Sì;yes;Rome
Lavoro;Numero di volte;2;5;Auto; ; ; ; ;no;no;Private;5;5;5;0;0;0;0;0;5;5;5;3;0;0;0;5;2;3;2;0;0;2;2;5;5;4;5;5;5;5;5;5;5;5;5;5;5;5;5;5;5;5;5;0;0;0;Colleferro;Colleferro;yes;5;5;5;0;0;0;5;5;5;5;5;5;5;5;5;5;5; ; ; ; ; ; ; ; ; ; ; ; ; ; ; ; ; ;2;0;3;1;4;1;4;1;2;0;Donna;Female;1988;36; ;Sì;yes; ;Anzio;Laurea (triennale) di primo livello;16;1;1;Caratterizzata da piccole salite;Easy climbs;Sì;No;Sì;No;No;Sì;Sì;Sì;Sì;yes;Not Rome
Non lavoro e non studio; N/A;1;; ; ; ; ; ;no;no;N/A;5;5;5;5;0;0;0;0;5;5;5;5;2;2;2;2;4;4;4;4;2;2;2;4;4;4;4;4;4;4;4;4;4;3;5;4;4;4;5;4;3;4;4;2;2;2; ; ;yes;1;1;1;0;0;0;3;3;3;1;1;1;2;0;0;0;0;1;1;1;0;0;0;3;3;3;1;1;1;2;0;0;0;0;4;1;4;1;1;0;2;0;2;0;Uomo;Male;1997;27;Roma;Sì;yes; ;Roma;Media superiore;13;2;0;Prevalentemente pianeggiante;Flat;Sì;No;Sì;No;No;Sì;Sì;No;Sì;;
Sono uno studente e lavoro;Numero di volte;2;5;Bus/Tram; ; ; ; ;yes;yes;Public;0;4;5;0;0;0;0;0;1;1;5;2;0;0;0;5;4;4;4;2;0;0;4;5;5;5;5;3;2;5;5;2;5;5;5;5;4;5;5;4;5;2;2;4;3;4;Anzio;Anzio;yes;5;5;2;100;0;0;5;5;0;0;0;0;5;5;5;5;5; ; ; ; ; ; ; ; ; ; ; ; ; ; ; ; ; ;4;1;3;1;4;1;1;0;4;1;Donna;Female;1998;26; ;Sì;yes; ;Roma;Laurea (triennale) di primo livello;16;3;3;Prevalentemente pianeggiante;Flat;No;No;Sì;Sì;Sì;Sì;Sì;Sì;No;yes;Not Rome
Non lavoro e non studio; N/A;1;; ; ; ; ; ;no;no;N/A;0;0;5;3;0;0;0;0;3;3;3;3;0;0;0;5;1;1;0;4;4;4;4;5;5;5;5;5;2;5;5;2;5;5;5;5;5;5;5;5;5;5;5;3;2;2; ; ;yes;5;3;2;90;0;0;5;5;5;3;3;3;5;4;4;2;2;5;3;2;90;0;0;5;5;5;3;3;3;5;4;4;2;2;4;1;4;1;4;1;3;1;4;1;Donna;Female;1993;31;Roma;Sì;yes; ;Roma;Laurea magistrale o successivo;18;4;5;Prevalentemente pianeggiante;Flat;Sì;No;Sì;No;No;Sì;No;No;Sì;;
Lavoro;Numero di volte;2;5;Auto; ; ; ; ;no;no;Private;5;5;5;0;0;0;0;0;4;4;4;0;0;0;0;4;5;5;5;0;5;5;5;5;5;5;5;5;5;5;5;5;5;5;5;5;5;5;5;5;5;5;3;0;0;0;Guidonia;Guidonia;yes;0;0;0;0;0;0;3;3;3;0;0;0;0;0;0;0;0; ; ; ; ; ; ; ; ; ; ; ; ; ; ; ; ; ;4;1;3;1;4;1;3;1;1;0;Donna;Female;1997;27; ;Sì;yes; ;Roma;Media superiore;13;3;0;Caratterizzata da piccole salite;Easy climbs;Sì;No;Sì;Sì;Sì;Sì;Sì;No;Sì;yes;Not Rome
Lavoro;Numero di volte;2;6;Auto; ; ; ; ;no;no;Private;4;4;5;2;0;0;0;0;5;5;5;4;0;1;1;4;0;0;0;1;5;5;5;5;5;5;5;5;5;5;5;5;5;5;5;5;5;5;5;5;5;5;5;2;4;4;Latina;Aprilia;no;1;1;1;0;0;0;0;0;0;0;0;0;0;0;0;0;0; ; ; ; ; ; ; ; ; ; ; ; ; ; ; ; ; ;1;0;3;1;1;0;1;0;3;1;Donna;Female;1992;32; ;Sì;yes; ;Roma;Media superiore;13;4;1;Prevalentemente pianeggiante;Flat;Sì;Sì;Sì;Sì;Sì;Sì;No;No;Sì;no;Not Rome
Lavoro e studio;Numero di volte;2;6;Vado a piedi; ; ; ; ;yes;yes;VRU;0;0;0;0;0;0;0;0;0;0;2;2;0;0;0;3;2;2;2;4;2;2;2;5;5;5;5;5;5;5;5;5;5;5;5;5;5;5;5;5;5;5;5;4;4;4;Rossano;Roma;no;5;5;5;0;0;0;2;5;5;5;5;5;5;5;5;5;5; ; ; ; ; ; ; ; ; ; ; ; ; ; ; ; ; ;4;1;4;1;4;1;4;1;4;1;Donna;Female;1990;34; ;Sì;yes; ;Rossano;Laurea (triennale) di primo livello;16;3;4;Prevalentemente pianeggiante;Flat;Sì;No;Sì;Sì;Sì;Sì;Sì;Sì;Sì;no;Rome
Non lavoro e non studio; N/A;1;; ; ; ; ; ;no;no;N/A;0;0;5;0;0;0;0;0;0;3;4;1;0;0;0;4;2;1;2;0;0;2;3;4;2;1;4;5;3;5;5;3;3;3;4;3;4;3;3;4;4;4;5;4;3;1; ; ;yes;4;1;0;50;0;0;3;1;0;3;1;0;3;1;0;1;0;4;1;0;50;0;0;3;1;0;3;1;0;3;1;0;1;0;2;0;2;0;2;0;2;0;3;1;Donna;Female;1989;35;Roma;Sì;yes; ;Roma;Media superiore;13;3;4;Prevalentemente pianeggiante;Flat;Sì;No;Sì;No;No;Sì;Sì;No;Sì;;
Lavoro;Numero di volte;2;6;Auto; ; ; ; ;no;no;Private;1;1;5;2;0;0;0;0;3;3;3;3;0;0;0;3;0;0;0;0;0;0;0;5;5;5;5;5;5;5;5;5;5;5;5;5;5;5;5;5;5;5;5;4;1;1;Aprilia;Albano Laziale;no;1;0;0;0;0;0;5;5;0;5;5;0;5;5;0;5;0; ; ; ; ; ; ; ; ; ; ; ; ; ; ; ; ; ;4;1;4;1;2;0;4;1;2;0;Donna;Female;1991;33; ;Sì;yes; ;Genzano di Roma;Media superiore;13;2;2;Prevalentemente pianeggiante;Flat;Sì;No;Sì;Sì;Sì;Sì;Sì;Sì;Sì;no;Not Rome
Lavoro;Numero di volte;2;5;Auto;Metro; ; ; ;yes;yes;Public;0;0;5;5;0;0;0;4;1;5;5;5;0;0;0;5;5;1;1;1;0;1;1;5;5;5;4;4;4;4;4;4;3;5;3;4;3;5;5;5;5;3;0;5;5;5;Roma;Roma;yes;5;0;0;100;0;0;5;4;2;5;3;4;5;1;1;0;0; ; ; ; ; ; ; ; ; ; ; ; ; ; ; ; ; ;4;1;4;1;3;1;2;0;4;1;Uomo;Male;1997;27; ;Sì;yes; ;Roma;Laurea magistrale o successivo;18;5;4;Prevalentemente pianeggiante;Flat;Sì;No;Sì;No;No;Sì;Sì;Sì;Sì;yes;Rome
Lavoro;Numero di volte;2;6;Auto; ; ; ; ;no;no;Private;0;0;0;3;0;0;0;0;0;5;5;0;0;0;0;4;3;3;3;0;0;0;0;4;4;4;5;5;5;5;5;5;5;5;3;5;5;5;5;5;5;5;5;0;0;0;Roma;Roma;yes;0;0;0;0;0;0;0;0;0;0;0;0;1;0;0;0;0; ; ; ; ; ; ; ; ; ; ; ; ; ; ; ; ; ;2;0;1;0;2;0;1;0;1;0;Donna;Female;1999;25; ;Sì;yes; ;Roma;Media superiore;13;4;2;Prevalentemente pianeggiante;Flat;Sì;No;Sì;No;No;Sì;No;Sì;Sì;yes;Rome
Lavoro;Numero di volte;2;6;Bus/Tram;Metro; ; ; ;yes;yes;Public;2;2;2;2;0;0;0;0;1;1;1;1;0;0;0;2;4;4;4;4;5;5;5;5;5;5;5;5;5;5;5;5;5;5;3;5;5;5;5;5;5;5;5;5;4;4;Roma;Roma;yes;2;3;3;0;0;0;0;4;4;0;4;4;0;4;4;5;5; ; ; ; ; ; ; ; ; ; ; ; ; ; ; ; ; ;4;1;4;1;4;1;4;1;3;1;Donna;Female;2000;24; ;Sì;yes; ;Roma;Media superiore;13;2;5;Prevalentemente pianeggiante;Flat;No;No;Sì;Sì;Sì;Sì;Sì;Sì;No;yes;Rome
Lavoro;Numero di volte;2;5;Auto; ; ; ; ;no;no;Private;5;5;5;1;1;1;1;1;5;5;5;1;1;1;1;2;5;5;5;5;1;1;1;5;5;5;4;4;4;5;5;5;2;3;1;5;5;2;3;1;5;5;5;3;3;3;Fiumicino;Fiumicino;yes;4;4;4;0;0;0;1;1;1;1;1;1;1;1;1;1;1; ; ; ; ; ; ; ; ; ; ; ; ; ; ; ; ; ;1;0;3;1;4;1;2;0;3;1;Donna;Female;1988;36; ;Sì;yes; ;Avezzano;Media superiore;13;4;3;Prevalentemente pianeggiante;Flat;Sì;No;Sì;No;No;Sì;No;No;Sì;yes;Not Rome
Lavoro;Numero di volte;2;5;Auto; ; ; ; ;no;no;Private;5;5;5;2;0;0;0;0;5;5;5;3;0;0;0;5;5;5;5;5;0;5;5;5;5;5;5;5;5;5;5;5;5;5;5;5;5;5;5;5;5;5;5;5;5;5;Roma;Roma;yes;5;5;5;1;1;1;5;5;5;5;5;5;5;5;5;5;5; ; ; ; ; ; ; ; ; ; ; ; ; ; ; ; ; ;4;1;1;0;2;0;3;1;3;1;Uomo;Male;1993;31; ;Sì;yes; ;Foggia;Laurea (triennale) di primo livello;16;4;2;Prevalentemente pianeggiante;Flat;Sì;No;Sì;No;No;Sì;Sì;No;Sì;yes;Rome
Non lavoro e non studio; N/A;1;; ; ; ; ; ;no;no;N/A;0;0;0;4;0;0;0;0;0;0;0;0;0;0;0;5;0;0;0;0;3;4;4;5;5;5;5;5;5;5;5;5;5;5;5;5;5;5;5;5;5;5;3;3;3;3; ; ;yes;3;3;3;70;50;50;5;5;5;5;5;5;5;5;5;5;5;3;3;3;70;50;50;5;5;5;5;5;5;5;5;5;5;5;4;1;4;1;4;1;4;1;4;1;Donna;Female;1994;30;Roma;Sì;yes; ;L'Aquila;Media superiore;13;1;3;Caratterizzata da forti pendenze;Steep slopes;Sì;No;Sì;No;No;Sì;No;No;Sì;;
Lavoro;Numero di volte;2;5;Auto; ; ; ; ;no;no;Private;3;2;2;5;0;0;0;0;3;3;3;3;0;2;2;4;2;4;4;4;2;3;3;4;3;3;5;5;5;5;5;5;4;5;4;4;5;4;4;4;5;5;3;3;5;5;Roma;Roma;yes;0;0;0;0;0;0;0;0;0;0;0;0;0;0;0;0;0; ; ; ; ; ; ; ; ; ; ; ; ; ; ; ; ; ;2;0;4;1;3;1;1;0;2;0;Donna;Female;1997;27; ;Sì;yes; ;Roma;Laurea (triennale) di primo livello;16;1;5;Prevalentemente pianeggiante;Flat;Sì;Sì;Sì;No;No;No;Sì;No;Sì;yes;Rome
Lavoro;Numero di volte;2;5;Bus/Tram; ; ; ; ;yes;yes;Public;0;2;2;3;0;0;0;1;2;2;2;2;0;1;1;3;2;1;1;3;0;2;2;5;4;4;4;5;5;5;5;5;5;5;5;4;3;5;5;4;5;4;2;4;2;2;Roma;Roma;yes;4;2;2;100;60;60;4;5;3;5;4;3;5;3;3;3;3; ; ; ; ; ; ; ; ; ; ; ; ; ; ; ; ; ;4;1;4;1;4;1;2;0;3;1;Donna;Female;1990;34; ;Sì;yes; ;Roma;Laurea magistrale o successivo;18;5;5;Caratterizzata da piccole salite;Easy climbs;Sì;No;Sì;No;No;Sì;No;No;No;yes;Rome
Lavoro;Numero di volte;2;5;Auto;Bus/Tram; ; ; ;yes;yes;Public;5;5;5;0;0;0;0;0;5;0;0;0;0;0;0;4;5;5;5;0;0;0;0;5;5;5;5;5;5;5;5;5;4;1;4;2;2;4;4;2;4;2;1;0;0;0;Roma;Guidonia;no;0;0;0;0;0;0;0;0;0;0;0;0;0;0;0;0;0; ; ; ; ; ; ; ; ; ; ; ; ; ; ; ; ; ;4;1;4;1;2;0;1;0;3;1;Uomo;Male;1989;35; ;Sì;yes; ;Roma;Laurea (triennale) di primo livello;16;4;3;Prevalentemente pianeggiante;Flat;Sì;No;No;No;No;No;No;No;Sì;no;Not Rome
Non lavoro e non studio; N/A;1;; ; ; ; ; ;no;no;N/A;0;0;0;5;0;0;0;0;0;0;0;0;0;0;0;5;3;0;0;3;0;5;5;5;5;5;5;5;5;5;5;5;5;5;5;3;3;5;5;5;5;0;1;3;3;3; ; ;yes;3;3;3;80;80;20;4;4;3;4;4;4;5;5;5;5;5;3;3;3;80;80;20;4;4;3;4;4;4;5;5;5;5;5;4;1;4;1;4;1;4;1;2;0;Donna;Female;1992;32;Roma;Sì;yes; ;Roma;Media superiore;13;3;5;Prevalentemente pianeggiante;Flat;Sì;Sì;Sì;Sì;No;Sì;No;Sì;Sì;;
Lavoro;Numero di volte;2;3;Auto; ; ; ; ;no;no;Private;3;1;2;5;1;1;1;1;5;5;5;1;1;1;1;3;3;3;3;3;3;3;3;5;5;5;4;4;4;5;5;5;4;4;5;5;5;4;4;5;5;5;5;2;1;2;Roma;Roma;yes;1;1;1;0;0;0;3;1;2;1;1;1;1;1;1;1;1; ; ; ; ; ; ; ; ; ; ; ; ; ; ; ; ; ;4;1;2;0;4;1;2;0;2;0;Donna;Female;1993;31; ;Sì;yes; ;Roma;Laurea (triennale) di primo livello;16;4;3;Caratterizzata da piccole salite;Easy climbs;Sì;No;No;No;No;Sì;No;No;Sì;yes;Rome
Sono uno studente;Numero di volte;2;1;Auto;Treno; ; ; ;yes;yes;Public;3;3;5;0;0;0;3;0;4;0;4;4;0;0;0;5;3;0;3;0;3;0;0;5;5;5;5;5;5;5;5;5;1;2;4;3;4;3;3;4;4;4;5;4;2;2;Bracciano;Cerveteri;no;2;1;1;20;0;0;1;1;1;1;1;1;1;1;1;1;1; ; ; ; ; ; ; ; ; ; ; ; ; ; ; ; ; ;2;0;2;0;2;0;1;0;2;0;Donna;Female;2002;22; ;Sì;yes; ;Cerveteri;Laurea (triennale) di primo livello;16;4;4;Prevalentemente pianeggiante;Flat;Sì;No;No;No;No;Sì;No;No;Sì;no;Not Rome
Lavoro;Numero di volte;2;1;Treno; ; ; ; ;yes;yes;Public;1;1;1;3;1;1;1;1;5;5;5;3;1;1;1;1;1;1;1;5;5;5;5;5;5;5;5;5;5;5;5;5;5;5;5;5;5;4;4;4;4;4;4;4;4;4;Roma;Roma;yes;5;5;5;0;0;0;5;5;5;5;5;5;5;5;5;5;5; ; ; ; ; ; ; ; ; ; ; ; ; ; ; ; ; ;4;1;2;0;4;1;4;1;4;1;Donna;Female;1993;31; ;Sì;yes; ;Brindisi;Laurea magistrale o successivo;18;5;5;Prevalentemente pianeggiante;Flat;Sì;No;No;No;No;Sì;Sì;No;Sì;yes;Rome
Lavoro;Numero di volte;2;5;Auto; ; ; ; ;no;no;Private;3;3;3;3;0;0;0;0;3;4;4;0;0;0;0;3;5;5;5;0;0;0;0;5;5;5;5;5;5;5;5;5;5;5;5;5;5;5;5;5;5;5;5;0;0;0;Pomezia;Roma;no;0;0;0;0;0;0;0;3;3;0;0;0;0;0;0;0;0; ; ; ; ; ; ; ; ; ; ; ; ; ; ; ; ; ;1;0;3;1;1;0;3;1;1;0;Uomo;Male;1994;30; ;Sì;yes; ;Roma;Media superiore;13;2;0;Prevalentemente pianeggiante;Flat;Sì;Sì;Sì;No;No;Sì;Sì;Sì;Sì;no;Rome
Sono uno studente;0 (Mai, lavoro da casa, sto sempre a casa);3;0; ; ; ; ; ;no;no;N/A;3;3;3;3;1;1;1;1;5;5;5;5;0;0;0;4;1;1;1;1;2;2;2;5;5;5;5;5;5;5;5;5;4;5;3;4;5;4;3;4;4;5;3;0;0;0;Monterotondo;Roma;no;0;0;0;0;0;0;0;0;0;0;0;0;0;0;0;0;0;0;0;0;0;0;0;0;0;0;0;0;0;0;0;0;0;0;3;1;3;1;3;1;3;1;3;1;Donna;Female;1998;26;Roma;Sì;yes; ;Monterotondo;Laurea (triennale) di primo livello;16;3;0;Prevalentemente pianeggiante;Flat;Sì;No;Sì;No;No;Sì;Sì;Sì;Sì;no;Rome
Lavoro;Numero di volte;2;7;Metro; ; ; ; ;yes;yes;Public;5;5;5;5;0;0;0;0;5;5;5;3;0;0;0;5;5;0;0;5;0;0;0;5;5;5;5;5;5;5;5;5;5;5;5;5;5;5;5;5;5;5;5;2;2;2;Roma;Roma;yes;1;1;1;0;0;0;4;4;4;4;4;4;4;4;4;4;4; ; ; ; ; ; ; ; ; ; ; ; ; ; ; ; ; ;2;0;3;1;2;0;2;0;3;1;Donna;Female;1991;33; ;Sì;yes; ;Roma;Media superiore;13;1;1;Prevalentemente pianeggiante;Flat;Sì;No;Sì;No;No;Sì;No;No;Sì;yes;Rome
Lavoro;Numero di volte;2;5;Auto; ; ; ; ;no;no;Private;0;5;5;3;1;1;1;3;1;4;4;3;1;2;2;4;3;3;3;3;1;3;3;5;5;5;5;5;5;5;5;5;4;4;5;4;4;4;4;5;4;4;5;3;0;0;Roma;Roma;yes;5;1;1;0;0;0;5;3;3;5;3;3;3;3;3;3;3; ; ; ; ; ; ; ; ; ; ; ; ; ; ; ; ; ;4;1;4;1;2;0;3;1;3;1;Donna;Female;1990;34; ;Sì;yes; ;Tivoli;Laurea (triennale) di primo livello;16;3;4;Prevalentemente pianeggiante;Flat;Sì;No;Sì;No;No;Sì;Sì;Sì;Sì;yes;Rome
Non lavoro e non studio; N/A;1;; ; ; ; ; ;no;no;N/A;1;2;3;2;0;0;3;0;2;5;5;4;0;1;1;4;0;0;0;1;2;3;3;5;4;4;5;4;3;5;4;3;5;4;5;3;3;4;4;3;5;3;3;4;2;2; ; ;yes;4;2;2;70;10;0;5;3;3;5;3;3;5;3;3;3;3;4;2;2;70;10;0;5;3;3;5;3;3;5;3;3;3;3;4;1;4;1;4;1;2;0;3;1;Uomo;Male;1996;28;Roma;Sì;yes; ;Roma;Media superiore;13;2;2;Prevalentemente pianeggiante;Flat;Sì;No;Sì;No;No;Sì;No;No;Sì;;
Lavoro;Numero di volte;2;5;Auto; ; ; ; ;no;no;Private;3;5;5;3;0;0;0;0;3;5;5;3;0;0;0;3;3;0;0;3;5;3;3;5;5;5;5;5;5;5;5;5;5;5;5;5;5;5;5;5;5;5;5;2;0;0;Fonte Nuova;Fonte Nuova;yes;5;5;5;0;0;0;0;0;0;0;0;0;0;0;0;0;0; ; ; ; ; ; ; ; ; ; ; ; ; ; ; ; ; ;3;1;4;1;3;1;2;0;2;0;Donna;Female;1990;34; ;Sì;yes; ;Monterotondo;Media superiore;13;3;3;Caratterizzata da forti pendenze;Steep slopes;Sì;No;Sì;No;No;Sì;Sì;No;Sì;yes;Not Rome
Non lavoro e non studio; N/A;1;; ; ; ; ; ;no;no;N/A;5;3;0;5;1;1;1;1;5;5;5;5;1;1;1;1;2;2;2;2;5;5;5;5;5;5;5;5;5;5;5;5;5;5;5;5;5;5;5;5;5;5;5;3;3;3; ; ;yes;1;1;1;0;0;0;1;1;1;1;1;1;1;1;1;1;1;1;1;1;0;0;0;1;1;1;1;1;1;1;1;1;1;1;1;0;1;0;1;0;1;0;3;1;Donna;Female;1990;34;Roma;Sì;yes; ;Roma;Media superiore;13;4;4;Prevalentemente pianeggiante;Flat;Sì;No;No;No;No;No;No;No;Sì;;
Non lavoro e non studio; N/A;1; ; ; ; ; ; ;no;no;N/A;1;5;5;5;0;0;0;0;3;5;5;3;0;1;3;5;1;1;2;2;1;2;1;5;4;4;5;5;4;5;5;4;5;4;4;4;5;4;5;5;4;3;3;3;2;2; ; ;yes;5;3;3;80;30;0;5;5;5;5;5;5;5;5;5;4;5;5;3;3;80;30;0;5;5;5;5;5;5;5;5;5;4;5;4;1;3;1;4;1;3;1;3;1;Donna;Female;1990;34;Roma;Sì;yes; ;Roma;Laurea magistrale o successivo;18;3;2;Caratterizzata da piccole salite;Easy climbs;Sì;No;Sì;No;No;Sì;No;Sì;Sì;;
Lavoro;Numero di volte;2;4;Auto; ; ; ; ;no;no;Private;3;0;0;2;0;0;0;2;0;2;2;5;0;0;0;4;2;1;1;0;0;3;3;5;5;5;5;5;5;5;5;5;3;4;4;5;5;3;4;4;5;5;5;4;2;2;Roma;Roma;yes;2;3;3;30;40;40;3;4;4;4;3;3;3;4;4;4;4; ; ; ; ; ; ; ; ; ; ; ; ; ; ; ; ; ;2;0;3;1;4;1;4;1;4;1;Donna;Female;1992;32; ;Sì;yes; ;Roma;Laurea (triennale) di primo livello;16;3;4;Caratterizzata da piccole salite;Easy climbs;Sì;No;Sì;No;No;Sì;No;No;Sì;yes;Rome
Lavoro;Numero di volte;2;3;Auto; ; ; ; ;no;no;Private;2;2;2;2;0;0;0;0;0;0;0;0;3;3;3;3;0;0;0;0;2;2;2;5;5;5;4;4;4;4;4;4;5;5;5;5;0;5;5;5;5;0;3;0;0;0;Roma;Roma;yes;0;0;0;0;0;0;0;0;0;0;0;0;0;0;0;0;0; ; ; ; ; ; ; ; ; ; ; ; ; ; ; ; ; ;3;1;3;1;2;0;3;1;2;0;Uomo;Male;1988;36; ;Sì;yes; ;Roma;Laurea magistrale o successivo;18;3;5;Caratterizzata da piccole salite;Easy climbs;Sì;No;No;No;No;Sì;Sì;Sì;Sì;yes;Rome
Lavoro;Numero di volte;2;7;Auto;Moto/scooter; ; ; ;no;yes;Private;0;0;0;0;0;0;0;0;4;4;4;2;0;0;0;5;0;0;0;4;0;2;2;5;5;5;5;5;5;5;5;5;4;4;3;3;4;4;4;4;5;4;3;1;1;1;Roma;Roma;yes;1;1;1;0;0;0;0;0;0;0;0;0;0;0;0;0;0; ; ; ; ; ; ; ; ; ; ; ; ; ; ; ; ; ;4;1;3;1;1;0;1;0;1;0;Uomo;Male;1989;35; ;Sì;yes; ;Roma;Media superiore;13;4;5;Prevalentemente pianeggiante;Flat;Sì;Sì;No;No;No;Sì;Sì;Sì;Sì;yes;Rome
Lavoro;Numero di volte;2;6;Auto; ; ; ; ;no;no;Private;4;4;4;1;5;5;5;0;3;3;3;1;0;0;0;5;5;5;5;0;0;0;0;5;5;5;5;5;5;5;5;5;0;5;5;5;5;0;5;5;5;5;2;5;5;5;Roma;Roma;yes;3;3;3;0;0;0;5;5;5;5;5;5;2;4;4;4;4; ; ; ; ; ; ; ; ; ; ; ; ; ; ; ; ; ;1;0;4;1;4;1;4;1;4;1;Uomo;Male;1996;28; ;Sì;yes; ;Roma;Media superiore;13;4;3;Caratterizzata da forti pendenze;Steep slopes;Sì;Sì;No;No;No;Sì;Sì;Sì;Sì;yes;Rome
Lavoro;Numero di volte;2;5;Auto; ; ; ; ;no;no;Private;0;0;0;0;0;0;0;0;5;5;5;5;5;5;5;5;5;5;5;5;5;5;5;5;5;5;5;5;5;5;5;5;5;5;5;5;5;5;5;5;3;5;5;5;5;5;Fiumicino;Roma;no;0;0;0;0;0;0;5;5;5;0;0;0;0;0;0;0;0; ; ; ; ; ; ; ; ; ; ; ; ; ; ; ; ; ;4;1;4;1;4;1;4;1;4;1;Uomo;Male;1994;30; ;Sì;yes; ;Vibo Valentia;Media superiore;13;0;5;Prevalentemente pianeggiante;Flat;Sì;No;No;No;No;Sì;Sì;Sì;Sì;no;Rome
Lavoro;Numero di volte;2;5;Moto/scooter; ; ; ; ;no;yes;Private;0;5;5;4;0;0;5;0;2;5;5;1;0;0;0;5;5;2;2;4;0;2;3;5;5;4;5;5;0;5;5;0;4;5;4;5;2;4;5;4;5;3;3;2;3;0;Roma;Roma;yes;2;0;0;20;0;0;3;0;0;3;0;0;3;0;0;0;0; ; ; ; ; ; ; ; ; ; ; ; ; ; ; ; ; ;3;1;2;0;3;1;2;0;2;0;Uomo;Male;1999;25; ;Sì;yes; ;Pompei;Laurea magistrale o successivo;18;4;2;Caratterizzata da piccole salite;Easy climbs;Sì;Sì;Sì;No;No;Sì;No;Sì;Sì;yes;Rome
Lavoro;Numero di volte;2;5;Auto;Bus/Tram; ; ; ;yes;yes;Public;0;0;0;2;0;0;0;0;4;5;5;1;0;3;3;4;4;4;4;4;0;0;0;5;4;4;5;1;1;5;5;3;5;5;5;5;5;5;5;5;5;5;5;2;1;1;Roma;Roma;yes;5;5;4;0;0;0;5;5;3;3;3;3;4;4;4;4;4; ; ; ; ; ; ; ; ; ; ; ; ; ; ; ; ; ;3;1;3;1;1;0;4;1;2;0;Donna;Female;1994;30; ;Sì;yes; ;Grottaglie;Laurea (triennale) di primo livello;16;3;3;Prevalentemente pianeggiante;Flat;Sì;No;Sì;No;No;Sì;Sì;Sì;Sì;yes;Rome
Lavoro;Numero di volte;2;6;Auto; ; ; ; ;no;no;Private;3;3;3;3;0;0;0;0;2;2;2;2;3;3;3;3;2;2;2;2;3;3;3;2;2;2;5;5;5;5;5;5;4;4;4;3;4;4;4;3;3;4;2;3;3;3;Ardea;Ardea;yes;0;0;0;0;0;0;0;0;0;0;0;0;0;0;0;0;0; ; ; ; ; ; ; ; ; ; ; ; ; ; ; ; ; ;1;0;3;1;1;0;3;1;3;1;Donna;Female;1990;34; ;Sì;yes; ;Roma;Media superiore;13;3;2;Caratterizzata da piccole salite;Easy climbs;Sì;No;Sì;No;No;Sì;Sì;No;Sì;yes;Not Rome
Lavoro;0 (Mai, lavoro da casa, sto sempre a casa);3;0; ; ; ; ; ;no;no;N/A;5;0;0;3;0;0;0;4;1;4;4;4;0;0;2;4;4;0;0;4;2;5;5;5;5;5;5;5;3;5;5;3;4;4;0;5;3;5;5;5;2;2;4;3;5;5;Roma;Roma;yes;1;1;1;0;0;0;1;1;1;1;1;1;1;1;1;1;1;2;5;5;100;0;0;2;5;5;3;5;5;2;5;5;5;5;4;1;2;0;4;1;4;1;2;0;Uomo;Male;1997;27;Roma;Sì;yes; ;Bologna;Laurea magistrale o successivo;18;4;5;Prevalentemente pianeggiante;Flat;Sì;No;Sì;No;Sì;Sì;Sì;Sì;Sì;yes;Rome
Lavoro;Numero di volte;2;0;Auto;Moto/scooter; ; ; ;no;yes;Private;3;1;1;5;1;1;1;1;1;1;1;3;0;0;0;4;5;5;5;5;1;1;1;5;5;5;5;5;5;5;5;5;4;4;4;4;3;5;5;5;5;5;5;2;2;2;Roma;Roma;yes;5;3;3;80;30;0;5;5;5;5;5;5;5;5;5;4;5; ; ; ; ; ; ; ; ; ; ; ; ; ; ; ; ; ;4;1;4;1;3;1;3;1;1;0;Uomo;Male;1988;36; ;Sì;yes; ;Roma;Media superiore;13;2;3;Caratterizzata da forti pendenze;Steep slopes;Sì;Sì;No;No;No;Sì;No;No;Sì;yes;Rome
Lavoro;Numero di volte;2;0;Auto; ; ; ; ;no;no;Private;1;0;0;3;3;5;1;3;3;4;5;2;3;2;1;5;5;5;5;2;1;1;1;4;4;4;4;4;4;5;4;1;2;2;2;2;2;5;5;5;5;2;2;3;3;3;Roma;Roma;yes;1;1;1;0;0;0;1;1;1;1;1;1;1;1;1;1;1; ; ; ; ; ; ; ; ; ; ; ; ; ; ; ; ; ;1;0;3;1;4;1;1;0;3;1;Uomo;Male;1998;26; ;Sì;yes; ;Roma;Laurea magistrale o successivo;18;4;2;Caratterizzata da piccole salite;Easy climbs;Sì;Sì;No;No;No;Sì;No;No;Sì;yes;Rome
Lavoro;Numero di volte;2;6;Vado a piedi; ; ; ; ;yes;yes;VRU;5;5;5;5;0;0;0;0;5;5;5;5;0;0;0;3;3;0;0;0;0;3;3;5;5;5;5;5;5;5;5;5;5;5;5;5;5;5;5;5;5;2;2;0;0;0;Bracciano;Bracciano;yes;3;0;0;100;0;0;4;0;0;4;0;0;4;0;0;0;0; ; ; ; ; ; ; ; ; ; ; ; ; ; ; ; ; ;4;1;3;1;4;1;1;0;3;1;Donna;Female;1989;35; ;Sì;yes; ;Bracciano;Media superiore;13;5;1;Caratterizzata da piccole salite;Easy climbs;Sì;No;Sì;Sì;Sì;Sì;Sì;No;Sì;yes;Not Rome
Lavoro;Numero di volte;2;2;Auto; ; ; ; ;no;no;Private;0;4;4;0;0;0;0;0;1;5;5;4;0;0;0;5;2;2;2;5;4;3;3;5;4;4;5;4;3;5;5;3;5;4;4;3;4;5;5;4;5;3;4;4;2;2;Roma;Roma;yes;3;0;0;0;0;0;3;0;0;4;0;0;3;0;0;0;0; ; ; ; ; ; ; ; ; ; ; ; ; ; ; ; ; ;2;0;4;1;1;0;1;0;1;0;Donna;Female;1993;31; ;Sì;yes; ;Roma;Media superiore;13;5;5;Prevalentemente pianeggiante;Flat;Sì;No;Sì;No;No;Sì;Sì;No;Sì;yes;Rome
Lavoro;Numero di volte;2;2;Auto;Metro; ; ; ;yes;yes;Public;1;1;1;3;0;0;0;0;4;4;5;3;0;0;0;4;0;0;0;3;3;3;3;5;5;5;5;5;5;5;5;5;3;5;2;3;5;4;4;5;5;5;5;3;0;0;Roma;Roma;yes;2;1;1;10;0;0;1;0;0;1;0;0;1;0;0;0;0; ; ; ; ; ; ; ; ; ; ; ; ; ; ; ; ; ;2;0;3;1;2;0;2;0;2;0;Donna;Female;1991;33; ;Sì;yes; ;Roma;Laurea (triennale) di primo livello;16;4;4;Caratterizzata da piccole salite;Easy climbs;Sì;No;Sì;No;Sì;Sì;No;No;Sì;yes;Rome
Lavoro;Numero di volte;2;3;Auto; ; ; ; ;no;no;Private;1;2;5;3;1;1;1;1;5;5;5;5;1;1;1;1;4;3;3;1;1;1;1;4;4;4;5;5;5;5;5;5;5;5;5;5;5;5;5;5;5;4;2;1;1;1;Roma;Rieti;no;1;1;1;0;0;0;1;1;1;1;1;1;1;1;1;1;1; ; ; ; ; ; ; ; ; ; ; ; ; ; ; ; ; ;3;1;4;1;3;1;3;1;3;1;Uomo;Male;1998;26; ;Sì;yes; ;Roma;Laurea magistrale o successivo;18;3;3;Caratterizzata da piccole salite;Easy climbs;Sì;Sì;Sì;No;No;Sì;Sì;No;Sì;no;Not Rome
Non lavoro e non studio; N/A;1; ; ; ; ; ; ;no;no;N/A;0;0;0;0;0;0;0;0;1;1;1;2;0;0;0;5;2;2;2;2;0;3;3;5;5;5;5;5;5;5;5;5;5;5;4;5;5;5;5;4;5;5;4;4;4;4; ; ;yes;5;5;5;100;0;0;5;5;5;5;5;5;5;5;5;5;5;5;5;5;100;0;0;5;5;5;5;5;5;5;5;5;5;5;4;1;4;1;4;1;2;0;4;1;Donna;Female;1991;33;Guidonia;Sì;yes; ;Moldavia;Licenza elementare/media inferiore;8;3;4;Prevalentemente pianeggiante;Flat;Sì;No;No;No;No;Sì;Sì;No;No;;
Lavoro;Numero di volte;2;6;Auto; ; ; ; ;no;no;Private;0;0;0;0;0;0;0;0;3;3;3;3;3;3;3;3;4;4;4;4;1;1;1;5;5;5;4;4;4;4;4;4;4;4;5;4;3;4;5;4;5;3;3;3;3;3;Palestrina;Palestrina;yes;0;0;0;0;0;0;0;0;0;0;0;0;0;0;0;0;0; ; ; ; ; ; ; ; ; ; ; ; ; ; ; ; ; ;4;1;4;1;4;1;1;0;2;0;Uomo;Male;1989;35; ;Sì;yes; ;Roma;Laurea magistrale o successivo;18;4;3;Prevalentemente pianeggiante;Flat;Sì;No;No;No;No;Sì;Sì;Sì;Sì;yes;Not Rome
Lavoro;Numero di volte;2;5;Auto; ; ; ; ;no;no;Private;5;5;5;0;1;1;5;1;5;5;5;0;0;0;3;3;5;5;5;0;0;0;0;5;5;5;0;0;0;5;5;0;5;5;5;5;0;5;5;5;5;5;0;0;0;0;Gorga;Valmontone;no;0;0;0;0;0;0;0;0;0;0;0;0;0;0;0;0;0; ; ; ; ; ; ; ; ; ; ; ; ; ; ; ; ; ;4;1;3;1;1;0;3;1;1;0;Donna;Female;1988;36; ;Sì;yes; ;Marino;Licenza elementare/media inferiore;8;3;0;Caratterizzata da forti pendenze;Steep slopes;Sì;No;No;No;No;Sì;No;No;Sì;no;Not Rome
Lavoro;Numero di volte;2;6;Auto;Metro; ; ; ;yes;yes;Public;3;2;0;5;0;0;0;0;5;5;5;5;0;0;0;4;3;0;0;5;2;5;5;5;4;4;5;5;2;5;5;2;5;5;5;5;5;5;5;4;5;5;5;3;3;3;Albano Marino;Roma;no;0;0;0;0;0;0;4;5;5;0;5;5;3;3;3;2;2; ; ; ; ; ; ; ; ; ; ; ; ; ; ; ; ; ;4;1;2;0;1;0;3;1;2;0;Donna;Female;1992;32; ;Sì;yes; ;Roma;Media superiore;13;3;3;Prevalentemente pianeggiante;Flat;Sì;No;Sì;No;No;Sì;Sì;No;Sì;no;Rome
Lavoro e studio;0 (Mai, lavoro da casa, sto sempre a casa);3;0; ; ; ; ; ;no;no;N/A;1;4;1;3;1;1;1;1;1;4;5;2;1;2;2;5;1;1;1;2;2;2;2;5;5;5;4;4;4;5;5;5;5;5;5;5;4;4;4;4;4;3;3;4;2;2;Roma;Roma;yes;5;1;1;70;0;0;5;1;1;5;1;1;5;1;1;1;1;5;1;1;70;0;0;5;1;1;5;1;1;5;1;1;1;1;4;1;1;0;4;1;1;0;3;1;Uomo;Male;1998;26;Roma;Sì;yes; ;Roma;Laurea (triennale) di primo livello;16;4;5;Caratterizzata da forti pendenze;Steep slopes;Sì;Sì;No;No;No;Sì;Sì;No;Sì;yes;Rome
Lavoro;Numero di volte;2;6;Auto; ; ; ; ;no;no;Private;3;3;3;3;1;1;1;1;3;3;3;3;3;3;3;3;0;0;0;0;5;5;5;5;5;5;5;5;5;5;5;5;5;5;3;3;0;5;3;3;3;0;0;5;5;5;Roma;Roma;yes;5;5;5;80;80;80;5;5;5;5;5;5;5;5;5;5;5; ; ; ; ; ; ; ; ; ; ; ; ; ; ; ; ; ;3;1;4;1;3;1;4;1;2;0;Uomo;Male;1991;33; ;Sì;yes; ;Roma;Laurea magistrale o successivo;18;5;5;Caratterizzata da piccole salite;Easy climbs;Sì;No;No;Sì;Sì;Sì;Sì;Sì;Sì;yes;Rome
Lavoro;Numero di volte;2;5;Bus/Tram; ; ; ; ;yes;yes;Public;4;4;4;0;0;0;0;0;4;4;4;3;0;0;0;5;4;0;0;0;0;4;4;5;5;5;5;5;5;5;5;5;5;5;5;5;5;5;5;5;5;5;5;4;0;0;Roma;Roma;yes;5;0;0;100;0;0;5;0;0;5;0;0;5;0;0;0;0; ; ; ; ; ; ; ; ; ; ; ; ; ; ; ; ; ;4;1;3;1;4;1;1;0;3;1;Uomo;Male;1996;28; ;Sì;yes; ;Napoli;Licenza elementare/media inferiore;8;5;5;Prevalentemente pianeggiante;Flat;No;No;No;No;No;Sì;No;No;No;yes;Rome
Lavoro e studio;Numero di volte;2;5;Auto; ; ; ; ;no;no;Private;2;2;2;2;1;1;1;1;2;2;2;2;1;1;4;4;3;3;3;3;5;5;5;5;5;5;5;5;5;5;5;5;2;2;3;3;2;2;3;3;1;2;2;3;3;3;Roma;Roma;yes;0;0;0;0;0;0;0;0;0;0;0;0;0;0;0;0;0; ; ; ; ; ; ; ; ; ; ; ; ; ; ; ; ; ;3;1;2;0;3;1;3;1;4;1;Uomo;Male;1995;29; ;Sì;yes; ;Roma;Media superiore;13;3;4;Caratterizzata da forti pendenze;Steep slopes;Sì;Sì;Sì;No;Sì;Sì;Sì;Sì;Sì;yes;Rome
Sono uno studente e lavoro;Numero di volte;2;3;Metro; ; ; ; ;yes;yes;Public;0;3;3;0;0;0;0;0;1;3;3;2;0;1;1;3;2;1;1;0;0;2;2;5;3;3;5;4;3;5;4;3;4;4;4;3;5;4;4;3;4;4;4;5;2;2;Roma;Roma;yes;5;2;2;100;0;0;5;0;0;5;0;0;5;0;0;0;0; ; ; ; ; ; ; ; ; ; ; ; ; ; ; ; ; ;4;1;3;1;4;1;1;0;3;1;Donna;Female;2000;24; ;Sì;yes; ;Roma;Laurea (triennale) di primo livello;16;3;4;Prevalentemente pianeggiante;Flat;No;No;No;No;No;Sì;No;Sì;Sì;yes;Rome
Sono uno studente e lavoro;Numero di volte;2;5;Vado a piedi; ; ; ; ;yes;yes;VRU;5;5;5;5;0;0;0;0;0;4;4;3;0;0;2;5;0;0;0;5;5;5;5;5;5;5;5;5;5;5;5;5;5;4;4;4;4;5;5;5;5;5;5;0;0;0;Roma;Roma;yes;4;0;0;100;0;0;0;0;0;0;0;0;4;0;0;0;0; ; ; ; ; ; ; ; ; ; ; ; ; ; ; ; ; ;1;0;1;0;2;0;1;0;1;0;Donna;Female;1998;26; ;Sì;yes; ;Roma;Laurea magistrale o successivo;18;0;0;Caratterizzata da forti pendenze;Steep slopes;Sì;No;No;No;No;Sì;Sì;Sì;Sì;yes;Rome
Lavoro;Numero di volte;2;5;Bus/Tram;Metro; ; ; ;yes;yes;Public;3;3;3;3;0;0;0;0;4;4;4;4;4;4;4;4;3;3;3;3;5;5;5;5;5;5;5;5;5;5;5;5;5;5;5;5;5;5;5;5;4;5;5;4;4;4;Roma;Roma;yes;5;5;5;100;100;100;5;5;5;5;5;5;5;5;5;5;5; ; ; ; ; ; ; ; ; ; ; ; ; ; ; ; ; ;3;1;3;1;3;1;4;1;3;1;Donna;Female;1991;33; ;Sì;yes; ;Ostuni;Laurea magistrale o successivo;18;5;3;Prevalentemente pianeggiante;Flat;Sì;No;Sì;No;No;Sì;No;No;Sì;yes;Rome
Lavoro;Numero di volte;2;6;Auto; ; ; ; ;no;no;Private;1;1;1;1;0;0;0;0;3;4;4;1;0;1;1;4;4;4;4;1;1;2;2;4;4;4;5;4;3;5;4;3;4;4;2;5;2;4;4;5;4;1;3;4;2;2;Tarquinia;Tarquinia;yes;0;0;0;0;0;0;0;0;0;0;0;0;0;0;0;0;0; ; ; ; ; ; ; ; ; ; ; ; ; ; ; ; ; ;3;1;3;1;2;0;2;0;2;0;Uomo;Male;1989;35; ;Sì;yes; ;Palestrina;Laurea magistrale o successivo;18;4;2;Caratterizzata da forti pendenze;Steep slopes;Sì;No;No;No;No;Sì;Sì;Sì;Sì;yes;Not Rome
Lavoro;0 (Mai, lavoro da casa, sto sempre a casa);3;0; ; ; ; ; ;no;no;N/A;4;1;1;1;0;0;0;0;2;2;2;2;0;0;0;4;4;3;3;1;2;4;4;5;5;5;4;4;4;4;4;4;5;5;5;5;4;5;5;5;5;3;3;3;4;4;Roma;Roma;yes;3;1;0;100;0;0;4;2;0;4;2;0;4;5;0;1;1;3;1;0;100;0;0;4;2;0;4;2;0;4;5;0;1;1;3;1;3;1;3;1;1;0;3;1;Uomo;Male;1992;32;Roma;Sì;yes; ;Palermo;Laurea (triennale) di primo livello;16;4;3;Prevalentemente pianeggiante;Flat;Sì;No;Sì;No;No;Sì;No;No;Sì;yes;Rome
Lavoro;Numero di volte;2;5;Auto; ; ; ; ;no;no;Private;5;3;3;0;0;3;3;0;0;3;3;5;0;3;3;5;5;2;3;2;0;3;3;5;3;3;5;5;3;5;5;3;5;5;5;4;4;5;5;5;5;5;5;4;3;3;Viterbo;Nepi;no;0;0;0;0;0;0;0;0;0;0;0;0;0;0;0;0;0; ; ; ; ; ; ; ; ; ; ; ; ; ; ; ; ; ;1;0;4;1;1;0;2;0;1;0;Donna;Female;1993;31; ;Sì;yes; ;Viterbo;Media superiore;13;5;4;Caratterizzata da piccole salite;Easy climbs;Sì;No;No;No;No;Sì;Sì;Sì;Sì;no;Not Rome
Lavoro;0 (Mai, lavoro da casa, sto sempre a casa);3;0; ; ; ; ; ;no;no;N/A;0;0;3;1;0;0;0;0;0;3;3;2;0;0;0;3;3;2;2;0;0;0;0;3;3;0;4;4;0;5;5;0;5;5;3;3;3;5;5;5;3;3;3;3;3;0;Roma;Roma;yes;3;3;0;30;30;0;4;4;0;4;4;0;4;4;0;4;0;3;3;0;30;30;0;4;4;0;4;4;0;4;4;0;4;0;3;1;3;1;3;1;3;1;1;0;Donna;Female;1990;34;Roma;Sì;yes; ;Roma;Media superiore;13;3;3;Caratterizzata da piccole salite;Easy climbs;Sì;No;Sì;No;No;Sì;No;No;Sì;yes;Rome
Lavoro;Numero di volte;2;5;Auto; ; ; ; ;no;no;Private;1;1;1;1;0;0;0;0;3;3;3;3;2;2;2;2;0;0;0;0;5;5;5;5;5;5;5;5;5;5;5;5;4;4;5;5;5;4;5;5;4;5;5;5;5;5;Roma;Roma;yes;5;5;5;0;0;0;5;5;5;5;5;5;5;5;5;5;5; ; ; ; ; ; ; ; ; ; ; ; ; ; ; ; ; ;4;1;2;0;4;1;3;1;3;1;Donna;Female;1991;33; ;Sì;yes; ;Roma;Media superiore;13;3;1;Caratterizzata da piccole salite;Easy climbs;Sì;No;Sì;No;No;Sì;No;No;Sì;yes;Rome
Non lavoro e non studio; N/A;1; ; ; ; ; ; ;no;no;N/A;0;3;4;3;0;0;0;0;5;5;5;4;0;0;0;5;4;3;3;3;0;2;2;4;4;4;5;5;5;5;5;5;5;5;3;3;3;5;5;5;5;3;3;3;1;1; ; ;yes;3;1;1;10;0;0;3;1;1;3;1;1;3;1;1;1;1;3;1;1;10;0;0;3;1;1;3;1;1;3;1;1;1;1;2;0;3;1;3;1;2;0;2;0;Donna;Female;1993;31;Roma;Sì;yes; ;Roma;Media superiore;13;3;3;Caratterizzata da piccole salite;Easy climbs;Sì;No;Sì;No;No;Sì;No;No;Sì;;
Lavoro;Numero di volte;2;7;Auto; ; ; ; ;no;no;Private;1;1;1;1;0;0;0;0;5;5;5;5;1;1;1;1;1;1;1;1;3;3;3;3;3;3;5;5;5;5;5;5;4;4;5;5;2;4;5;5;4;2;2;5;5;5;Roma;Roma;yes;5;5;5;80;80;80;5;5;5;5;5;5;5;5;5;5;5; ; ; ; ; ; ; ; ; ; ; ; ; ; ; ; ; ;2;0;4;1;4;1;3;1;1;0;Uomo;Male;1988;36; ;Sì;yes; ;Roma;Laurea magistrale o successivo;18;4;2;Prevalentemente pianeggiante;Flat;Sì;No;No;No;No;Sì;Sì;Sì;Sì;yes;Rome
Lavoro;Numero di volte;2;7;Auto; ; ; ; ;no;no;Private;3;3;3;3;0;0;0;0;0;0;0;0;5;5;5;5;4;4;4;4;1;1;1;1;1;1;5;5;5;5;5;5;4;4;4;4;3;4;4;4;5;4;3;3;3;3;Roma;Roma;yes;3;3;3;0;0;0;0;0;0;0;0;0;0;0;0;0;0; ; ; ; ; ; ; ; ; ; ; ; ; ; ; ; ; ;2;0;3;1;1;0;2;0;3;1;Uomo;Male;1995;29; ;Sì;yes; ;Roma;Media superiore;13;3;2;Prevalentemente pianeggiante;Flat;Sì;No;No;No;No;Sì;No;No;Sì;yes;Rome
Non lavoro e non studio; N/A;1; ; ; ; ; ; ;no;no;N/A;0;0;0;0;0;0;0;0;3;2;2;2;0;0;0;5;0;0;0;3;3;3;3;3;3;3;4;4;3;5;5;4;2;2;3;4;4;2;2;3;3;3;3;3;1;1; ; ;yes;5;2;2;100;0;0;5;2;2;5;2;2;5;2;2;1;1;5;2;2;100;0;0;5;2;2;5;2;2;5;2;2;1;1;4;1;3;1;4;1;2;0;3;1;Donna;Female;1990;34;Roma;Sì;yes; ;Ucraina;Media superiore;13;4;4;Caratterizzata da piccole salite;Easy climbs;Sì;No;Sì;No;No;Sì;No;No;Sì;;
Lavoro;Numero di volte;2;6;Auto; ; ; ; ;no;no;Private;1;1;1;1;0;0;0;0;4;4;4;4;4;4;4;4;3;3;3;3;3;3;3;3;3;3;3;3;3;3;3;3;5;5;5;5;3;5;5;5;5;3;3;2;2;2;Roma;Roma;yes;0;0;0;0;0;0;0;0;0;0;0;0;0;0;0;0;0; ; ; ; ; ; ; ; ; ; ; ; ; ; ; ; ; ;2;0;3;1;1;0;1;0;3;1;Donna;Female;1995;29; ;Sì;yes; ;Roma;Media superiore;13;4;5;Prevalentemente pianeggiante;Flat;Sì;No;Sì;No;No;Sì;No;No;Sì;yes;Rome
Sono uno studente;Numero di volte;2;5;Bus/Tram; ; ; ; ;yes;yes;Public;4;4;4;3;0;0;0;0;3;3;3;3;0;0;0;3;0;0;0;3;0;0;0;4;4;4;4;4;4;4;4;4;5;5;5;4;5;5;5;5;5;5;5;3;3;3;Roma;Roma;yes;3;3;2;0;0;0;0;0;0;0;0;0;0;0;0;0;0; ; ; ; ; ; ; ; ; ; ; ; ; ; ; ; ; ;2;0;4;1;4;1;2;0;3;1;Donna;Female;2004;20; ;Sì;yes; ;Roma;Media superiore;13;4;5;Caratterizzata da piccole salite;Easy climbs;No;No;Sì;No;No;Sì;No;No;No;yes;Rome
Non lavoro e non studio; N/A;1; ; ; ; ; ; ;no;no;N/A;0;3;3;3;0;0;0;0;0;4;4;0;0;0;0;4;3;0;0;0;0;3;3;4;4;4;5;5;5;5;5;5;5;5;5;5;0;5;5;5;5;0;5;3;0;0; ; ;yes;4;0;0;50;0;0;4;0;0;4;0;0;4;0;0;0;0;4;0;0;50;0;0;4;0;0;4;0;0;4;0;0;0;0;2;0;3;1;4;1;1;0;3;1;Donna;Female;1993;31;Roma;Sì;yes; ;Cesenatico;Media superiore;13;2;5;Caratterizzata da piccole salite;Easy climbs;Sì;No;No;No;No;Sì;No;No;Sì;;
Lavoro e studio;Numero di volte;2;5;Bus/Tram;Metro; ; ; ;yes;yes;Public;2;2;2;2;0;0;0;0;0;0;0;0;0;0;0;0;5;5;5;5;3;3;3;3;3;3;3;3;3;3;3;3;3;3;5;5;5;3;5;5;5;5;5;5;5;5;Roma;Roma;yes;5;5;5;100;100;100;5;5;5;5;5;5;5;5;5;5;5; ; ; ; ; ; ; ; ; ; ; ; ; ; ; ; ; ;4;1;4;1;4;1;4;1;3;1;Donna;Female;1997;27; ;Sì;yes; ;Roma;Media superiore;13;4;5;Prevalentemente pianeggiante;Flat;No;No;No;No;No;Sì;Sì;No;Sì;yes;Rome
Lavoro;Numero di volte;2;3;Auto; ; ; ; ;no;no;Private;0;0;0;0;0;0;0;0;5;5;5;5;5;5;5;5;5;5;5;5;0;0;0;5;5;5;5;5;0;5;5;0;5;5;5;5;5;5;5;5;5;5;5;1;1;1;Roma;Roma;yes;0;0;0;0;0;0;0;0;0;0;0;0;0;0;0;0;0; ; ; ; ; ; ; ; ; ; ; ; ; ; ; ; ; ;1;0;1;0;1;0;4;1;1;0;Donna;Female;1991;33; ;Sì;yes; ;Roma;Laurea magistrale o successivo;18;0;5;Caratterizzata da piccole salite;Easy climbs;Sì;No;Sì;No;No;Sì;No;Sì;Sì;yes;Rome
Lavoro;Numero di volte;2;5;Auto; ; ; ; ;no;no;Private;3;3;3;3;0;0;0;0;4;4;4;4;2;2;2;2;4;4;4;4;3;3;3;3;3;3;4;4;4;4;4;4;4;4;5;5;3;4;5;5;4;3;3;2;2;2;Pomezia;Roma;no;0;0;0;0;0;0;0;0;0;0;0;0;0;0;0;0;0; ; ; ; ; ; ; ; ; ; ; ; ; ; ; ; ; ;1;0;4;1;2;0;2;0;2;0;Donna;Female;1994;30; ;Sì;yes; ;Anzio;Laurea magistrale o successivo;18;2;3;Prevalentemente pianeggiante;Flat;Sì;No;No;No;No;Sì;No;No;Sì;no;Rome
Lavoro;Numero di volte;2;5;Auto; ; ; ; ;no;no;Private;0;0;0;2;0;0;0;0;3;3;3;4;3;3;3;5;4;4;4;2;0;0;0;5;5;5;5;5;5;5;5;5;5;5;4;4;5;5;5;5;5;5;5;0;0;0;Frosinone;Frosinone;yes;0;0;0;0;0;0;0;0;0;0;0;0;0;0;0;0;0; ; ; ; ; ; ; ; ; ; ; ; ; ; ; ; ; ;1;0;4;1;2;0;2;0;2;0;Donna;Female;1998;26; ;Sì;yes; ;Roma;Media superiore;13;4;4;Prevalentemente pianeggiante;Flat;Sì;No;Sì;No;Sì;Sì;Sì;No;Sì;yes;Not Rome
Lavoro;Numero di volte;2;6;Auto;Moto/scooter; ; ; ;no;yes;Private;0;0;0;0;0;0;0;0;2;2;2;2;4;4;4;4;0;0;0;0;2;2;2;2;2;2;5;5;5;5;5;5;5;5;5;5;5;5;5;5;4;5;5;5;5;5;Albano Laziale;Velletri;no;0;0;0;0;0;0;0;0;0;0;0;0;0;0;0;0;0; ; ; ; ; ; ; ; ; ; ; ; ; ; ; ; ; ;4;1;3;1;1;0;4;1;3;1;Uomo;Male;1989;35; ;Sì;yes; ;Frascati;Laurea (triennale) di primo livello;16;4;3;Caratterizzata da forti pendenze;Steep slopes;Sì;Sì;Sì;No;No;Sì;Sì;Sì;Sì;no;Not Rome
Lavoro;Numero di volte;2;5;Bici; ; ; ; ;yes;yes;VRU;2;2;2;2;1;1;1;1;4;4;4;4;3;3;3;3;4;4;4;4;5;5;5;5;5;5;5;5;5;5;5;5;4;4;5;5;4;4;5;5;2;4;4;5;5;5;Roma;Roma;yes;5;5;5;100;100;100;5;5;5;5;5;5;5;5;5;5;5; ; ; ; ; ; ; ; ; ; ; ; ; ; ; ; ; ;3;1;4;1;2;0;4;1;1;0;Uomo;Male;1990;34; ;Sì;yes; ;Taranto;Laurea magistrale o successivo;18;3;3;Caratterizzata da piccole salite;Easy climbs;Sì;No;Sì;No;No;Sì;Sì;Sì;Sì;yes;Rome
Lavoro;Numero di volte;2;5;Moto/scooter; ; ; ; ;no;yes;Private;5;5;5;2;0;0;0;0;4;4;5;1;0;0;0;3;4;4;4;2;2;2;2;4;4;4;3;3;3;3;3;3;4;4;4;4;2;4;4;4;4;4;2;0;0;0;Roma;Roma;yes;0;0;0;0;0;0;0;2;0;0;2;0;0;0;0;0;0; ; ; ; ; ; ; ; ; ; ; ; ; ; ; ; ; ;2;0;2;0;3;1;2;0;3;1;Uomo;Male;1989;35; ;Sì;yes; ;Roma;Laurea magistrale o successivo;18;4;3;Caratterizzata da piccole salite;Easy climbs;Sì;Sì;Sì;No;No;Sì;No;No;Sì;yes;Rome
Lavoro;Numero di volte;2;6;Auto; ; ; ; ;no;no;Private;1;1;1;1;0;0;0;0;3;3;3;3;0;3;3;3;3;3;3;3;2;2;2;2;2;2;5;5;5;5;5;5;5;5;5;5;3;5;5;5;2;3;3;1;1;1;Roma;Roma;yes;1;1;1;0;0;0;5;5;5;0;0;0;0;5;5;5;5; ; ; ; ; ; ; ; ; ; ; ; ; ; ; ; ; ;2;0;4;1;3;1;3;1;1;0;Donna;Female;1993;31; ;Sì;yes; ;Roma;Media superiore;13;4;3;Prevalentemente pianeggiante;Flat;Sì;No;Sì;No;No;Sì;Sì;Sì;Sì;yes;Rome
Lavoro;Numero di volte;2;5;Auto; ; ; ; ;no;no;Private;0;0;0;4;0;0;0;0;5;5;5;3;2;2;2;5;0;0;0;5;4;4;4;5;5;5;5;5;5;4;4;4;3;5;5;4;4;5;5;5;4;4;4;2;1;1;Guidonia;Roma;no;5;5;5;0;0;0;0;0;0;0;0;0;0;0;0;0;0; ; ; ; ; ; ; ; ; ; ; ; ; ; ; ; ; ;4;1;2;0;4;1;4;1;3;1;Uomo;Male;1989;35; ;Sì;yes; ;Roma;Laurea magistrale o successivo;18;2;3;Caratterizzata da forti pendenze;Steep slopes;Sì;Sì;Sì;No;No;Sì;No;No;Sì;no;Rome
Lavoro e studio;Numero di volte;2;6;Auto; ; ; ; ;no;no;Private;3;3;3;3;1;1;1;1;4;4;4;4;1;1;1;1;5;5;5;5;1;1;1;5;5;5;2;2;2;2;2;2;4;4;4;4;3;4;4;4;4;3;3;4;4;4;Roma;Roma;yes;0;0;0;0;0;0;0;0;0;0;0;0;0;0;0;0;0; ; ; ; ; ; ; ; ; ; ; ; ; ; ; ; ; ;3;1;2;0;2;0;2;0;2;0;Uomo;Male;2000;24; ;Sì;yes; ;Roma;Media superiore;13;4;4;Prevalentemente pianeggiante;Flat;Sì;No;No;No;No;Sì;Sì;Sì;Sì;yes;Rome
Lavoro;Numero di volte;2;3;Auto; ; ; ; ;no;no;Private;4;4;4;4;2;2;2;2;5;5;5;5;3;3;3;3;4;4;4;4;2;2;2;2;2;2;4;4;4;4;4;4;5;5;5;5;3;5;5;5;5;3;3;5;5;5;Roma;Roma;yes;0;0;0;0;0;0;0;0;0;0;0;0;0;0;0;0;0; ; ; ; ; ; ; ; ; ; ; ; ; ; ; ; ; ;2;0;3;1;1;0;2;0;2;0;Donna;Female;1991;33; ;Sì;yes; ;Potenza;Laurea magistrale o successivo;18;3;3;Prevalentemente pianeggiante;Flat;Sì;No;No;No;No;No;Sì;No;Sì;yes;Rome
Lavoro e studio;Numero di volte;2;4;Auto;Bus/Tram; ; ; ;yes;yes;Public;1;2;3;5;1;1;1;1;5;5;5;3;1;1;1;5;2;2;2;3;5;5;5;5;5;5;5;5;5;5;5;5;5;5;5;5;4;5;5;5;5;5;4;4;4;4;Roma;Roma;yes;5;5;5;90;30;30;5;5;5;5;5;5;5;5;5;5;5; ; ; ; ; ; ; ; ; ; ; ; ; ; ; ; ; ;4;1;3;1;3;1;4;1;4;1;Donna;Female;1997;27; ;Sì;yes; ;Roma;Media superiore;13;4;3;Prevalentemente pianeggiante;Flat;Sì;No;Sì;No;No;Sì;Sì;No;Sì;yes;Rome
Lavoro;Numero di volte;2;5;Auto; ; ; ; ;no;no;Private;1;1;1;3;1;1;1;1;1;1;1;5;1;1;1;4;3;3;3;4;3;3;3;5;5;5;5;5;5;5;5;5;5;5;5;5;5;5;5;5;5;5;5;5;5;5;Roma;Roma;yes;5;5;5;0;0;0;5;5;5;5;5;5;5;5;5;5;5; ; ; ; ; ; ; ; ; ; ; ; ; ; ; ; ; ;4;1;4;1;1;0;4;1;2;0;Donna;Female;1993;31; ;Sì;yes; ;Roma;Laurea magistrale o successivo;18;2;1;Caratterizzata da piccole salite;Easy climbs;Sì;No;Sì;No;No;Sì;Sì;Sì;Sì;yes;Rome
Lavoro;0 (Mai, lavoro da casa, sto sempre a casa);3;0; ; ; ; ; ;no;no;N/A;5;5;0;2;0;0;0;0;3;3;3;3;0;0;2;5;2;3;4;4;2;2;2;5;5;3;5;5;2;5;5;0;5;5;5;5;5;5;5;5;5;5;5;5;3;4;Roma;Roma;yes;5;5;0;80;80;0;5;5;0;3;3;0;3;5;0;5;0;5;5;0;80;80;0;5;5;0;3;3;0;3;5;0;5;0;4;1;1;0;4;1;4;1;4;1;Donna;Female;1989;35;Colleferro;Sì;yes; ;Colleferro;Laurea magistrale o successivo;18;5;3;Caratterizzata da forti pendenze;Steep slopes;Sì;No;Sì;Sì;No;Sì;Sì;Sì;Sì;yes;Rome
Lavoro;Numero di volte;2;16;Monopattino; ; ; ; ;yes;yes;VRU;1;5;1;1;5;5;1;1;1;5;5;5;5;5;3;1;5;3;2;1;1;2;3;5;5;4;1;2;1;5;5;5;4;4;5;4;4;4;4;5;4;4;4;3;4;4;Roma;Civitavecchia;no;3;2;5;0;0;100;2;2;5;2;2;5;5;3;5;3;4; ; ; ; ; ; ; ; ; ; ; ; ; ; ; ; ; ;3;1;3;1;4;1;3;1;3;1;Uomo;Male;1995;29; ;Sì;yes; ;Roma;Media superiore;13;4;5;Prevalentemente pianeggiante;Flat;Sì;No;Sì;No;Sì;Sì;Sì;No;Sì;no;Not Rome
Lavoro;Numero di volte;2;3;Auto; ; ; ; ;no;no;Private;3;3;3;2;0;0;2;0;0;2;3;5;0;0;0;3;5;5;5;5;0;2;2;5;5;2;3;2;0;5;4;2;5;5;5;5;5;5;5;5;5;5;5;3;3;1;Roma;Roma;yes;1;2;0;0;0;0;1;1;0;1;1;0;1;1;0;1;0; ; ; ; ; ; ; ; ; ; ; ; ; ; ; ; ; ;2;0;2;0;4;1;2;0;3;1;Donna;Female;1994;30; ;Sì;yes; ;Roma;Laurea magistrale o successivo;18;4;5;Caratterizzata da piccole salite;Easy climbs;Sì;No;Sì;No;No;Sì;No;No;Sì;yes;Rome
Sono uno studente;Numero di volte;2;5;Auto; ; ; ; ;no;no;Private;5;3;3;0;0;0;0;0;5;3;3;3;0;0;0;3;5;5;5;5;0;2;2;5;5;5;5;5;5;5;5;5;5;3;5;5;5;5;5;5;5;5;5;1;3;3;Roma;Roma;yes;0;0;0;0;0;0;3;4;4;0;0;0;0;0;0;0;0; ; ; ; ; ; ; ; ; ; ; ; ; ; ; ; ; ;4;1;1;0;1;0;3;1;1;0;Donna;Female;2002;22; ;Sì;yes; ;Roma;Media superiore;13;3;2;Caratterizzata da piccole salite;Easy climbs;Sì;No;No;No;Sì;Sì;Sì;Sì;Sì;yes;Rome
Lavoro;Numero di volte;2;5;Auto; ; ; ; ;no;no;Private;5;5;5;3;1;1;1;1;5;5;5;2;1;1;1;2;1;1;1;2;1;1;1;5;5;5;5;5;5;5;5;5;5;5;5;5;5;5;5;5;5;5;5;2;2;2;Fiumicino;Fiumicino;yes;2;2;2;0;0;0;2;2;2;1;1;1;2;2;2;2;2; ; ; ; ; ; ; ; ; ; ; ; ; ; ; ; ; ;1;0;3;1;1;0;3;1;2;0;Donna;Female;2000;24; ;Sì;yes; ;Roma;Media superiore;13;4;1;Prevalentemente pianeggiante;Flat;Sì;No;Sì;No;No;Sì;No;No;Sì;yes;Not Rome
Non lavoro e non studio; N/A;1; ; ; ; ; ; ;no;no;N/A;5;5;1;3;5;4;3;4;5;4;5;2;5;5;5;3;5;5;5;5;2;3;3;5;5;5;5;5;3;5;4;4;4;3;2;2;4;4;4;4;5;4;5;4;3;3; ; ;yes;3;2;2;100;0;0;4;2;2;4;2;2;4;3;2;3;2;3;2;2;100;0;0;4;2;2;4;2;2;4;3;2;3;2;2;0;2;0;2;0;2;0;2;0;Donna;Female;1993;31;Colonna;Sì;yes; ;Roma;Laurea (triennale) di primo livello;16;4;4;Prevalentemente pianeggiante;Flat;Sì;No;Sì;No;No;Sì;Sì;No;Sì;;
Non lavoro e non studio; N/A;1; ; ; ; ; ; ;no;no;N/A;2;5;5;1;0;0;0;0;4;4;4;2;0;0;0;0;5;5;5;0;0;0;0;5;5;5;5;5;5;5;5;5;5;5;4;4;4;5;5;5;5;4;4;0;0;0; ; ;yes;0;0;0;0;0;0;0;0;0;0;0;0;0;0;0;0;0;0;0;0;0;0;0;0;0;0;0;0;0;0;0;0;0;0;1;0;1;0;1;0;1;0;1;0;Uomo;Male;1990;34;Roma;Sì;yes; ;Venezia;Laurea magistrale o successivo;18;3;3;Prevalentemente pianeggiante;Flat;Sì;No;No;No;No;No;No;No;Sì;;
Lavoro;Numero di volte;2;7;Altro (specificare); ; ; ;furgoni;no;no;Private;5;5;1;5;0;0;0;0;5;3;3;3;0;1;3;0;1;1;1;1;5;5;5;5;3;3;5;5;4;5;5;3;5;5;0;5;3;5;3;5;5;3;1;5;4;4;Carpineto Romano;Roma;no;0;0;0;0;0;0;0;0;0;0;0;0;0;0;0;0;0; ; ; ; ; ; ; ; ; ; ; ; ; ; ; ; ; ;1;0;4;1;3;1;1;0;2;0;Uomo;Male;1989;35; ;Sì;yes; ;Roma;Licenza elementare/media inferiore;8;1;3;Caratterizzata da forti pendenze;Steep slopes;Sì;Sì;Sì;No;No;No;Sì;No;Sì;no;Rome
Lavoro;Numero di volte;2;4;Treno; ; ; ; ;yes;yes;Public;3;4;4;2;1;1;1;1;4;4;4;3;1;1;1;4;2;2;2;4;4;4;4;5;5;5;3;3;3;5;5;5;5;5;4;4;4;5;5;4;4;4;4;5;5;5;Roma;Roma;yes;5;5;5;70;50;50;4;4;4;4;4;4;5;5;5;4;4; ; ; ; ; ; ; ; ; ; ; ; ; ; ; ; ; ;3;1;4;1;4;1;3;1;4;1;Uomo;Male;2000;24; ;Sì;yes; ;Roma;Laurea (triennale) di primo livello;16;4;5;Prevalentemente pianeggiante;Flat;Sì;No;Sì;No;No;Sì;Sì;No;Sì;yes;Rome
Non lavoro e non studio; N/A;1; ; ; ; ; ; ;no;no;N/A;5;5;5;0;0;0;0;0;0;2;2;0;0;3;3;5;0;0;0;5;5;5;5;5;5;5;5;5;5;5;5;5;5;5;5;5;5;5;5;5;5;4;5;3;3;4; ; ;yes;5;1;1;100;0;0;5;1;1;5;0;0;5;2;2;1;1;5;1;1;100;0;0;5;1;1;5;0;0;5;2;2;1;1;3;1;3;1;4;1;1;0;2;0;Donna;Female;1995;29;Roma;Sì;yes; ;Francia;Laurea magistrale o successivo;18;5;5;Caratterizzata da piccole salite;Easy climbs;Sì;No;Sì;No;No;Sì;Sì;No;Sì;;
Lavoro;Numero di volte;2;2;Auto; ; ; ; ;no;no;Private;5;5;4;4;0;0;0;0;5;5;5;5;0;0;0;5;4;4;4;2;1;1;1;5;5;5;5;5;5;5;5;2;5;5;5;5;5;5;5;5;5;5;5;2;2;2;Roma;Roma;yes;1;1;1;0;0;0;1;1;1;4;4;4;3;1;1;1;1; ; ; ; ; ; ; ; ; ; ; ; ; ; ; ; ; ;4;1;3;1;4;1;3;1;2;0;Donna;Female;1994;30; ;Sì;yes; ;Roma;Laurea magistrale o successivo;18;4;5;Caratterizzata da piccole salite;Easy climbs;Sì;No;No;Sì;Sì;Sì;No;Sì;Sì;yes;Rome
Lavoro;Numero di volte;2;6;Vado a piedi; ; ; ; ;yes;yes;VRU;0;1;1;2;0;0;0;0;2;2;4;2;0;0;0;5;0;0;0;2;0;0;0;3;3;3;5;5;5;5;5;5;0;2;2;5;0;5;5;5;5;0;0;1;5;5;Roma;Roma;yes;0;0;0;100;100;0;4;4;0;4;4;0;4;4;0;4;0; ; ; ; ; ; ; ; ; ; ; ; ; ; ; ; ; ;4;1;2;0;4;1;3;1;1;0;Uomo;Male;1990;34; ;Sì;yes; ;Roma;Media superiore;13;5;0;Prevalentemente pianeggiante;Flat;Sì;No;Sì;No;Sì;Sì;Sì;No;Sì;yes;Rome
Lavoro;Numero di volte;2;5;Auto; ; ; ; ;no;no;Private;5;0;5;5;5;5;5;0;3;5;5;0;0;0;0;3;4;4;4;0;0;0;0;5;5;5;5;5;0;5;5;0;3;5;5;5;1;3;5;5;5;2;4;3;3;3;Roma;Roma;yes;2;2;0;10;10;0;4;4;0;4;4;0;4;4;0;4;0; ; ; ; ; ; ; ; ; ; ; ; ; ; ; ; ; ;4;1;4;1;4;1;4;1;4;1;Donna;Female;1991;33; ;Sì;yes; ;Siracusa;Media superiore;13;5;3;Caratterizzata da piccole salite;Easy climbs;Sì;Sì;Sì;No;No;Sì;No;Sì;Sì;yes;Rome
Sono uno studente e lavoro;Numero di volte;2;4;Bus/Tram; ; ; ; ;yes;yes;Public;3;2;0;3;5;5;1;1;3;4;5;4;0;2;3;4;4;3;3;2;1;3;3;0;3;3;5;4;4;5;5;3;5;4;4;4;3;5;5;5;5;5;5;3;3;3;Roma;Riano;no;3;3;3;60;0;0;4;4;0;5;5;0;5;2;0;2;0; ; ; ; ; ; ; ; ; ; ; ; ; ; ; ; ; ;4;1;2;0;4;1;2;0;3;1;Donna;Female;1997;27; ;Sì;yes; ;Roma;Media superiore;13;3;1;Caratterizzata da forti pendenze;Steep slopes;Sì;No;No;No;No;Sì;No;No;Sì;no;Not Rome
Lavoro;Numero di volte;2;4;Auto; ; ; ; ;no;no;Private;0;0;0;0;0;0;0;0;5;5;5;5;0;0;0;0;2;2;2;2;5;5;5;5;5;5;5;5;5;5;5;5;5;5;5;5;5;5;5;5;5;5;5;5;5;5;Roma;Roma;yes;5;5;5;0;0;0;0;0;0;0;0;0;0;0;0;0;0; ; ; ; ; ; ; ; ; ; ; ; ; ; ; ; ; ;4;1;3;1;4;1;4;1;3;1;Donna;Female;1989;35; ;No;no;Moldavia;Moldavia;Media superiore;13;3;4;Prevalentemente pianeggiante;Flat;Sì;No;No;No;No;Sì;No;No;Sì;yes;Rome
Lavoro;Numero di volte;2;5;Auto; ; ; ; ;no;no;Private;4;4;4;0;0;0;3;0;3;3;3;1;0;0;0;4;1;1;1;5;3;3;3;5;5;4;5;4;2;5;4;2;5;5;3;5;4;5;5;5;5;5;5;1;0;0;Roma;Roma;yes;0;0;0;0;0;0;0;1;1;0;0;0;0;0;0;0;0; ; ; ; ; ; ; ; ; ; ; ; ; ; ; ; ; ;4;1;2;0;3;1;2;0;2;0;Donna;Female;1989;35; ;No;no;;Roma;Laurea (triennale) di primo livello;16;4;2;Prevalentemente pianeggiante;Flat;Sì;Sì;Sì;Sì;Sì;Sì;Sì;Sì;Sì;yes;Rome
Lavoro e studio;Numero di volte;2;5;Auto; ; ; ; ;no;no;Private;3;3;3;4;1;1;1;1;2;2;2;3;1;1;1;3;3;3;3;2;2;2;2;4;4;4;4;4;4;5;5;5;2;2;2;2;2;2;2;2;2;2;2;5;5;5;Roma;Roma;yes;5;5;5;0;0;0;5;5;5;5;5;5;5;5;5;5;5; ; ; ; ; ; ; ; ; ; ; ; ; ; ; ; ; ;3;1;3;1;3;1;4;1;3;1;Uomo;Male;1989;35; ;Sì;yes; ;Avellino;Media superiore;13;4;0;Caratterizzata da piccole salite;Easy climbs;Sì;No;Sì;No;No;Sì;Sì;No;Sì;yes;Rome
Lavoro;Numero di volte;2;5;Auto; ; ; ; ;no;no;Private;4;4;4;4;1;1;1;3;3;3;3;3;1;1;1;1;1;1;1;1;5;5;5;5;5;5;4;4;4;4;4;4;4;4;3;3;3;4;3;3;2;3;3;2;2;2;Roma;Roma;yes;0;0;0;0;0;0;0;0;0;0;0;0;0;0;0;0;0; ; ; ; ; ; ; ; ; ; ; ; ; ; ; ; ; ;3;1;4;1;2;0;2;0;1;0;Uomo;Male;1988;36; ;Sì;yes; ;Partinico;Media superiore;13;5;3;Prevalentemente pianeggiante;Flat;Sì;Sì;Sì;No;No;Sì;No;No;Sì;yes;Rome
Lavoro;Numero di volte;2;3;Auto; ; ; ; ;no;no;Private;0;0;0;0;0;0;0;0;2;3;3;2;0;0;0;2;2;2;2;2;2;2;2;2;2;2;4;4;4;5;5;5;4;4;4;3;3;5;4;4;4;4;4;5;5;5;Roma;Fregene;no;3;3;2;0;0;0;4;4;0;0;0;0;0;0;0;0;0; ; ; ; ; ; ; ; ; ; ; ; ; ; ; ; ; ;2;0;3;1;4;1;2;0;2;0;Uomo;Male;1989;35; ;Sì;yes; ;Roma;Laurea magistrale o successivo;18;3;1;Caratterizzata da piccole salite;Easy climbs;Sì;No;Sì;No;No;Sì;No;No;Sì;no;Not Rome
Lavoro;0 (Mai, lavoro da casa, sto sempre a casa);3;0; ; ; ; ; ;no;no;N/A;3;3;4;1;1;1;1;1;2;3;5;2;1;1;2;3;3;3;2;0;1;2;3;5;5;4;3;3;2;5;5;4;5;5;4;3;4;5;5;4;3;4;4;1;2;3;Roma;Roma;yes;1;1;1;10;10;10;1;1;1;1;1;1;1;1;1;1;1;1;1;1;10;10;10;1;1;1;1;1;1;1;1;1;1;1;3;1;3;1;4;1;3;1;1;0;Uomo;Male;1989;35;Roma;Sì;yes; ;Roma;Media superiore;13;4;3;Prevalentemente pianeggiante;Flat;Sì;Sì;Sì;Sì;Sì;Sì;Sì;Sì;Sì;yes;Rome
Non lavoro e non studio; N/A;1; ; ; ; ; ; ;no;no;N/A;1;1;1;1;1;1;1;1;3;3;3;4;1;1;1;5;3;3;3;3;2;3;3;5;4;4;5;5;3;5;5;3;5;5;5;5;5;5;5;5;5;5;4;5;5;5; ; ;yes;4;4;4;80;0;80;4;5;5;4;5;5;4;5;5;3;4;4;4;4;80;0;80;4;5;5;4;5;5;4;5;5;3;4;3;1;2;0;3;1;1;0;2;0;Donna;Female;1994;30;Ladispoli;Sì;yes; ;Roma;Media superiore;13;4;4;Prevalentemente pianeggiante;Flat;Sì;No;Sì;No;Sì;Sì;Sì;No;No;;
Lavoro;Numero di volte;2;5;Auto; ; ; ; ;no;no;Private;4;4;2;5;0;0;0;0;4;4;4;2;0;0;0;5;3;3;3;0;2;2;2;5;5;5;4;4;4;5;5;5;5;5;5;5;5;4;4;4;4;4;4;0;0;0;Roma;Roma;yes;1;1;1;0;0;0;3;3;3;2;2;2;3;4;4;5;5; ; ; ; ; ; ; ; ; ; ; ; ; ; ; ; ; ;2;0;1;0;4;1;3;1;2;0;Uomo;Male;1996;28; ;Sì;yes; ;Roma;Media superiore;13;4;1;Prevalentemente pianeggiante;Flat;Sì;No;Sì;No;Sì;Sì;Sì;No;Sì;yes;Rome
Lavoro;Numero di volte;2;5;Auto; ; ; ; ;no;no;Private;0;0;0;0;0;0;0;0;4;4;4;4;2;2;2;2;0;0;0;0;5;5;5;5;5;5;5;5;5;5;5;5;5;5;5;5;3;5;5;5;2;3;3;0;0;0;Roma;Frascati;no;0;0;0;0;0;0;4;4;4;0;0;0;0;0;0;0;0; ; ; ; ; ; ; ; ; ; ; ; ; ; ; ; ; ;4;1;4;1;1;0;3;1;3;1;Uomo;Male;1990;34; ;Sì;yes; ;Roma;Media superiore;13;0;0;Caratterizzata da piccole salite;Easy climbs;Sì;No;Sì;No;No;Sì;No;Sì;Sì;no;Not Rome
Lavoro;Numero di volte;2;5;Auto; ; ; ; ;no;no;Private;4;4;5;1;0;0;0;0;4;4;5;1;0;0;1;4;5;1;1;4;0;3;3;5;4;3;1;1;1;5;5;0;5;5;5;5;5;5;5;5;5;5;5;0;3;3;Roma;Roma;yes;0;0;0;0;0;0;3;3;3;0;0;0;0;0;0;0;0; ; ; ; ; ; ; ; ; ; ; ; ; ; ; ; ; ;1;0;3;1;1;0;2;0;1;0;Donna;Female;1997;27; ;Sì;yes; ;Roma;Media superiore;13;3;4;Prevalentemente pianeggiante;Flat;Sì;No;No;No;No;Sì;Sì;Sì;Sì;yes;Rome
Lavoro;Numero di volte;2;5;Vado a piedi; ; ; ; ;yes;yes;VRU;0;0;0;0;0;0;0;0;0;0;0;0;0;0;0;0;2;2;2;2;2;2;2;2;2;2;4;4;4;4;4;4;4;4;4;4;4;4;4;4;4;4;4;4;4;4;Roma;Roma;yes;5;5;5;100;100;0;5;4;0;5;4;0;5;3;3;3;3; ; ; ; ; ; ; ; ; ; ; ; ; ; ; ; ; ;3;1;3;1;4;1;3;1;2;0;Donna;Female;1990;34; ;Sì;yes; ;Roma;Laurea magistrale o successivo;18;3;2;Prevalentemente pianeggiante;Flat;No;No;No;No;No;Sì;Sì;No;Sì;yes;Rome
Lavoro;Numero di volte;2;5;Bus/Tram;Metro; ; ; ;yes;yes;Public;5;3;1;4;1;1;1;1;1;1;1;1;1;1;1;5;4;4;4;2;2;2;2;5;5;5;3;3;3;5;5;5;5;5;5;5;5;5;5;5;5;5;5;4;3;3;Roma;Roma;yes;5;2;1;100;20;0;5;5;1;5;5;1;5;5;1;5;1; ; ; ; ; ; ; ; ; ; ; ; ; ; ; ; ; ;4;1;3;1;4;1;3;1;4;1;Donna;Female;1999;25; ;Sì;yes; ;Roma;Media superiore;13;4;3;Caratterizzata da forti pendenze;Steep slopes;No;No;No;No;No;Sì;No;No;No;yes;Rome
Lavoro;Numero di volte;2;5;Auto; ; ; ; ;no;no;Private;0;0;0;2;0;0;0;0;3;3;3;3;0;0;0;5;4;4;4;4;0;0;0;5;5;5;5;5;5;5;5;5;5;5;5;5;3;5;5;5;5;4;4;3;3;3;Roma;Roma;yes;5;5;5;0;0;0;5;5;5;5;5;5;5;5;5;5;5; ; ; ; ; ; ; ; ; ; ; ; ; ; ; ; ; ;4;1;1;0;4;1;4;1;3;1;Donna;Female;1989;35; ;Sì;yes; ;napoli;Laurea (triennale) di primo livello;16;3;1;Prevalentemente pianeggiante;Flat;Sì;Sì;Sì;No;No;Sì;Sì;Sì;Sì;yes;Rome
Lavoro;Numero di volte;2;6;Auto; ; ; ; ;no;no;Private;3;3;2;1;0;0;0;0;0;1;1;0;0;0;0;2;4;3;3;1;0;4;4;5;5;4;5;5;4;5;5;4;4;5;3;4;1;4;4;5;3;1;2;3;4;4;Roma;Roma;yes;3;4;4;10;20;90;3;3;3;0;0;0;0;5;5;2;2; ; ; ; ; ; ; ; ; ; ; ; ; ; ; ; ; ;1;0;3;1;4;1;1;0;1;0;Uomo;Male;1992;32; ;Sì;yes; ;Roma;Laurea magistrale o successivo;18;5;5;Prevalentemente pianeggiante;Flat;Sì;No;Sì;No;Sì;Sì;Sì;No;Sì;yes;Rome
Lavoro;Numero di volte;2;5;Bus/Tram;Metro; ; ; ;yes;yes;Public;3;2;0;4;0;0;2;3;3;2;2;3;0;0;3;4;3;3;2;4;3;2;2;5;5;3;5;5;2;4;4;3;4;4;4;5;4;4;4;4;5;4;2;3;0;0;Roma;Roma;yes;4;0;0;100;0;0;5;2;2;5;1;1;5;2;2;2;2; ; ; ; ; ; ; ; ; ; ; ; ; ; ; ; ; ;4;1;4;1;4;1;1;0;2;0;Donna;Female;1994;30; ;Sì;yes; ;Roma;Laurea magistrale o successivo;18;3;4;Caratterizzata da piccole salite;Easy climbs;No;No;No;No;No;Sì;Sì;No;Sì;yes;Rome
Lavoro;Numero di volte;2;3;Auto; ; ; ; ;no;no;Private;3;3;3;3;3;3;3;3;4;4;4;4;4;4;4;4;2;2;2;2;4;4;4;4;4;4;5;5;5;5;5;5;2;2;2;2;2;2;2;2;2;2;2;0;0;0;Roma;Roma;yes;0;0;0;0;0;0;0;0;0;0;0;0;0;0;0;0;0; ; ; ; ; ; ; ; ; ; ; ; ; ; ; ; ; ;2;0;3;1;2;0;1;0;3;1;Donna;Female;1988;36; ;Sì;yes; ;Roma;Media superiore;13;3;2;Prevalentemente pianeggiante;Flat;Sì;No;No;No;No;Sì;No;No;Sì;yes;Rome
Lavoro;Numero di volte;2;5;Auto; ; ; ; ;no;no;Private;0;0;0;0;0;0;0;0;1;1;1;1;0;0;0;2;1;0;0;3;1;1;1;5;5;5;5;5;5;5;5;5;4;5;5;5;4;4;4;4;3;3;3;3;3;3;Roma;Pomezia;no;3;4;3;30;30;30;3;3;3;3;3;3;3;3;3;3;3; ; ; ; ; ; ; ; ; ; ; ; ; ; ; ; ; ;4;1;3;1;4;1;3;1;2;0;Uomo;Male;1992;32; ;Sì;yes; ;Palermo;Media superiore;13;4;3;Prevalentemente pianeggiante;Flat;Sì;No;Sì;Sì;Sì;Sì;Sì;Sì;Sì;no;Not Rome
Lavoro;Numero di volte;2;6;Bus/Tram;Metro; ; ; ;yes;yes;Public;0;0;0;0;0;0;0;0;5;5;5;5;5;5;5;5;0;0;0;0;2;2;2;2;2;2;2;2;2;2;2;2;2;2;2;2;5;2;2;2;2;5;5;5;5;5;Roma;Roma;yes;5;5;5;100;100;100;5;5;5;5;5;5;5;5;5;5;5; ; ; ; ; ; ; ; ; ; ; ; ; ; ; ; ; ;4;1;3;1;4;1;3;1;4;1;Donna;Female;1996;28; ;Sì;yes; ;Taranto;Media superiore;13;3;4;Prevalentemente pianeggiante;Flat;No;No;No;No;No;Sì;No;Sì;No;yes;Rome
Lavoro;Numero di volte;2;4;Bici; ; ; ; ;yes;yes;VRU;5;5;5;5;0;0;0;0;5;5;5;5;0;0;0;0;2;2;2;2;4;4;4;4;4;4;5;5;5;5;5;5;5;5;5;5;4;5;5;5;4;4;4;1;1;1;Roma;Roma;yes;5;5;5;100;100;100;5;5;5;5;5;5;5;5;5;5;5; ; ; ; ; ; ; ; ; ; ; ; ; ; ; ; ; ;3;1;3;1;4;1;4;1;4;1;Donna;Female;1992;32; ;Sì;yes; ;Roma;Media superiore;13;0;1;Prevalentemente pianeggiante;Flat;No;No;Sì;No;No;Sì;Sì;Sì;Sì;yes;Rome
Lavoro;Numero di volte;2;6;Auto; ; ; ; ;no;no;Private;1;1;3;4;0;2;4;0;1;4;4;0;1;0;2;4;3;2;2;0;0;0;2;2;2;2;5;5;5;5;5;4;4;4;4;5;5;4;4;4;5;5;4;3;2;2;Roma;Roma;yes;5;4;4;10;10;10;0;0;0;0;0;0;0;0;0;0;0; ; ; ; ; ; ; ; ; ; ; ; ; ; ; ; ; ;2;0;1;0;3;1;3;1;1;0;Donna;Female;1991;33; ;Sì;yes; ;Roma;Licenza elementare/media inferiore;8;3;5;Caratterizzata da forti pendenze;Steep slopes;Sì;Sì;Sì;Sì;Sì;Sì;Sì;Sì;Sì;yes;Rome
Lavoro;Numero di volte;2;2;Auto;Bus/Tram;Moto/scooter; ; ;yes;yes;Public;5;1;2;5;0;0;0;0;1;4;4;0;0;1;2;5;4;1;1;5;2;4;4;5;4;3;5;5;4;5;4;4;5;5;5;5;5;5;5;5;5;5;5;2;2;2;Roma;Roma;yes;5;5;5;50;0;0;0;5;5;5;3;3;5;4;4;1;1; ; ; ; ; ; ; ; ; ; ; ; ; ; ; ; ; ;1;0;3;1;3;1;2;0;4;1;Donna;Female;1993;31; ;Sì;yes; ;Roma;Laurea magistrale o successivo;18;4;4;Caratterizzata da forti pendenze;Steep slopes;Sì;No;No;No;No;Sì;Sì;No;Sì;yes;Rome
Lavoro;Numero di volte;2;5;Moto/scooter; ; ; ; ;no;yes;Private;2;3;3;1;0;0;1;3;4;4;4;2;5;4;4;3;5;4;2;5;0;2;1;4;4;3;4;3;2;5;4;0;4;4;4;4;4;4;4;4;4;4;4;0;1;0;Roma;Roma;yes;3;3;3;0;0;0;0;0;0;0;0;0;1;2;2;2;2; ; ; ; ; ; ; ; ; ; ; ; ; ; ; ; ; ;2;0;4;1;2;0;1;0;2;0;Uomo;Male;1992;32; ;Sì;yes; ;Roma;Laurea magistrale o successivo;18;3;4;Prevalentemente pianeggiante;Flat;Sì;No;Sì;No;No;Sì;Sì;No;Sì;yes;Rome
Lavoro;Numero di volte;2;3;Vado a piedi; ; ; ; ;yes;yes;VRU;1;1;1;5;0;0;0;0;3;3;3;3;0;0;0;4;0;0;0;0;5;5;5;5;5;5;5;5;5;5;5;5;3;3;4;4;1;3;4;4;1;1;1;5;5;5;Roma;Roma;yes;5;5;5;100;100;100;5;5;5;5;5;5;5;5;5;5;5; ; ; ; ; ; ; ; ; ; ; ; ; ; ; ; ; ;4;1;4;1;4;1;4;1;4;1;Donna;Female;1989;35; ;Sì;yes; ;Caserta;Laurea (triennale) di primo livello;16;4;4;Caratterizzata da piccole salite;Easy climbs;Sì;No;Sì;No;No;Sì;No;Sì;Sì;yes;Rome
Non lavoro e non studio; N/A;1; ; ; ; ; ; ;no;no;N/A;1;2;3;3;1;1;1;3;4;5;5;3;1;1;1;4;1;1;1;1;2;2;2;5;5;5;5;5;5;5;5;5;4;4;4;4;5;5;5;5;5;5;5;4;4;4; ; ;yes;5;2;1;50;0;0;5;2;1;5;2;1;5;2;2;2;2;5;2;1;50;0;0;5;2;1;5;2;1;5;2;2;2;2;4;1;2;0;4;1;4;1;3;1;Uomo;Male;2001;23;Roma;Sì;yes; ;Roma;Media superiore;13;4;2;Prevalentemente pianeggiante;Flat;Sì;No;Sì;No;No;Sì;No;No;Sì;;
Lavoro;Numero di volte;2;5;Auto; ; ; ; ;no;no;Private;5;5;4;4;0;0;0;0;5;5;4;1;0;0;0;2;5;4;4;0;0;1;1;5;5;5;5;4;4;5;5;5;5;5;5;5;5;5;5;5;5;5;5;3;3;3;Roma;Pontenuova;no;0;0;0;0;0;0;4;4;4;2;2;2;2;4;4;4;4; ; ; ; ; ; ; ; ; ; ; ; ; ; ; ; ; ;4;1;4;1;4;1;2;0;1;0;Uomo;Male;1990;34; ;Sì;yes; ;Roma;Media superiore;13;2;4;Caratterizzata da forti pendenze;Steep slopes;Sì;No;No;No;No;Sì;Sì;Sì;Sì;no;Not Rome
Sono uno studente;Numero di volte;2;5;Bus/Tram; ; ; ; ;yes;yes;Public;3;3;1;1;0;0;0;0;3;4;4;3;3;0;3;3;5;4;3;1;1;2;2;1;0;0;3;2;3;5;5;2;4;4;3;4;4;4;4;4;4;4;4;3;3;3;Roma;Roma;yes;5;4;4;3;0;2;4;4;4;4;5;5;5;4;4;4;5; ; ; ; ; ; ; ; ; ; ; ; ; ; ; ; ; ;4;1;3;1;4;1;3;1;4;1;Uomo;Male;2000;24; ;Sì;yes; ;Roma;Laurea (triennale) di primo livello;16;4;5;Caratterizzata da piccole salite;Easy climbs;Sì;Sì;Sì;Sì;No;Sì;Sì;Sì;Sì;yes;Rome
Lavoro;Numero di volte;2;5;Auto; ; ; ; ;no;no;Private;0;0;0;5;0;0;0;0;0;3;3;3;0;0;0;5;2;2;2;2;4;4;4;5;5;4;5;5;3;5;5;3;5;5;5;5;5;5;5;5;5;5;5;0;3;3;Velletri;Velletri;yes;0;0;0;0;0;0;5;5;5;5;5;5;5;5;5;5;5; ; ; ; ; ; ; ; ; ; ; ; ; ; ; ; ; ;1;0;4;1;4;1;4;1;1;0;Donna;Female;1989;35; ;Sì;yes; ;Roma;Laurea (triennale) di primo livello;16;2;0;Prevalentemente pianeggiante;Flat;Sì;No;Sì;No;No;Sì;No;Sì;Sì;yes;Not Rome
Non lavoro e non studio; N/A;1; ; ; ; ; ; ;no;no;N/A;5;5;5;5;3;3;3;3;5;5;5;5;0;0;0;0;0;0;0;0;5;5;5;5;5;5;4;4;4;4;4;4;5;5;5;5;5;5;5;5;5;5;5;5;5;5; ; ;yes;5;5;5;100;100;100;5;5;5;5;5;5;5;5;5;5;5;5;5;5;100;100;100;5;5;5;5;5;5;5;5;5;5;5;4;1;4;1;4;1;1;0;1;0;Donna;Female;1991;33;Grottaferrata;Sì;yes; ;Marino;Media superiore;13;5;1;Prevalentemente pianeggiante;Flat;No;No;Sì;No;No;Sì;No;No;Sì;;
Non lavoro e non studio; N/A;1; ; ; ; ; ; ;no;no;N/A;5;5;5;1;2;2;2;2;4;5;5;2;1;1;1;5;5;5;5;3;4;4;4;5;5;5;4;4;4;3;3;3;5;5;5;5;5;5;5;5;5;5;5;4;4;4; ; ;yes;2;2;2;0;0;0;2;2;2;3;3;3;2;1;1;1;1;2;2;2;0;0;0;2;2;2;3;3;3;2;1;1;1;1;1;0;3;1;1;0;1;0;3;1;Donna;Female;1995;29;Roma;Sì;yes; ;Nigeria;Media superiore;13;3;4;Prevalentemente pianeggiante;Flat;No;No;No;No;No;No;No;No;No;;
Lavoro;Numero di volte;2;5;Auto; ; ; ; ;no;no;Private;0;2;4;4;0;0;0;0;3;3;3;1;0;0;0;3;5;3;3;0;0;0;0;5;5;5;4;4;4;4;4;4;4;4;3;3;5;4;4;4;5;3;3;3;3;3;Roma;Roma;yes;1;1;0;10;0;0;2;2;0;2;2;0;1;2;1;2;1; ; ; ; ; ; ; ; ; ; ; ; ; ; ; ; ; ;2;0;2;0;2;0;2;0;2;0;Uomo;Male;1999;25; ;Sì;yes; ;Roma;Laurea (triennale) di primo livello;16;4;5;Caratterizzata da piccole salite;Easy climbs;Sì;No;Sì;No;No;Sì;Sì;No;Sì;yes;Rome
Lavoro;Numero di volte;2;5;Auto; ; ; ; ;no;no;Private;5;5;0;3;0;0;0;0;3;3;5;3;0;0;0;4;0;0;0;4;5;5;5;0;0;1;3;3;3;5;5;5;5;5;5;5;2;5;5;4;4;0;0;4;4;4;Roma;Fiumicino;no;5;0;0;0;0;0;0;0;0;0;0;0;0;0;0;0;0; ; ; ; ; ; ; ; ; ; ; ; ; ; ; ; ; ;1;0;1;0;2;0;1;0;2;0;Uomo;Male;1996;28; ;Sì;yes; ;Reggio Calabria;Media superiore;13;3;3;Prevalentemente pianeggiante;Flat;Sì;No;No;No;No;Sì;No;No;Sì;no;Not Rome
Lavoro;Numero di volte;2;7;Auto; ; ; ; ;no;no;Private;4;4;4;4;5;5;5;5;3;3;3;3;4;4;4;4;3;3;3;3;2;2;2;2;2;2;5;5;5;5;5;5;3;3;2;2;5;3;2;2;5;5;5;4;4;4;Roma;Roma;yes;3;3;3;5;5;5;0;0;0;0;0;0;0;0;0;0;0; ; ; ; ; ; ; ; ; ; ; ; ; ; ; ; ; ;2;0;4;1;2;0;3;1;2;0;Uomo;Male;1995;29; ;No;no;Ghana;Ghana;Media superiore;13;3;3;Prevalentemente pianeggiante;Flat;Sì;No;No;No;No;No;No;No;Sì;yes;Rome
Lavoro;Numero di volte;2;3;Auto;Bus/Tram; ; ; ;yes;yes;Public;5;0;0;4;0;0;0;0;3;4;4;3;0;1;1;5;4;3;3;1;2;4;4;5;4;4;4;4;4;4;4;4;5;5;4;5;5;5;5;5;5;5;5;4;4;0;Roma;Roma;yes;5;5;5;15;20;0;5;5;5;0;4;4;3;5;5;5;5; ; ; ; ; ; ; ; ; ; ; ; ; ; ; ; ; ;4;1;2;0;1;0;4;1;3;1;Donna;Female;1992;32; ;Sì;yes; ;Salerno;Laurea magistrale o successivo;18;4;4;Caratterizzata da piccole salite;Easy climbs;Sì;No;Sì;No;No;Sì;Sì;Sì;Sì;yes;Rome
Lavoro;Numero di volte;2;10;Metro; ; ; ; ;yes;yes;Public;3;5;0;5;0;0;0;0;5;3;3;0;0;3;3;5;5;3;3;0;0;3;3;5;3;3;5;5;0;5;5;0;3;4;4;4;5;5;5;5;5;5;5;5;3;3;Roma;Roma;yes;5;0;0;100;0;0;2;5;2;2;4;4;3;4;4;4;4; ; ; ; ; ; ; ; ; ; ; ; ; ; ; ; ; ;1;0;4;1;4;1;4;1;3;1;Donna;Female;1993;31; ;Sì;yes; ;Olbia;Laurea magistrale o successivo;18;3;0;Caratterizzata da forti pendenze;Steep slopes;Sì;Sì;Sì;Sì;Sì;Sì;Sì;Sì;Sì;yes;Rome
Lavoro;Numero di volte;2;5;Auto; ; ; ; ;no;no;Private;4;4;4;5;0;0;0;0;5;5;5;5;1;1;1;5;5;5;5;4;5;5;5;1;1;1;4;4;4;4;4;4;5;5;5;5;5;5;5;5;0;5;0;1;1;1;Roma;Roma;yes;1;1;1;0;0;0;0;0;0;0;0;0;4;3;3;3;3; ; ; ; ; ; ; ; ; ; ; ; ; ; ; ; ; ;4;1;3;1;2;0;2;0;1;0;Donna;Female;1991;33; ;Sì;yes; ;Roma;Laurea (triennale) di primo livello;16;3;2;Prevalentemente pianeggiante;Flat;Sì;Sì;Sì;Sì;Sì;Sì;Sì;Sì;Sì;yes;Rome
Lavoro;Numero di volte;2;5;Auto; ; ; ; ;no;no;Private;5;5;5;1;0;0;0;0;5;5;5;5;0;0;0;5;5;5;5;5;5;5;5;5;5;5;5;5;5;5;5;5;5;5;4;4;5;5;4;4;4;5;5;1;1;1;Roma;Roma;yes;5;5;5;0;0;0;0;0;0;0;0;0;0;0;0;0;0; ; ; ; ; ; ; ; ; ; ; ; ; ; ; ; ; ;1;0;2;0;1;0;4;1;1;0;Donna;Female;1999;25; ;Sì;yes; ;Roma;Laurea (triennale) di primo livello;16;4;0;Caratterizzata da piccole salite;Easy climbs;Sì;Sì;No;No;No;Sì;No;No;Sì;yes;Rome
Non lavoro e non studio; N/A;1; ; ; ; ; ; ;no;no;N/A;4;0;0;5;2;2;2;2;5;5;5;4;0;0;0;4;4;4;3;4;3;3;3;5;5;4;5;5;5;5;5;5;5;5;5;5;5;5;5;5;5;5;5;4;3;3; ; ;yes;4;4;3;60;0;0;3;3;3;4;3;3;3;4;3;3;3;4;4;3;60;0;0;3;3;3;4;3;3;3;4;3;3;3;1;0;3;1;2;0;1;0;1;0;Donna;Female;1993;31;Velletri;Sì;yes; ;Velletri;Licenza elementare/media inferiore;8;3;4;Prevalentemente pianeggiante;Flat;Sì;No;No;No;No;Sì;No;No;Sì;;
Lavoro;Numero di volte;2;2;Auto;Metro; ; ; ;yes;yes;Public;0;0;0;3;0;0;1;0;0;0;0;1;0;0;0;4;1;1;1;0;2;1;1;5;5;5;5;5;4;5;5;4;5;5;5;5;3;5;5;5;5;3;3;5;4;3;Roma;Roma;yes;5;2;0;30;3;0;4;1;0;4;2;0;3;4;0;2;0; ; ; ; ; ; ; ; ; ; ; ; ; ; ; ; ; ;1;0;2;0;1;0;3;1;3;1;Uomo;Male;1990;34; ;Sì;yes; ;Napoli;Laurea magistrale o successivo;18;4;5;Caratterizzata da piccole salite;Easy climbs;Sì;No;Sì;Sì;No;Sì;No;Sì;Sì;yes;Rome
Lavoro;Numero di volte;2;3;Metro; ; ; ; ;yes;yes;Public;0;0;0;4;0;0;0;4;4;4;4;3;0;0;2;4;1;1;1;4;4;4;5;5;5;4;5;5;5;5;5;5;1;3;0;4;2;3;4;1;4;0;1;5;5;5;Roma;Roma;yes;5;3;3;100;10;10;5;5;5;5;5;5;5;5;5;4;4; ; ; ; ; ; ; ; ; ; ; ; ; ; ; ; ; ;4;1;4;1;4;1;3;1;4;1;Uomo;Male;1989;35; ;Sì;yes; ;Roma;Laurea (triennale) di primo livello;16;3;4;Caratterizzata da piccole salite;Easy climbs;Sì;No;Sì;No;No;Sì;Sì;Sì;Sì;yes;Rome
Sono uno studente e lavoro;Numero di volte;2;6;Auto; ; ; ; ;no;no;Private;1;2;3;3;0;0;0;0;4;4;4;4;0;0;3;4;3;3;3;0;0;0;0;5;5;3;5;5;5;5;5;3;5;5;5;4;4;5;5;5;4;4;4;4;3;3;Roma;Roma;yes;5;3;4;0;10;10;4;4;4;5;5;5;4;3;3;3;3; ; ; ; ; ; ; ; ; ; ; ; ; ; ; ; ; ;4;1;4;1;2;0;3;1;2;0;Uomo;Male;1998;26; ;Sì;yes; ;Roma;Media superiore;13;1;3;Caratterizzata da forti pendenze;Steep slopes;Sì;No;Sì;No;No;Sì;Sì;No;Sì;yes;Rome
Lavoro;Numero di volte;2;6;Auto; ; ; ; ;no;no;Private;5;5;5;5;0;0;0;0;3;3;3;3;0;3;3;3;4;4;4;4;3;3;3;3;3;3;4;4;4;4;4;4;5;5;5;5;3;5;5;5;2;3;3;3;3;3;Roma;Frascati;no;4;4;4;0;50;0;0;4;0;0;4;0;0;4;0;4;0; ; ; ; ; ; ; ; ; ; ; ; ; ; ; ; ; ;2;0;1;0;3;1;3;1;1;0;Uomo;Male;1996;28; ;Sì;yes; ;Roma;Laurea (triennale) di primo livello;16;2;2;Caratterizzata da piccole salite;Easy climbs;Sì;No;Sì;No;No;Sì;No;No;Sì;no;Not Rome
Lavoro;Numero di volte;2;2;Auto; ; ; ; ;no;no;Private;4;4;3;4;1;0;0;0;1;2;2;1;0;0;3;3;4;4;4;1;5;5;5;5;5;5;5;5;5;5;5;5;5;5;5;5;5;5;5;5;5;5;5;3;3;3;Roma;Roma;yes;0;0;0;0;0;0;4;4;4;4;4;4;0;4;4;4;4; ; ; ; ; ; ; ; ; ; ; ; ; ; ; ; ; ;1;0;3;1;2;0;3;1;3;1;Donna;Female;1999;25; ;Sì;yes; ;Barcellona Pozzo di Gotto;Laurea (triennale) di primo livello;16;4;5;Prevalentemente pianeggiante;Flat;Sì;No;No;No;No;Sì;No;Sì;Sì;yes;Rome
Lavoro e studio;Numero di volte;2;7;Bus/Tram; ; ; ; ;yes;yes;Public;1;1;1;5;1;1;1;1;2;2;2;2;0;0;2;4;5;4;4;5;1;4;4;5;5;5;5;5;5;5;5;5;5;5;5;5;5;5;5;5;5;5;5;3;3;3;Roma;Roma;yes;1;3;3;1;1;1;5;5;5;5;5;5;5;5;5;5;5; ; ; ; ; ; ; ; ; ; ; ; ; ; ; ; ; ;4;1;4;1;4;1;3;1;3;1;Uomo;Male;1990;34; ;Sì;yes; ;Battipaglia;Media superiore;13;2;3;Prevalentemente pianeggiante;Flat;No;No;No;Sì;No;Sì;Sì;Sì;Sì;yes;Rome
Lavoro;Numero di volte;2;5;Auto; ; ; ; ;no;no;Private;0;0;3;5;0;0;0;0;3;3;3;3;0;0;0;4;5;3;3;0;0;0;0;5;5;5;5;5;5;5;5;5;3;3;4;0;2;2;2;2;2;2;2;3;3;3;Roma;Frosinone;no;3;3;3;50;50;50;0;0;0;0;0;0;0;0;0;0;0; ; ; ; ; ; ; ; ; ; ; ; ; ; ; ; ; ;1;0;4;1;4;1;3;1;2;0;Donna;Female;1994;30; ;Sì;yes; ;Frosinone;Laurea (triennale) di primo livello;16;3;3;Caratterizzata da piccole salite;Easy climbs;Sì;No;Sì;Sì;Sì;Sì;Sì;Sì;Sì;no;Not Rome
Sono uno studente;Numero di volte;2;4;Auto; ; ; ; ;no;no;Private;0;3;3;3;0;2;0;1;3;3;3;4;1;1;2;4;3;2;1;2;3;4;4;5;5;4;5;4;4;5;5;3;4;5;5;4;5;0;0;1;4;2;2;3;0;0;Roma;Roma;yes;0;1;0;0;0;0;0;0;1;0;0;0;0;0;4;3;5; ; ; ; ; ; ; ; ; ; ; ; ; ; ; ; ; ;3;1;4;1;4;1;3;1;2;0;Uomo;Male;2001;23; ;Sì;yes; ;Roma;Media superiore;13;4;3;Prevalentemente pianeggiante;Flat;Sì;No;Sì;No;No;Sì;Sì;Sì;Sì;yes;Rome
Sono uno studente;0 (Mai, lavoro da casa, sto sempre a casa);3;0; ; ; ; ; ;no;no;N/A;3;5;5;0;0;0;0;0;2;2;5;0;0;0;2;5;0;0;2;0;2;2;2;5;5;3;5;5;5;5;5;4;5;5;5;5;5;5;5;5;5;5;3;3;3;3;Roma;Roma;yes;2;0;0;80;0;0;0;0;0;0;0;0;0;0;0;0;0;2;0;0;80;0;0;0;0;0;0;0;0;0;0;0;0;0;1;0;4;1;1;0;1;0;4;1;Donna;Female;2005;19;Roma;Sì;yes; ;Roma;Laurea (triennale) di primo livello;16;2;5;Prevalentemente pianeggiante;Flat;Sì;No;Sì;No;No;Sì;Sì;No;Sì;yes;Rome
Lavoro;Numero di volte;2;5;Auto;Vado a piedi; ; ; ;yes;yes;VRU;5;5;5;1;1;1;1;5;5;5;5;5;3;3;3;3;5;5;5;5;5;5;5;5;5;5;5;5;5;5;5;5;3;3;5;5;5;3;5;5;3;5;5;3;3;3;Fiumicino;Fiumicino;yes;5;5;5;30;30;30;5;5;5;5;5;5;5;5;5;5;5; ; ; ; ; ; ; ; ; ; ; ; ; ; ; ; ; ;3;1;4;1;3;1;4;1;2;0;Donna;Female;1988;36; ;Sì;yes; ;Roma;Media superiore;13;4;0;Prevalentemente pianeggiante;Flat;Sì;No;Sì;No;No;Sì;Sì;Sì;Sì;yes;Not Rome
Lavoro;Numero di volte;2;3;Auto; ; ; ; ;no;no;Private;0;0;0;3;0;0;0;0;1;3;3;3;0;0;0;4;2;2;2;2;2;2;2;5;5;5;3;3;3;3;3;3;4;5;4;4;4;4;4;4;4;4;3;1;0;0;Roma;Roma;yes;5;0;0;0;0;0;0;0;0;0;0;0;0;0;0;0;0; ; ; ; ; ; ; ; ; ; ; ; ; ; ; ; ; ;4;1;3;1;3;1;2;0;3;1;Donna;Female;1990;34; ;Sì;yes; ;Roma;Laurea magistrale o successivo;18;3;5;Prevalentemente pianeggiante;Flat;Sì;No;Sì;No;No;Sì;Sì;Sì;Sì;yes;Rome
Sono uno studente;Numero di volte;2;5;Bici; ; ; ; ;yes;yes;VRU;0;0;0;5;0;0;0;4;1;4;3;5;0;1;4;5;2;0;0;1;3;5;4;5;5;2;5;5;0;5;5;0;5;5;3;5;4;5;5;5;5;3;4;5;4;3;Roma;Roma;yes;5;5;0;5;5;0;1;5;5;4;5;5;5;5;0;5;0; ; ; ; ; ; ; ; ; ; ; ; ; ; ; ; ; ;4;1;4;1;4;1;4;1;4;1;Uomo;Male;1997;27; ;Sì;yes; ;Parma;Laurea (triennale) di primo livello;16;5;5;Prevalentemente pianeggiante;Flat;No;No;Sì;No;No;Sì;No;No;No;yes;Rome
Lavoro;Numero di volte;2;5;Auto; ; ; ; ;no;no;Private;0;0;0;0;0;0;0;0;3;3;3;3;0;0;0;5;0;0;0;0;3;3;3;3;3;3;4;4;4;4;4;4;4;3;4;4;3;4;4;4;2;4;4;2;2;2;Roma;Roma;yes;1;1;1;20;20;20;2;3;3;1;1;1;1;0;0;0;0; ; ; ; ; ; ; ; ; ; ; ; ; ; ; ; ; ;2;0;3;1;3;1;2;0;3;1;Uomo;Male;1994;30; ;Sì;yes; ;Roma;Laurea (triennale) di primo livello;16;3;2;Prevalentemente pianeggiante;Flat;Sì;No;Sì;No;No;Sì;Sì;Sì;Sì;yes;Rome
Lavoro;Numero di volte;2;6;Auto; ; ; ; ;no;no;Private;0;5;5;0;5;5;5;0;5;5;5;3;3;0;0;3;3;3;3;0;3;3;3;5;5;5;5;5;5;5;5;5;5;5;5;5;3;5;5;5;5;3;3;5;3;3;Roma;Roma;yes;4;2;2;70;0;0;5;5;5;5;5;0;5;5;5;5;5; ; ; ; ; ; ; ; ; ; ; ; ; ; ; ; ; ;4;1;1;0;1;0;4;1;3;1;Donna;Female;1989;35; ;Sì;yes; ;Calabria;Licenza elementare/media inferiore;8;5;3;Caratterizzata da piccole salite;Easy climbs;Sì;No;Sì;No;No;Sì;No;Sì;Sì;yes;Rome
Lavoro;0 (Mai, lavoro da casa, sto sempre a casa);3;0; ; ; ; ; ;no;no;N/A;1;1;1;1;2;2;2;2;4;4;4;4;1;1;1;1;1;1;1;1;5;5;5;5;5;5;5;5;5;5;5;5;5;5;4;4;2;5;4;4;4;2;2;5;5;5;Roma;Roma;yes;5;5;5;100;100;100;5;5;5;5;5;5;5;5;5;5;5;5;5;5;100;100;100;5;5;5;5;5;5;5;5;5;5;5;4;1;2;0;4;1;4;1;4;1;Uomo;Male;1994;30;Roma;Sì;yes; ;Roma;Laurea magistrale o successivo;18;4;4;Prevalentemente pianeggiante;Flat;Sì;No;Sì;No;No;Sì;Sì;Sì;Sì;yes;Rome
Lavoro;Numero di volte;2;4;Auto;Vado a piedi; ; ; ;yes;yes;VRU;0;0;0;0;0;0;0;0;1;1;1;1;0;0;0;3;1;1;1;3;5;5;5;5;5;5;5;5;5;5;5;5;5;4;2;4;3;5;4;4;4;3;3;4;4;4;Roma;Roma;yes;5;3;3;70;70;70;5;3;3;5;3;3;5;3;3;3;3; ; ; ; ; ; ; ; ; ; ; ; ; ; ; ; ; ;3;1;4;1;1;0;3;1;3;1;Donna;Female;1989;35; ;Sì;yes; ;Roma;Laurea magistrale o successivo;18;3;3;Prevalentemente pianeggiante;Flat;Sì;No;No;No;No;Sì;No;No;Sì;yes;Rome
Lavoro;Numero di volte;2;5;Bus/Tram; ; ; ; ;yes;yes;Public;2;2;2;2;0;0;0;0;4;4;4;1;4;0;0;0;0;0;3;2;3;3;3;0;1;3;3;3;3;3;3;3;4;4;4;4;5;4;4;3;4;5;5;5;3;3;Roma;Roma;yes;4;2;2;10;0;0;3;2;1;4;2;2;3;3;2;3;2; ; ; ; ; ; ; ; ; ; ; ; ; ; ; ; ; ;1;0;2;0;2;0;2;0;3;1;Uomo;Male;1989;35; ;Sì;yes; ;Roma;Laurea (triennale) di primo livello;16;3;4;Caratterizzata da piccole salite;Easy climbs;Sì;No;Sì;No;No;Sì;Sì;No;Sì;yes;Rome
Lavoro;Numero di volte;2;5;Auto; ; ; ; ;no;no;Private;5;5;5;5;0;0;0;0;2;2;2;2;0;5;5;5;2;2;2;2;4;4;4;4;4;4;5;5;5;5;5;5;5;5;5;5;5;5;5;5;3;5;5;3;3;3;Roma;Roma;yes;0;0;0;0;0;0;0;0;0;0;0;0;0;0;0;0;0; ; ; ; ; ; ; ; ; ; ; ; ; ; ; ; ; ;1;0;4;1;2;0;1;0;1;0;Donna;Female;1993;31; ;Sì;yes; ;Roma;Licenza elementare/media inferiore;8;2;1;Prevalentemente pianeggiante;Flat;Sì;No;No;No;No;Sì;Sì;Sì;Sì;yes;Rome
Lavoro;Numero di volte;2;5;Auto; ; ; ; ;no;no;Private;0;0;0;2;0;0;0;3;5;5;5;0;0;0;0;0;5;5;5;0;0;0;0;5;5;5;5;5;5;5;5;5;5;5;5;5;5;5;5;5;5;5;5;0;0;0;Roma;Formia;no;0;0;0;0;0;0;0;0;0;0;0;0;0;0;0;0;0; ; ; ; ; ; ; ; ; ; ; ; ; ; ; ; ; ;1;0;4;1;1;0;4;1;4;1;Donna;Female;1993;31; ;Sì;yes; ;Formia;Media superiore;13;4;4;Caratterizzata da forti pendenze;Steep slopes;Sì;No;No;No;No;Sì;No;No;Sì;no;Not Rome
Lavoro;Numero di volte;2;6;Auto; ; ; ; ;no;no;Private;0;0;0;3;0;0;0;0;5;5;5;3;0;0;0;5;5;3;3;3;0;2;2;3;3;3;4;4;4;4;4;4;5;5;5;5;4;5;5;5;5;5;5;1;1;1;Fiumicino;Fiumicino;yes;0;0;0;0;0;0;3;3;3;3;3;3;3;0;0;0;0; ; ; ; ; ; ; ; ; ; ; ; ; ; ; ; ; ;1;0;4;1;2;0;4;1;1;0;Uomo;Male;1989;35; ;Sì;yes; ;Roma;Media superiore;13;3;3;Caratterizzata da piccole salite;Easy climbs;Sì;Sì;Sì;Sì;No;Sì;Sì;Sì;Sì;yes;Not Rome
Non lavoro e non studio; N/A;1; ; ; ; ; ; ;no;no;N/A;0;0;0;0;0;0;0;0;5;5;5;2;0;0;3;5;2;2;2;4;0;0;0;3;3;3;3;3;3;3;3;3;5;5;5;5;5;5;5;5;5;5;5;0;0;0; ; ;yes;0;0;0;0;0;0;3;3;3;0;0;0;0;0;0;0;0;0;0;0;0;0;0;3;3;3;0;0;0;0;0;0;0;0;2;0;2;0;1;0;1;0;1;0;Donna;Female;1991;33;Roma;Sì;yes; ;Roma;Media superiore;13;2;3;Prevalentemente pianeggiante;Flat;Sì;No;Sì;No;No;Sì;Sì;No;Sì;;
Lavoro;Numero di volte;2;5;Metro; ; ; ; ;yes;yes;Public;3;3;3;3;0;0;0;0;0;0;0;3;0;0;0;3;0;0;0;0;5;5;5;5;5;5;5;5;5;5;5;5;4;5;5;5;4;4;4;4;4;4;2;4;4;4;Roma;Roma;yes;5;0;0;80;0;0;3;3;3;3;3;3;3;3;3;3;3; ; ; ; ; ; ; ; ; ; ; ; ; ; ; ; ; ;4;1;3;1;4;1;2;0;4;1;Uomo;Male;1998;26; ;Sì;yes; ;Roma;Media superiore;13;3;3;Prevalentemente pianeggiante;Flat;Sì;No;No;No;No;Sì;Sì;Sì;Sì;yes;Rome
Non lavoro e non studio; N/A;1; ; ; ; ; ; ;no;no;N/A;0;0;0;3;0;0;0;0;0;0;0;0;0;0;0;0;0;0;0;0;5;5;5;5;5;5;5;5;5;5;5;5;5;5;5;5;5;5;5;5;5;5;5;2;4;4; ; ;yes;4;4;4;20;80;20;0;5;5;0;5;5;0;5;5;5;5;4;4;4;20;80;20;0;5;5;0;5;5;0;5;5;5;5;4;1;3;1;4;1;4;1;1;0;Donna;Female;1989;35;Roma;No;no;Colombia;Colombia;Media superiore;13;5;2;Prevalentemente pianeggiante;Flat;Sì;Sì;Sì;Sì;No;Sì;Sì;Sì;No;;
Lavoro;Numero di volte;2;5;Bus/Tram;Metro; ; ; ;yes;yes;Public;4;4;4;4;0;0;0;0;3;3;3;3;0;5;5;5;5;5;5;5;0;0;0;0;0;0;2;2;2;2;2;2;4;4;4;4;2;4;4;4;4;2;2;3;3;3;Roma;Roma;yes;5;5;5;100;100;100;5;5;5;5;5;5;5;5;5;5;5; ; ; ; ; ; ; ; ; ; ; ; ; ; ; ; ; ;4;1;3;1;4;1;2;0;3;1;Donna;Female;1994;30; ;Sì;yes; ;Bari;Laurea magistrale o successivo;18;4;5;Prevalentemente pianeggiante;Flat;No;No;No;No;No;No;No;No;Sì;yes;Rome
Non lavoro e non studio; N/A;1; ; ; ; ; ; ;no;no;N/A;1;2;5;5;0;0;0;0;5;0;5;0;0;2;2;2;5;5;5;5;0;3;3;2;1;2;5;4;3;5;2;3;5;4;3;2;2;5;5;4;3;0;0;4;3;2; ; ;yes;0;0;0;0;0;0;3;3;3;5;5;5;5;0;0;5;5;0;0;0;0;0;0;3;3;3;5;5;5;5;0;0;5;5;4;1;3;1;4;1;1;0;1;0;Donna;Female;1992;32;Ciampino;Sì;yes; ;Roma;Media superiore;13;0;0;Prevalentemente pianeggiante;Flat;No;No;No;No;No;No;No;No;No;;
Lavoro;Numero di volte;2;2;Bus/Tram;Metro; ; ; ;yes;yes;Public;0;5;5;5;0;0;0;0;2;5;5;3;0;0;0;5;1;0;0;3;3;3;3;5;5;5;5;3;3;5;3;3;0;0;4;3;3;0;0;0;0;0;0;5;0;0;Roma;Roma;yes;5;0;0;100;0;0;5;0;0;5;0;0;5;0;0;0;0; ; ; ; ; ; ; ; ; ; ; ; ; ; ; ; ; ;4;1;3;1;4;1;1;0;4;1;Donna;Female;1991;33; ;Sì;yes; ;Napoli;Media superiore;13;5;5;Prevalentemente pianeggiante;Flat;Sì;No;No;No;No;Sì;No;No;Sì;yes;Rome
Lavoro;Numero di volte;2;5;Vado a piedi; ; ; ; ;yes;yes;VRU;0;0;0;0;0;0;0;0;0;0;3;0;0;0;0;3;1;1;1;0;3;4;4;5;5;5;5;5;5;5;5;5;4;4;4;4;2;5;5;5;5;3;4;2;3;3;Fiumicino;Fiumicino;yes;5;5;2;100;20;0;5;5;5;4;4;4;5;4;4;4;4; ; ; ; ; ; ; ; ; ; ; ; ; ; ; ; ; ;4;1;3;1;4;1;4;1;3;1;Donna;Female;1990;34; ;Sì;yes; ;Roma;Laurea magistrale o successivo;18;3;3;Prevalentemente pianeggiante;Flat;Sì;No;Sì;Sì;No;Sì;No;No;Sì;yes;Not Rome
Lavoro;Numero di volte;2;5;Auto; ; ; ; ;no;no;Private;0;0;0;0;0;0;0;0;0;2;2;2;2;2;2;2;1;2;2;2;3;3;3;5;5;5;5;5;4;5;5;5;5;5;5;5;5;5;5;5;5;1;1;5;5;5;Roma;Roma;yes;5;5;5;5;5;5;5;5;5;5;5;5;5;5;5;3;3; ; ; ; ; ; ; ; ; ; ; ; ; ; ; ; ; ;4;1;3;1;3;1;4;1;4;1;Uomo;Male;1989;35; ;Sì;yes; ;Civita Vecchia;Media superiore;13;4;2;Caratterizzata da piccole salite;Easy climbs;Sì;No;Sì;Sì;Sì;Sì;Sì;No;Sì;yes;Rome
Lavoro;Numero di volte;2;5;Auto; ; ; ; ;no;no;Private;1;1;1;3;0;0;0;0;3;3;3;3;0;3;3;4;3;2;2;3;0;1;1;4;4;4;4;4;4;4;4;4;4;4;3;4;4;4;4;4;4;2;5;3;0;0;Roma;Roma;yes;0;0;0;0;0;0;0;0;0;0;0;0;0;0;0;0;0; ; ; ; ; ; ; ; ; ; ; ; ; ; ; ; ; ;3;1;3;1;4;1;2;0;3;1;Uomo;Male;1992;32; ;Sì;yes; ;Roma;Laurea magistrale o successivo;18;3;3;Prevalentemente pianeggiante;Flat;Sì;No;No;No;No;Sì;No;No;Sì;yes;Rome
Lavoro e studio;Numero di volte;2;3;Bus/Tram;Metro; ; ; ;yes;yes;Public;0;0;0;0;0;0;0;0;3;3;3;3;0;0;1;2;2;2;2;2;2;2;2;5;4;4;5;5;5;5;5;5;5;5;5;5;5;5;5;5;5;5;5;4;4;4;Roma;Roma;yes;4;4;4;70;30;20;4;4;4;4;4;4;4;4;4;4;4; ; ; ; ; ; ; ; ; ; ; ; ; ; ; ; ; ;3;1;3;1;3;1;4;1;3;1;Uomo;Male;1993;31; ;Sì;yes; ;Vivo Valentia;Laurea (triennale) di primo livello;16;3;2;Caratterizzata da piccole salite;Easy climbs;Sì;No;Sì;No;Sì;Sì;Sì;Sì;Sì;yes;Rome
Lavoro;Numero di volte;2;5;Bus/Tram; ; ; ; ;yes;yes;Public;3;0;0;0;0;0;0;0;5;5;5;5;0;3;3;3;3;2;2;2;0;2;2;5;0;0;5;5;5;5;5;5;5;5;5;5;5;5;5;5;5;5;5;0;0;0;Roma;Roma;yes;5;3;3;0;0;0;3;2;2;5;3;3;5;5;5;3;3; ; ; ; ; ; ; ; ; ; ; ; ; ; ; ; ; ;4;1;4;1;4;1;4;1;4;1;Donna;Female;1989;35; ;Sì;yes; ;Napoli;Laurea magistrale o successivo;18;3;5;Caratterizzata da piccole salite;Easy climbs;No;No;No;No;No;Sì;No;No;Sì;yes;Rome
Lavoro;Numero di volte;2;5;Auto;Bus/Tram;Metro; ; ;yes;yes;Public;5;4;4;3;4;3;3;3;5;4;4;4;1;2;2;4;5;5;5;5;1;1;1;2;2;2;3;3;3;3;3;3;5;3;3;2;5;5;3;2;2;3;4;3;3;3;Roma;Roma;yes;4;4;4;80;85;85;4;4;4;4;4;4;4;4;4;4;4; ; ; ; ; ; ; ; ; ; ; ; ; ; ; ; ; ;1;0;2;0;1;0;1;0;2;0;Donna;Female;1993;31; ;Sì;yes; ;Roma;Media superiore;13;3;4;Prevalentemente pianeggiante;Flat;Sì;Sì;No;No;No;Sì;Sì;Sì;Sì;yes;Rome
Lavoro;Numero di volte;2;1;Metro; ; ; ; ;yes;yes;Public;0;0;0;0;0;0;0;0;3;3;3;1;0;0;0;5;3;2;2;0;1;1;1;5;5;5;4;4;4;4;4;4;5;5;5;5;4;5;5;5;5;5;4;0;0;0;Roma;Roma;yes;0;0;0;0;0;0;0;0;0;0;0;0;0;0;0;0;0; ; ; ; ; ; ; ; ; ; ; ; ; ; ; ; ; ;4;1;3;1;3;1;2;0;3;1;Donna;Female;1990;34; ;Sì;yes; ;Roma;Laurea magistrale o successivo;18;3;3;Prevalentemente pianeggiante;Flat;Sì;No;Sì;No;No;Sì;No;No;Sì;yes;Rome
Lavoro;Numero di volte;2;4;Moto/scooter; ; ; ; ;no;yes;Private;5;5;5;5;0;0;0;0;5;5;5;5;2;2;2;2;0;0;0;0;2;2;2;5;5;5;5;5;5;5;5;5;5;5;5;5;5;5;5;5;5;5;5;0;0;0;Roma;Roma;yes;0;0;0;0;0;0;0;0;0;0;0;0;0;0;0;0;0; ; ; ; ; ; ; ; ; ; ; ; ; ; ; ; ; ;3;1;3;1;4;1;2;0;2;0;Uomo;Male;1989;35; ;Sì;yes; ;Roma;Media superiore;13;2;2;Prevalentemente pianeggiante;Flat;No;Sì;No;No;No;Sì;No;No;Sì;yes;Rome
Lavoro;Numero di volte;2;2;Auto; ; ; ; ;no;no;Private;0;5;5;5;0;0;0;0;0;0;0;0;0;0;0;0;0;0;0;5;0;5;4;5;5;5;5;3;5;5;5;5;5;5;0;0;0;5;0;0;0;2;0;5;5;5;Roma;Roma;yes;5;5;5;100;20;20;5;2;2;5;1;1;5;2;2;3;3; ; ; ; ; ; ; ; ; ; ; ; ; ; ; ; ; ;3;1;3;1;4;1;3;1;3;1;Donna;Female;1989;35; ;Sì;yes; ;Licenza;Laurea (triennale) di primo livello;16;4;3;Caratterizzata da piccole salite;Easy climbs;Sì;No;Sì;No;No;Sì;Sì;No;Sì;yes;Rome
Lavoro;Numero di volte;2;3;Auto; ; ; ; ;no;no;Private;0;0;3;3;0;0;0;0;3;4;4;4;0;0;0;4;0;0;0;0;2;2;2;5;5;5;5;5;5;5;5;5;5;5;4;4;5;5;5;4;5;5;4;4;4;4;Roma;Roma;yes;4;4;4;80;80;80;4;4;4;4;4;4;4;4;4;4;4; ; ; ; ; ; ; ; ; ; ; ; ; ; ; ; ; ;3;1;3;1;3;1;4;1;3;1;Donna;Female;1990;34; ;Sì;yes; ;Roma;Media superiore;13;4;4;Prevalentemente pianeggiante;Flat;Sì;No;Sì;No;No;Sì;No;No;Sì;yes;Rome
Lavoro;Numero di volte;2;5;Auto; ; ; ; ;no;no;Private;3;3;3;3;0;0;0;0;4;4;4;3;0;0;0;4;2;2;2;4;4;4;4;4;4;4;5;5;4;5;5;4;4;4;4;4;3;4;4;4;4;3;2;0;0;0;Roma;Roma;yes;0;0;0;0;0;0;0;0;0;0;0;0;0;0;0;0;0; ; ; ; ; ; ; ; ; ; ; ; ; ; ; ; ; ;2;0;3;1;1;0;4;1;3;1;Uomo;Male;1991;33; ;Sì;yes; ;Roma;Laurea magistrale o successivo;18;4;3;Prevalentemente pianeggiante;Flat;Sì;No;Sì;Sì;No;Sì;No;Sì;Sì;yes;Rome
Lavoro;Numero di volte;2;3;Auto; ; ; ; ;no;no;Private;0;0;0;0;0;0;0;0;0;0;4;0;0;0;0;3;0;0;0;3;3;3;3;3;3;3;3;3;3;3;3;3;5;5;0;5;0;5;0;5;0;0;0;5;5;5;Roma;Fiumicino;no;5;5;5;100;100;100;5;5;5;5;5;5;5;5;5;5;5; ; ; ; ; ; ; ; ; ; ; ; ; ; ; ; ; ;4;1;4;1;1;0;4;1;4;1;Uomo;Male;1992;32; ;Sì;yes; ;Roma;Media superiore;13;4;4;Prevalentemente pianeggiante;Flat;Sì;No;Sì;No;No;Sì;Sì;Sì;Sì;no;Not Rome
Sono uno studente;Numero di volte;2;4;Vado a piedi; ; ; ; ;yes;yes;VRU;5;2;2;2;0;0;0;0;4;5;5;5;0;1;1;1;3;2;2;1;4;3;3;5;4;4;5;4;4;5;5;5;5;4;5;4;4;5;5;5;5;5;5;3;3;3;Roma;Roma;yes;5;5;5;100;0;0;3;3;3;5;5;5;2;5;4;5;5; ; ; ; ; ; ; ; ; ; ; ; ; ; ; ; ; ;3;1;4;1;4;1;4;1;3;1;Uomo;Male;2001;23; ;Sì;yes; ;Roma;Media superiore;13;3;2;Caratterizzata da piccole salite;Easy climbs;No;No;Sì;No;Sì;Sì;Sì;No;No;yes;Rome
Sono uno studente;Numero di volte;2;2;Auto;Metro; ; ; ;yes;yes;Public;0;0;0;4;0;0;0;3;5;5;5;1;0;0;0;4;3;3;3;2;0;0;0;5;5;5;5;5;5;5;5;5;5;4;3;5;2;5;4;3;5;2;5;0;0;0;Roma;Roma;yes;5;5;5;40;0;0;4;4;4;4;4;4;4;4;4;4;4; ; ; ; ; ; ; ; ; ; ; ; ; ; ; ; ; ;4;1;1;0;3;1;4;1;1;0;Donna;Female;1989;35; ;Sì;yes; ;Roma;Laurea magistrale o successivo;18;3;3;Caratterizzata da forti pendenze;Steep slopes;Sì;No;Sì;Sì;Sì;Sì;Sì;Sì;Sì;yes;Rome
Lavoro;Numero di volte;2;5;Auto; ; ; ; ;no;no;Private;2;2;2;2;0;0;0;0;0;3;3;0;0;0;0;5;3;3;4;3;1;1;1;5;5;5;5;5;1;5;5;1;3;3;2;4;4;4;4;5;5;4;5;5;5;5;Roma;Roma;yes;5;5;5;0;0;0;3;3;3;3;3;3;2;3;3;3;3; ; ; ; ; ; ; ; ; ; ; ; ; ; ; ; ; ;3;1;3;1;2;0;2;0;2;0;Uomo;Male;1993;31; ;Sì;yes; ;Modugno;Laurea magistrale o successivo;18;2;4;Prevalentemente pianeggiante;Flat;Sì;Sì;Sì;No;No;Sì;No;Sì;Sì;yes;Rome
Lavoro;Numero di volte;2;6;Auto; ; ; ; ;no;no;Private;3;2;4;5;5;5;1;5;4;4;5;3;1;1;1;2;5;5;5;1;1;1;1;5;5;5;5;5;1;5;5;2;2;2;4;4;2;2;2;4;4;2;2;3;3;3;Roma;Guidonia;no;3;3;1;0;0;0;2;2;1;2;2;1;3;2;2;2;2; ; ; ; ; ; ; ; ; ; ; ; ; ; ; ; ; ;4;1;2;0;2;0;3;1;3;1;Uomo;Male;1997;27; ;Sì;yes; ;Roma;Media superiore;13;3;3;Prevalentemente pianeggiante;Flat;Sì;No;Sì;No;No;Sì;Sì;No;Sì;no;Not Rome
Lavoro;Numero di volte;2;5;Auto; ; ; ; ;no;no;Private;1;4;4;5;0;0;0;0;0;2;3;0;0;0;4;4;5;2;3;0;0;2;2;5;5;5;5;5;3;5;5;3;5;0;3;5;3;5;0;3;5;5;3;3;5;3;Roma;Roma;yes;5;5;5;0;0;0;0;0;0;0;0;0;0;0;0;0;0; ; ; ; ; ; ; ; ; ; ; ; ; ; ; ; ; ;1;0;3;1;2;0;1;0;1;0;Uomo;Male;1992;32; ;No;no;Ecuador;Ecuador;Media superiore;13;4;2;Prevalentemente pianeggiante;Flat;Sì;No;No;No;No;Sì;No;Sì;Sì;yes;Rome
Lavoro;Numero di volte;2;5;Auto; ; ; ; ;no;no;Private;0;0;0;0;0;0;0;0;4;4;4;2;0;0;0;4;5;4;4;0;1;1;1;5;5;5;5;5;2;5;5;2;5;5;5;5;5;5;5;5;5;5;5;1;1;1;Roma;Roma;yes;0;0;0;0;0;0;0;3;0;0;0;0;0;0;0;0;0; ; ; ; ; ; ; ; ; ; ; ; ; ; ; ; ; ;4;1;3;1;1;0;3;1;1;0;Donna;Female;1991;33; ;Sì;yes; ;Torino;Media superiore;13;3;0;Caratterizzata da piccole salite;Easy climbs;Sì;No;No;No;No;Sì;Sì;No;Sì;yes;Rome
Lavoro;Numero di volte;2;2;Auto; ; ; ; ;no;no;Private;3;3;3;2;0;0;0;0;2;3;3;3;0;1;1;4;5;3;3;3;0;1;1;5;4;4;4;4;4;4;4;4;3;4;2;3;5;3;3;3;0;5;3;2;2;2;Roma;Roma;yes;0;0;0;0;0;0;0;0;0;0;0;0;0;0;0;0;0; ; ; ; ; ; ; ; ; ; ; ; ; ; ; ; ; ;1;0;1;0;3;1;2;0;1;0;Donna;Female;1991;33; ;Sì;yes; ;Roma;Laurea magistrale o successivo;18;4;2;Caratterizzata da piccole salite;Easy climbs;Sì;No;Sì;No;No;Sì;No;No;Sì;yes;Rome
Lavoro;Numero di volte;2;5;Auto; ; ; ; ;no;no;Private;3;4;5;4;1;1;1;1;4;5;5;3;1;1;1;5;5;5;5;2;1;1;1;5;5;5;4;4;4;5;5;5;4;4;5;5;2;4;4;5;5;2;5;1;1;1;Roma;Roma;yes;2;2;2;0;0;0;5;5;5;4;4;4;5;5;5;5;5; ; ; ; ; ; ; ; ; ; ; ; ; ; ; ; ; ;2;0;4;1;3;1;2;0;1;0;Uomo;Male;1991;33; ;Sì;yes; ;Roma;Media superiore;13;5;4;Caratterizzata da forti pendenze;Steep slopes;Sì;No;Sì;No;No;Sì;Sì;No;Sì;yes;Rome
Lavoro;0 (Mai, lavoro da casa, sto sempre a casa);3;0; ; ; ; ; ;no;no;N/A;0;0;0;4;0;0;0;0;1;3;3;3;0;0;0;1;1;0;0;5;5;5;5;3;3;3;5;5;5;5;5;5;5;5;4;5;5;5;5;5;5;5;5;2;2;2;Roma;Roma;yes;5;5;5;95;95;95;5;5;5;5;5;5;5;5;5;5;5;5;5;5;95;95;95;5;5;5;5;5;5;5;5;5;5;5;4;1;2;0;4;1;3;1;2;0;Donna;Female;1994;30;Roma;Sì;yes; ;Roma;Laurea magistrale o successivo;18;4;3;Caratterizzata da piccole salite;Easy climbs;Sì;No;No;No;No;Sì;Sì;Sì;Sì;yes;Rome
Lavoro;Numero di volte;2;6;Bus/Tram; ; ; ; ;yes;yes;Public;5;5;5;5;3;3;3;3;4;4;4;4;3;3;3;3;3;3;3;3;3;3;3;3;3;3;4;4;4;4;4;4;4;4;4;4;4;4;4;4;4;4;4;3;3;3;Roma;Roma;yes;0;0;0;0;0;0;3;3;3;4;4;4;0;3;3;3;3; ; ; ; ; ; ; ; ; ; ; ; ; ; ; ; ; ;2;0;4;1;4;1;3;1;3;1;Donna;Female;1994;30; ;Sì;yes; ;Castel di Sangro;Media superiore;13;3;5;Prevalentemente pianeggiante;Flat;Sì;No;Sì;No;No;Sì;No;No;Sì;yes;Rome
Lavoro;Numero di volte;2;3;Metro; ; ; ; ;yes;yes;Public;0;0;0;0;5;5;5;0;5;5;5;0;0;0;0;0;5;4;4;0;0;0;0;5;5;5;0;0;0;3;3;3;0;0;0;0;0;4;4;4;4;4;4;0;0;0;Roma;Roma;yes;0;0;0;0;0;0;0;0;0;0;0;0;0;0;0;0;0; ; ; ; ; ; ; ; ; ; ; ; ; ; ; ; ; ;3;1;3;1;3;1;1;0;3;1;Donna;Female;1989;35; ;Sì;yes; ;Crotone;Laurea magistrale o successivo;18;5;5;Prevalentemente pianeggiante;Flat;Sì;Sì;No;No;No;Sì;Sì;Sì;Sì;yes;Rome
Lavoro;Numero di volte;2;6;Treno; ; ; ; ;yes;yes;Public;0;0;0;4;0;0;0;0;5;5;5;3;2;2;2;5;4;4;4;1;0;0;0;2;2;2;5;5;5;5;5;5;5;5;5;4;5;5;5;4;5;5;1;3;0;0;Roma;Roma;yes;4;2;2;70;20;20;3;0;0;3;0;0;3;0;0;0;0; ; ; ; ; ; ; ; ; ; ; ; ; ; ; ; ; ;2;0;4;1;3;1;2;0;3;1;Donna;Female;2001;23; ;Sì;yes; ;Reggio Calabria;Media superiore;13;4;5;Prevalentemente pianeggiante;Flat;Sì;No;No;No;Sì;Sì;Sì;Sì;Sì;yes;Rome
Sono uno studente e lavoro;Numero di volte;2;5;Treno; ; ; ; ;yes;yes;Public;2;3;3;1;0;0;0;0;3;4;4;4;1;1;1;4;3;3;3;3;3;3;3;4;4;4;5;5;5;5;5;5;4;5;5;5;4;5;5;5;5;4;5;2;2;2;Roma;Civitavecchia;no;4;4;0;30;30;0;4;4;0;4;4;0;4;4;0;4;0; ; ; ; ; ; ; ; ; ; ; ; ; ; ; ; ; ;4;1;2;0;4;1;4;1;3;1;Donna;Female;1993;31; ;Sì;yes; ;Civitavecchia;Laurea magistrale o successivo;18;3;2;Caratterizzata da piccole salite;Easy climbs;Sì;No;Sì;No;No;Sì;No;No;Sì;no;Not Rome
Lavoro;Numero di volte;2;5;Auto; ; ; ; ;no;no;Private;0;0;0;0;0;0;0;0;0;1;1;1;0;0;0;3;5;5;5;0;0;0;0;5;5;5;5;5;5;5;5;5;0;3;2;2;4;0;2;3;4;4;2;1;1;1;Roma;Roma;yes;0;0;0;0;0;0;0;0;0;0;0;0;0;0;0;0;0; ; ; ; ; ; ; ; ; ; ; ; ; ; ; ; ; ;3;1;4;1;2;0;3;1;3;1;Donna;Female;1990;34; ;Sì;yes; ;Avellino;Laurea magistrale o successivo;18;1;1;Caratterizzata da piccole salite;Easy climbs;Sì;No;Sì;No;No;Sì;No;Sì;Sì;yes;Rome
Sono uno studente;Numero di volte;2;3;Auto; ; ; ; ;no;no;Private;3;0;0;5;0;0;0;0;2;4;4;1;0;0;2;3;5;4;3;1;1;2;2;5;5;5;4;4;4;5;5;5;2;3;2;4;4;3;3;3;5;2;2;2;2;2;Roma;Roma;yes;1;1;2;20;10;10;4;3;3;2;2;2;2;2;2;2;2; ; ; ; ; ; ; ; ; ; ; ; ; ; ; ; ; ;2;0;3;1;2;0;2;0;3;1;Donna;Female;2000;24; ;Sì;yes; ;Frascati;Media superiore;13;4;3;Prevalentemente pianeggiante;Flat;Sì;No;No;No;No;Sì;Sì;No;Sì;yes;Rome
Lavoro;Numero di volte;2;4;Auto; ; ; ; ;no;no;Private;0;0;0;0;0;0;0;0;2;2;2;2;5;5;5;5;2;2;2;2;3;3;3;3;3;3;3;3;3;3;3;3;5;5;5;5;3;5;5;5;3;3;3;5;5;5;Roma;Roma;yes;0;0;0;0;0;0;0;0;0;0;0;0;0;0;0;0;0; ; ; ; ; ; ; ; ; ; ; ; ; ; ; ; ; ;1;0;4;1;1;0;3;1;3;1;Donna;Female;1994;30; ;Sì;yes; ;Roma;Laurea magistrale o successivo;18;4;3;Caratterizzata da forti pendenze;Steep slopes;Sì;No;No;No;No;Sì;Sì;Sì;Sì;yes;Rome
Sono uno studente e lavoro;Numero di volte;2;6;Auto; ; ; ; ;no;no;Private;0;0;0;0;0;0;0;0;5;5;5;5;0;0;0;4;4;4;4;4;2;2;2;4;4;4;4;4;4;4;4;4;5;5;5;5;5;5;5;5;5;5;5;0;0;0;Roma;Roma;yes;0;0;0;0;0;0;0;0;0;0;0;0;0;0;0;0;0; ; ; ; ; ; ; ; ; ; ; ; ; ; ; ; ; ;2;0;2;0;4;1;1;0;1;0;Donna;Female;1990;34; ;Sì;yes; ;Roma;Laurea (triennale) di primo livello;16;3;0;Caratterizzata da piccole salite;Easy climbs;Sì;No;No;No;No;Sì;Sì;Sì;Sì;yes;Rome
Lavoro;Numero di volte;2;5;Auto; ; ; ; ;no;no;Private;3;4;4;4;1;1;1;1;3;3;3;3;0;0;0;4;4;3;3;3;2;2;2;4;4;4;5;5;5;5;5;5;3;4;4;4;2;3;4;4;4;2;0;3;3;3;Roma;Roma;yes;0;0;0;0;0;0;0;0;0;0;0;0;0;0;0;0;0; ; ; ; ; ; ; ; ; ; ; ; ; ; ; ; ; ;4;1;4;1;4;1;3;1;3;1;Donna;Female;1990;34; ;Sì;yes; ;Giarre;Laurea magistrale o successivo;18;3;2;Caratterizzata da forti pendenze;Steep slopes;Sì;No;No;No;No;Sì;Sì;Sì;Sì;yes;Rome
Lavoro;Numero di volte;2;5;Auto; ; ; ; ;no;no;Private;0;0;0;0;0;0;0;0;2;2;2;2;3;3;3;5;5;5;5;0;3;1;2;5;3;3;3;3;3;5;5;3;0;4;1;1;5;1;3;3;4;3;3;5;5;5;Roma;Roma;yes;1;1;1;0;0;0;0;0;0;0;0;0;0;0;0;0;0; ; ; ; ; ; ; ; ; ; ; ; ; ; ; ; ; ;1;0;2;0;1;0;1;0;3;1;Donna;Female;1991;33; ;Sì;yes; ;Roma;Laurea (triennale) di primo livello;16;5;5;Caratterizzata da piccole salite;Easy climbs;Sì;No;No;No;No;Sì;Sì;No;Sì;yes;Rome
Lavoro;Numero di volte;2;1;Auto; ; ; ; ;no;no;Private;5;5;5;5;0;0;0;0;5;5;5;5;0;0;0;5;5;5;5;5;0;0;0;5;5;5;3;3;3;3;3;3;5;5;5;5;5;5;5;5;5;5;5;3;3;3;Roma;Roma;yes;0;0;0;0;0;0;0;0;0;0;0;0;0;0;0;0;0; ; ; ; ; ; ; ; ; ; ; ; ; ; ; ; ; ;4;1;1;0;4;1;1;0;2;0;Donna;Female;1994;30; ;Sì;yes; ;Agrigento;Laurea magistrale o successivo;18;2;4;Prevalentemente pianeggiante;Flat;Sì;No;No;No;No;Sì;Sì;Sì;Sì;yes;Rome
Lavoro;Numero di volte;2;3;Auto; ; ; ; ;no;no;Private;5;2;2;3;0;0;0;0;0;2;2;0;0;0;2;5;5;5;5;0;0;2;2;5;2;2;5;5;5;5;5;5;5;5;5;5;2;5;5;5;5;3;5;0;0;0;Roma;Aprilia;no;0;0;0;0;0;0;0;0;0;0;0;0;0;0;0;0;0; ; ; ; ; ; ; ; ; ; ; ; ; ; ; ; ; ;1;0;2;0;2;0;2;0;2;0;Donna;Female;1990;34; ;Sì;yes; ;Roma;Laurea (triennale) di primo livello;16;3;3;Caratterizzata da piccole salite;Easy climbs;Sì;No;No;No;No;Sì;Sì;No;Sì;no;Not Rome
Lavoro;Numero di volte;2;3;Vado a piedi; ; ; ; ;yes;yes;VRU;3;3;3;3;0;0;0;0;1;5;4;5;0;2;4;5;4;2;1;0;1;2;3;5;4;3;4;4;2;5;5;2;5;5;5;5;5;4;4;4;4;4;4;4;0;0;Roma;Roma;yes;5;5;5;100;0;0;5;5;0;5;5;0;5;5;5;0;0; ; ; ; ; ; ; ; ; ; ; ; ; ; ; ; ; ;3;1;4;1;4;1;3;1;3;1;Donna;Female;1990;34; ;Sì;yes; ;Roma;Laurea magistrale o successivo;18;4;4;Prevalentemente pianeggiante;Flat;Sì;No;No;No;No;Sì;No;No;Sì;yes;Rome
Lavoro;0 (Mai, lavoro da casa, sto sempre a casa);3;0; ; ; ; ; ;no;no;N/A;5;5;5;5;3;3;3;3;2;2;2;2;4;4;4;4;4;4;4;4;4;4;4;4;4;4;5;5;5;5;5;5;4;4;3;3;4;4;3;3;2;4;4;4;4;4;Roma;Roma;yes;5;5;5;100;100;0;5;5;5;5;5;5;5;5;5;5;5;5;5;5;100;100;0;5;5;5;5;5;5;5;5;5;5;5;3;1;4;1;4;1;4;1;3;1;Donna;Female;1998;26;Roma;Sì;yes; ;Acireale;Media superiore;13;4;4;Caratterizzata da piccole salite;Easy climbs;Sì;No;Sì;No;No;Sì;No;No;Sì;yes;Rome
Lavoro;Numero di volte;2;5;Auto; ; ; ; ;no;no;Private;0;0;0;0;0;0;0;0;3;3;3;3;0;0;1;4;0;0;0;3;3;3;3;5;5;5;5;5;5;5;5;5;4;4;4;5;4;5;5;5;5;4;4;3;3;2;Roma;Ariccia;no;1;1;1;0;0;0;5;5;5;4;4;4;4;3;3;3;3; ; ; ; ; ; ; ; ; ; ; ; ; ; ; ; ; ;3;1;3;1;2;0;4;1;3;1;Donna;Female;1996;28; ;Sì;yes; ;Roma;Media superiore;13;4;3;Caratterizzata da piccole salite;Easy climbs;Sì;No;Sì;No;No;Sì;No;No;Sì;no;Not Rome
Lavoro;0 (Mai, lavoro da casa, sto sempre a casa);3;0; ; ; ; ; ;no;no;N/A;5;5;5;5;0;0;0;0;5;5;5;5;0;0;0;0;5;5;5;5;0;0;0;0;0;0;5;5;5;5;5;5;5;5;5;5;5;5;5;5;5;5;5;5;5;5;Formello;Formello;yes;0;0;0;0;0;0;5;5;5;5;5;5;5;5;5;5;5;0;0;0;0;0;0;5;5;5;5;5;5;5;5;5;5;5;4;1;2;0;4;1;1;0;1;0;Donna;Female;1993;31;Formello;Sì;yes; ;Roma;Laurea (triennale) di primo livello;16;5;0;Prevalentemente pianeggiante;Flat;Sì;No;No;No;No;Sì;Sì;Sì;Sì;yes;Not Rome
Lavoro;Numero di volte;2;4;Auto; ; ; ; ;no;no;Private;0;0;0;5;0;0;0;5;5;4;4;0;0;0;2;0;5;5;5;0;0;0;0;0;0;0;5;0;0;5;0;0;5;5;3;5;1;5;5;5;3;5;3;1;0;1;Roma;Roma;yes;0;0;0;0;0;0;0;0;0;0;0;0;0;0;0;0;0; ; ; ; ; ; ; ; ; ; ; ; ; ; ; ; ; ;1;0;3;1;2;0;1;0;1;0;Uomo;Male;1989;35; ;Sì;yes; ;Roma;Media superiore;13;5;0;Prevalentemente pianeggiante;Flat;Sì;No;No;No;No;Sì;No;No;Sì;yes;Rome
Lavoro;Numero di volte;2;5;Auto; ; ; ; ;no;no;Private;0;0;0;0;0;0;0;0;5;5;5;0;0;0;0;5;5;5;5;5;0;0;0;5;5;5;5;5;5;5;5;5;5;5;5;5;0;5;5;5;5;5;2;0;3;3;Roma;Roma;yes;0;3;3;0;30;30;3;3;3;3;3;3;0;3;3;3;3; ; ; ; ; ; ; ; ; ; ; ; ; ; ; ; ; ;1;0;1;0;1;0;4;1;1;0;Uomo;Male;1993;31; ;Sì;yes; ;Roma;Laurea (triennale) di primo livello;16;4;5;Prevalentemente pianeggiante;Flat;Sì;No;Sì;No;No;Sì;Sì;No;Sì;yes;Rome
Lavoro;Numero di volte;2;4;Auto; ; ; ; ;no;no;Private;2;5;5;3;1;1;1;1;5;5;5;1;2;2;2;5;4;4;4;3;5;5;5;2;2;2;4;4;4;5;5;5;3;3;3;3;3;3;3;3;3;3;3;3;3;3;Roma;Roma;yes;3;3;3;0;0;0;4;4;4;4;4;4;3;1;1;2;2; ; ; ; ; ; ; ; ; ; ; ; ; ; ; ; ; ;4;1;3;1;4;1;3;1;2;0;Donna;Female;1992;32; ;Sì;yes; ;Roma;Laurea magistrale o successivo;18;4;2;Prevalentemente pianeggiante;Flat;Sì;No;No;No;No;Sì;Sì;Sì;Sì;yes;Rome
Lavoro e studio;Numero di volte;2;5;Bus/Tram;Metro; ; ; ;yes;yes;Public;1;2;2;4;0;0;0;0;3;3;3;1;1;1;1;2;2;2;2;1;2;2;2;3;3;3;4;4;4;4;4;4;4;4;4;4;2;3;3;3;3;3;3;2;2;2;Roma;Roma;yes;0;0;0;0;0;0;3;3;3;0;0;0;0;0;0;0;0; ; ; ; ; ; ; ; ; ; ; ; ; ; ; ; ; ;2;0;3;1;2;0;3;1;3;1;Uomo;Male;1991;33; ;Sì;yes; ;Budapest;Media superiore;13;2;2;Caratterizzata da piccole salite;Easy climbs;Sì;Sì;Sì;Sì;Sì;Sì;Sì;Sì;Sì;yes;Rome
Sono uno studente;Numero di volte;2;5;Vado a piedi; ; ; ; ;yes;yes;VRU;0;4;4;0;1;0;0;0;0;3;3;5;0;0;0;4;5;1;1;0;0;3;3;5;5;5;5;5;5;5;5;5;2;4;4;5;4;5;2;5;5;4;5;3;1;1;Roma;Roma;yes;5;0;0;100;0;0;5;0;0;5;1;0;5;0;0;0;0; ; ; ; ; ; ; ; ; ; ; ; ; ; ; ; ; ;4;1;1;0;4;1;1;0;1;0;Uomo;Male;2005;19; ;Sì;yes; ;Catania;Media superiore;13;4;4;Caratterizzata da piccole salite;Easy climbs;No;No;Sì;No;Sì;Sì;Sì;No;No;yes;Rome
Non lavoro e non studio; N/A;1; ; ; ; ; ; ;no;no;N/A;0;2;2;2;0;0;0;0;1;1;1;1;0;0;0;5;0;0;0;0;1;1;1;5;5;5;5;5;5;5;5;5;2;2;3;2;3;2;3;2;2;3;3;2;2;2; ; ;yes;5;0;0;80;0;0;5;0;0;5;0;0;5;0;0;0;0;5;0;0;80;0;0;5;0;0;5;0;0;5;0;0;0;0;4;1;3;1;4;1;1;0;3;1;Donna;Female;1990;34;Civitavecchia;Sì;yes; ;Roma;Media superiore;13;3;3;Prevalentemente pianeggiante;Flat;Sì;No;Sì;No;No;Sì;No;No;Sì;;
Lavoro;Numero di volte;2;5;Moto/scooter; ; ; ; ;no;yes;Private;5;5;5;5;3;3;3;3;5;5;5;5;3;3;3;3;0;0;0;0;0;0;0;5;5;5;5;5;5;5;5;5;5;5;5;5;3;5;5;5;5;3;3;0;0;0;Roma;Roma;yes;0;0;0;0;0;0;0;0;0;0;0;0;0;0;0;0;0; ; ; ; ; ; ; ; ; ; ; ; ; ; ; ; ; ;4;1;3;1;4;1;3;1;1;0;Donna;Female;1989;35; ;Sì;yes; ;Roma;Laurea magistrale o successivo;18;5;3;Caratterizzata da forti pendenze;Steep slopes;No;Sì;No;No;No;Sì;Sì;Sì;Sì;yes;Rome
Sono uno studente e lavoro;Numero di volte;2;4;Auto; ; ; ; ;no;no;Private;0;0;0;0;0;0;0;0;1;1;2;3;0;0;0;4;0;0;0;3;0;0;0;5;5;5;5;5;5;5;5;5;4;4;4;4;4;4;4;4;4;4;4;4;4;4;Roma;Roma;yes;4;4;4;0;0;0;3;3;3;0;0;0;0;4;4;4;4; ; ; ; ; ; ; ; ; ; ; ; ; ; ; ; ; ;4;1;4;1;2;0;2;0;4;1;Donna;Female;1991;33; ;Sì;yes; ;Grottaglie;Laurea (triennale) di primo livello;16;3;3;Prevalentemente pianeggiante;Flat;Sì;No;No;No;No;Sì;Sì;No;Sì;yes;Rome
Lavoro;Numero di volte;2;5;Auto; ; ; ; ;no;no;Private;2;2;2;5;0;0;0;5;2;2;2;4;0;0;2;5;5;5;5;0;0;0;0;2;2;2;5;5;0;5;5;0;5;5;1;1;1;5;5;5;3;4;5;3;0;0;Fiumicino;Roma;no;0;0;0;0;0;0;0;0;0;0;0;0;0;0;0;0;0; ; ; ; ; ; ; ; ; ; ; ; ; ; ; ; ; ;1;0;3;1;2;0;1;0;1;0;Uomo;Male;1995;29; ;Sì;yes; ;Monterotondo;Media superiore;13;5;4;Prevalentemente pianeggiante;Flat;Sì;No;Sì;No;No;Sì;Sì;Sì;Sì;no;Rome
Non lavoro e non studio; N/A;1; ; ; ; ; ; ;no;no;N/A;1;1;1;5;0;4;4;0;4;5;5;5;0;0;0;4;3;1;1;3;3;4;4;5;3;3;5;5;5;5;5;5;5;5;5;5;5;5;5;5;5;5;5;4;4;4; ; ;yes;4;3;3;70;0;0;5;5;5;5;5;5;5;5;5;5;4;4;3;3;70;0;0;5;5;5;5;5;5;5;5;5;5;4;4;1;4;1;4;1;3;1;1;0;Donna;Female;1991;33;Roma;Sì;yes; ;Roma;Media superiore;13;4;0;Caratterizzata da forti pendenze;Steep slopes;Sì;No;No;No;No;Sì;No;No;Sì;;
Lavoro;Numero di volte;2;5;Auto; ; ; ; ;no;no;Private;4;5;5;3;1;1;1;1;5;5;5;3;1;1;1;4;5;5;5;2;1;1;1;5;5;5;4;4;4;5;5;5;5;5;5;5;5;5;5;5;5;5;5;1;1;1;Roma;Roma;yes;1;1;1;0;0;0;4;4;4;2;2;2;1;2;2;2;2; ; ; ; ; ; ; ; ; ; ; ; ; ; ; ; ; ;1;0;3;1;1;0;1;0;1;0;Donna;Female;1993;31; ;Sì;yes; ;Roma;Media superiore;13;3;3;Prevalentemente pianeggiante;Flat;Sì;No;No;No;No;Sì;No;No;Sì;yes;Rome
Sono uno studente e lavoro;Numero di volte;2;5;Auto; ; ; ; ;no;no;Private;5;5;5;0;0;0;0;0;3;4;3;3;3;2;3;3;3;3;3;3;3;3;3;5;5;5;5;5;3;5;5;4;5;5;3;5;5;5;5;5;5;5;5;2;3;3;Roma;Roma;yes;5;5;4;0;0;0;5;5;5;1;1;1;1;5;5;5;5; ; ; ; ; ; ; ; ; ; ; ; ; ; ; ; ; ;1;0;4;1;2;0;3;1;3;1;Donna;Female;1989;35; ;Sì;yes; ;Roma;Media superiore;13;4;4;Caratterizzata da forti pendenze;Steep slopes;Sì;No;Sì;No;No;No;Sì;Sì;Sì;yes;Rome
Lavoro;Numero di volte;2;5;Auto; ; ; ; ;no;no;Private;5;5;5;5;0;0;0;0;4;4;4;4;0;0;0;4;5;5;5;1;3;3;3;5;5;5;5;5;5;5;5;5;5;5;5;5;5;3;4;4;5;5;5;2;1;1;Roma;Roma;yes;2;2;0;5;0;0;1;0;0;1;0;0;1;1;0;2;0; ; ; ; ; ; ; ; ; ; ; ; ; ; ; ; ; ;1;0;3;1;1;0;2;0;2;0;Uomo;Male;1993;31; ;Sì;yes; ;Roma;Laurea (triennale) di primo livello;16;3;4;Caratterizzata da piccole salite;Easy climbs;Sì;No;Sì;No;No;Sì;Sì;No;Sì;yes;Rome
Lavoro;Numero di volte;2;5;Bus/Tram;Metro; ; ; ;yes;yes;Public;3;3;3;3;0;0;0;0;3;3;3;3;5;5;5;5;3;3;3;3;2;2;2;5;5;5;5;5;5;5;5;5;5;5;5;5;5;5;5;5;4;5;5;2;2;2;Roma;Roma;yes;4;4;4;100;100;100;5;5;5;5;5;5;5;5;5;5;5; ; ; ; ; ; ; ; ; ; ; ; ; ; ; ; ; ;4;1;4;1;4;1;1;0;4;1;Donna;Female;1996;28; ;Sì;yes; ;Cetraro;Laurea magistrale o successivo;18;4;3;Caratterizzata da piccole salite;Easy climbs;Sì;Sì;No;No;No;Sì;Sì;No;Sì;yes;Rome
Lavoro;Numero di volte;2;4;Auto; ; ; ; ;no;no;Private;0;0;0;0;0;0;0;0;0;0;0;0;0;0;0;2;0;0;0;2;0;0;0;2;2;2;5;5;5;5;5;5;2;2;2;2;4;2;2;2;2;4;2;0;0;0;Roma;Roma;yes;0;0;0;0;0;0;0;0;0;0;0;0;0;0;0;0;0; ; ; ; ; ; ; ; ; ; ; ; ; ; ; ; ; ;3;1;3;1;3;1;1;0;2;0;Uomo;Male;1990;34; ;Sì;yes; ;Roma;Laurea magistrale o successivo;18;3;3;Prevalentemente pianeggiante;Flat;Sì;Sì;No;No;No;Sì;Sì;Sì;Sì;yes;Rome
Sono uno studente e lavoro;Numero di volte;2;5;Bus/Tram;Treno; ; ; ;yes;yes;Public;0;0;0;0;0;0;0;0;1;1;1;1;1;5;5;5;3;3;3;3;2;2;2;2;2;2;3;3;3;3;3;3;5;5;1;1;1;5;1;1;5;1;1;5;5;5;Roma;Roma;yes;5;5;5;0;0;0;5;5;5;5;5;5;5;5;5;5;5; ; ; ; ; ; ; ; ; ; ; ; ; ; ; ; ; ;4;1;4;1;4;1;2;0;4;1;Uomo;Male;1993;31; ;Sì;yes; ;Roma;Laurea (triennale) di primo livello;16;3;4;Prevalentemente pianeggiante;Flat;No;No;No;No;No;Sì;No;No;Sì;yes;Rome
Lavoro;Numero di volte;2;10;Auto; ; ; ; ;no;no;Private;4;2;4;4;4;4;2;2;2;0;0;5;2;2;3;3;2;2;2;2;3;3;3;2;2;2;4;4;3;3;2;3;3;4;2;4;4;5;5;5;5;5;4;0;0;0;Roma;Roma;yes;0;0;0;0;0;0;0;0;0;0;0;0;0;0;0;0;0; ; ; ; ; ; ; ; ; ; ; ; ; ; ; ; ; ;1;0;1;0;4;1;1;0;1;0;Uomo;Male;1998;26; ;Sì;yes; ;Roma;Media superiore;13;3;2;Caratterizzata da piccole salite;Easy climbs;Sì;Sì;Sì;No;No;Sì;Sì;Sì;Sì;yes;Rome
Lavoro;Numero di volte;2;5;Auto; ; ; ; ;no;no;Private;0;0;0;3;0;0;0;0;3;5;5;3;0;1;1;4;0;0;0;4;2;2;2;4;4;4;5;5;5;5;5;5;4;5;5;4;5;4;5;4;4;4;4;3;3;3;Roma;Roma;yes;0;0;0;0;0;0;0;0;0;0;0;0;0;0;0;0;0; ; ; ; ; ; ; ; ; ; ; ; ; ; ; ; ; ;4;1;4;1;4;1;4;1;4;1;Donna;Female;1991;33; ;Sì;yes; ;Roma;Laurea magistrale o successivo;18;3;4;Prevalentemente pianeggiante;Flat;Sì;No;Sì;No;No;Sì;No;No;Sì;yes;Rome
Sono uno studente;Numero di volte;2;4;Moto/scooter; ; ; ; ;no;yes;Private;0;0;0;4;2;2;2;0;2;3;3;0;0;0;2;3;4;3;3;2;0;1;3;4;4;3;3;4;2;4;4;4;3;2;3;2;3;3;3;2;4;2;3;2;3;4;Roma;Roma;yes;3;3;2;20;10;60;2;0;0;1;0;0;0;3;3;2;2; ; ; ; ; ; ; ; ; ; ; ; ; ; ; ; ; ;2;0;3;1;2;0;3;1;3;1;Uomo;Male;2004;20; ;Sì;yes; ;Udine;Media superiore;13;4;3;Prevalentemente pianeggiante;Flat;Sì;Sì;No;No;No;Sì;Sì;Sì;Sì;yes;Rome
Lavoro;Numero di volte;2;5;Auto; ; ; ; ;no;no;Private;2;3;3;0;0;0;0;0;5;5;5;5;0;0;0;3;5;5;5;0;0;0;0;5;5;5;5;5;5;5;5;5;5;5;5;5;5;5;5;5;5;5;3;4;4;4;Tolfa;Lumiere;no;3;3;3;10;10;10;3;3;3;3;3;3;3;3;3;3;3; ; ; ; ; ; ; ; ; ; ; ; ; ; ; ; ; ;1;0;4;1;4;1;2;0;4;1;Donna;Female;1994;30; ;Sì;yes; ;Civitavecchia;Laurea (triennale) di primo livello;16;4;4;Caratterizzata da piccole salite;Easy climbs;Sì;No;Sì;No;No;Sì;Sì;Sì;Sì;no;Not Rome
Lavoro;Numero di volte;2;5;Auto; ; ; ; ;no;no;Private;0;0;0;0;0;0;0;0;0;0;0;0;0;0;0;3;4;4;4;2;0;0;0;5;5;5;5;5;5;5;5;5;3;4;3;3;1;3;3;3;3;1;1;1;1;1;Roma;Canale Monterano;no;1;1;1;10;10;10;1;1;1;1;1;1;1;1;1;1;1; ; ; ; ; ; ; ; ; ; ; ; ; ; ; ; ; ;4;1;2;0;1;0;1;0;2;0;Uomo;Male;1994;30; ;Sì;yes; ;Bracciano;Laurea (triennale) di primo livello;16;5;1;Caratterizzata da piccole salite;Easy climbs;Sì;Sì;No;No;No;Sì;Sì;Sì;Sì;no;Not Rome
Lavoro;Numero di volte;2;6;Auto; ; ; ; ;no;no;Private;5;5;5;5;0;0;0;0;3;3;3;3;0;0;0;4;5;5;5;0;5;5;5;5;5;5;5;5;5;5;5;5;3;3;3;3;3;3;3;3;3;3;3;1;1;1;Roma;Cave;no;1;1;1;0;0;0;0;0;0;0;0;0;0;0;0;0;0; ; ; ; ; ; ; ; ; ; ; ; ; ; ; ; ; ;3;1;4;1;3;1;3;1;4;1;Donna;Female;1990;34; ;Sì;yes; ;Colleferro;Media superiore;13;4;0;Caratterizzata da piccole salite;Easy climbs;Sì;No;Sì;No;No;Sì;Sì;No;Sì;no;Not Rome
Lavoro;Numero di volte;2;6;Auto;Vado a piedi; ; ; ;yes;yes;VRU;2;1;2;5;1;1;1;1;3;3;3;5;1;1;1;5;1;1;1;5;1;1;1;5;5;5;1;1;1;5;5;5;4;4;5;5;5;4;4;5;5;5;5;1;1;1;Roma;Roma;yes;1;1;1;50;0;0;1;1;1;1;1;1;1;1;1;1;1; ; ; ; ; ; ; ; ; ; ; ; ; ; ; ; ; ;1;0;4;1;2;0;1;0;1;0;Donna;Female;1994;30; ;Sì;yes; ;Roma;Laurea magistrale o successivo;18;3;5;Caratterizzata da piccole salite;Easy climbs;Sì;No;No;No;No;Sì;Sì;Sì;Sì;yes;Rome
Lavoro;Numero di volte;2;5;Auto; ; ; ; ;no;no;Private;2;1;1;5;4;1;1;0;4;4;4;1;4;4;4;3;0;5;5;0;0;3;3;3;3;3;3;3;3;4;3;3;5;5;4;5;5;5;5;5;5;5;5;0;0;0;Roma;Roma;yes;4;4;4;30;30;30;3;3;3;3;3;3;2;4;4;4;4; ; ; ; ; ; ; ; ; ; ; ; ; ; ; ; ; ;4;1;2;0;3;1;1;0;3;1;Donna;Female;1993;31; ;Sì;yes; ;Cassino;Laurea magistrale o successivo;18;4;4;Prevalentemente pianeggiante;Flat;Sì;No;No;No;No;Sì;No;No;Sì;yes;Rome
Lavoro;Numero di volte;2;6;Moto/scooter; ; ; ; ;no;yes;Private;3;3;3;3;3;3;3;3;3;4;4;4;4;1;1;1;4;3;3;4;3;3;3;3;3;3;5;5;5;5;5;5;4;4;4;4;4;5;4;5;5;4;2;4;4;4;Roma;Roma;yes;4;4;4;0;0;0;4;4;4;0;0;0;4;4;4;2;2; ; ; ; ; ; ; ; ; ; ; ; ; ; ; ; ; ;3;1;3;1;1;0;2;0;2;0;Donna;Female;1989;35; ;Sì;yes; ;Roma;Laurea (triennale) di primo livello;16;4;3;Prevalentemente pianeggiante;Flat;No;Sì;No;No;No;Sì;Sì;Sì;Sì;yes;Rome
Sono uno studente;Numero di volte;2;1;Auto; ; ; ; ;no;no;Private;0;0;0;0;0;0;0;0;3;3;3;3;0;0;0;5;0;0;0;5;2;2;2;4;4;4;5;5;5;5;5;5;5;5;5;5;5;5;5;5;5;5;5;3;4;4;Roma;Cerveteri;no;4;1;1;90;20;0;4;3;0;4;3;0;4;4;0;4;0; ; ; ; ; ; ; ; ; ; ; ; ; ; ; ; ; ;4;1;3;1;4;1;3;1;2;0;Donna;Female;1991;33; ;Sì;yes; ;Roma;Media superiore;13;3;2;Caratterizzata da forti pendenze;Steep slopes;Sì;No;Sì;No;No;Sì;No;No;Sì;no;Not Rome
Lavoro;Numero di volte;2;3;Vado a piedi; ; ; ; ;yes;yes;VRU;1;1;1;1;0;0;0;0;0;3;0;0;0;2;0;4;3;2;2;2;1;3;3;5;3;3;5;4;4;5;4;4;1;1;1;5;1;3;3;5;3;3;3;3;3;3;Roma;Roma;yes;5;5;5;100;100;100;5;5;5;5;5;5;5;3;3;5;5; ; ; ; ; ; ; ; ; ; ; ; ; ; ; ; ; ;4;1;3;1;4;1;4;1;4;1;Uomo;Male;1989;35; ;Sì;yes; ;Belgio;Laurea magistrale o successivo;18;4;3;Caratterizzata da piccole salite;Easy climbs;Sì;No;No;No;No;Sì;Sì;Sì;Sì;yes;Rome
Lavoro;Numero di volte;2;5;Moto/scooter; ; ; ; ;no;yes;Private;1;1;2;4;1;1;1;1;1;1;4;2;1;1;1;4;5;5;5;4;2;2;2;5;5;5;5;5;5;5;5;5;1;1;2;2;1;1;5;5;1;1;1;2;2;2;Roma;Roma;yes;2;2;2;0;0;0;1;1;1;1;1;1;1;1;1;1;1; ; ; ; ; ; ; ; ; ; ; ; ; ; ; ; ; ;3;1;2;0;3;1;3;1;3;1;Donna;Female;1999;25; ;Sì;yes; ;Roma;Laurea magistrale o successivo;18;4;5;Caratterizzata da forti pendenze;Steep slopes;Sì;Sì;Sì;No;No;Sì;Sì;Sì;Sì;yes;Rome
Lavoro;Numero di volte;2;5;Auto; ; ; ; ;no;no;Private;0;0;0;3;0;0;0;0;5;5;5;2;0;0;0;5;3;3;3;3;0;0;0;5;5;5;5;5;5;5;5;5;5;5;5;5;5;5;5;5;5;5;5;5;5;5;Roma;Roma;yes;0;0;0;0;0;0;0;4;4;0;4;4;0;3;3;4;4; ; ; ; ; ; ; ; ; ; ; ; ; ; ; ; ; ;1;0;1;0;4;1;1;0;1;0;Uomo;Male;1994;30; ;Sì;yes; ;Roma;Media superiore;13;2;0;Prevalentemente pianeggiante;Flat;Sì;Sì;No;No;No;Sì;Sì;Sì;Sì;yes;Rome
Lavoro;Numero di volte;2;5;Auto; ; ; ; ;no;no;Private;5;5;0;5;0;0;0;0;0;2;5;0;0;0;2;4;3;0;0;0;3;5;4;5;5;4;5;5;0;5;5;3;0;4;5;3;5;5;5;3;2;2;2;3;3;3;Roma;Roma;yes;5;5;5;20;0;0;4;0;0;0;0;0;0;0;0;0;0; ; ; ; ; ; ; ; ; ; ; ; ; ; ; ; ; ;1;0;3;1;2;0;2;0;2;0;Uomo;Male;2004;20; ;Sì;yes; ;Viterbo;Media superiore;13;4;5;Caratterizzata da forti pendenze;Steep slopes;Sì;Sì;Sì;Sì;No;Sì;Sì;Sì;Sì;yes;Rome
Sono uno studente;Numero di volte;2;5;Bus/Tram; ; ; ; ;yes;yes;Public;3;4;4;4;0;0;0;0;4;4;4;0;0;0;0;3;4;3;3;3;3;3;3;4;4;4;4;4;4;4;4;4;4;4;4;4;3;4;4;4;0;3;2;3;3;3;Roma;Roma;yes;3;3;3;60;60;60;4;4;4;4;4;4;4;4;4;4;4; ; ; ; ; ; ; ; ; ; ; ; ; ; ; ; ; ;4;1;4;1;4;1;2;0;4;1;Uomo;Male;2002;22; ;Sì;yes; ;Roma;Media superiore;13;3;3;Caratterizzata da piccole salite;Easy climbs;Sì;No;Sì;No;No;Sì;No;No;Sì;yes;Rome
Sono uno studente;Numero di volte;2;3;Bus/Tram;Metro; ; ; ;yes;yes;Public;5;5;5;5;0;0;0;0;5;5;5;5;0;3;3;3;2;2;2;2;4;4;4;4;4;4;5;5;5;5;5;5;4;4;5;5;3;4;5;5;2;3;3;4;4;4;Roma;Roma;yes;5;5;5;100;100;100;5;5;5;5;5;5;5;5;5;5;5; ; ; ; ; ; ; ; ; ; ; ; ; ; ; ; ; ;4;1;4;1;4;1;2;0;4;1;Donna;Female;1994;30; ;Sì;yes; ;Caserta;Laurea magistrale o successivo;18;4;5;Prevalentemente pianeggiante;Flat;No;No;No;No;No;Sì;Sì;Sì;Sì;yes;Rome
Lavoro;Numero di volte;2;3;Auto; ; ; ; ;no;no;Private;3;5;5;0;0;0;0;0;4;4;4;1;0;0;0;5;5;2;2;0;0;1;1;5;4;3;3;4;3;4;5;4;4;4;2;3;4;4;5;5;4;4;5;2;1;1;Roma;Cerveteri;no;2;0;0;10;5;0;2;0;0;2;0;0;2;1;1;1;1; ; ; ; ; ; ; ; ; ; ; ; ; ; ; ; ; ;1;0;2;0;2;0;2;0;2;0;Donna;Female;1989;35; ;Sì;yes; ;Roma;Laurea (triennale) di primo livello;16;4;3;Prevalentemente pianeggiante;Flat;Sì;Sì;Sì;No;No;Sì;No;No;Sì;no;Not Rome
Lavoro;Numero di volte;2;3;Auto; ; ; ; ;no;no;Private;1;1;1;2;0;0;0;1;5;5;5;3;0;1;1;5;4;4;4;5;0;1;1;5;4;4;5;5;5;5;5;5;5;5;5;5;5;5;5;5;5;5;5;1;0;0;Roma;Roma;yes;4;5;5;0;0;0;2;4;4;1;1;1;2;0;0;0;0; ; ; ; ; ; ; ; ; ; ; ; ; ; ; ; ; ;1;0;3;1;4;1;3;1;1;0;Donna;Female;1992;32; ;Sì;yes; ;Roma;Laurea magistrale o successivo;18;2;3;Caratterizzata da piccole salite;Easy climbs;Sì;No;Sì;No;No;Sì;Sì;No;Sì;yes;Rome
Lavoro;Numero di volte;2;2;Auto; ; ; ; ;no;no;Private;0;3;3;3;0;0;0;0;3;3;3;2;0;0;0;5;3;2;2;4;4;4;4;4;4;4;5;5;5;5;5;5;5;5;5;5;4;5;5;5;5;5;4;1;1;1;Roma;Cave;no;3;0;0;20;0;0;3;0;0;3;0;0;3;0;0;0;0; ; ; ; ; ; ; ; ; ; ; ; ; ; ; ; ; ;3;1;3;1;4;1;2;0;2;0;Donna;Female;1992;32; ;Sì;yes; ;Roma;Laurea (triennale) di primo livello;16;5;0;Prevalentemente pianeggiante;Flat;Sì;No;No;No;No;Sì;Sì;No;No;no;Not Rome
Lavoro;Numero di volte;2;5;Altro (specificare); ; ; ;trasporto disabili;no;no;VRU;5;5;5;5;0;0;0;0;5;5;5;2;0;0;0;4;4;2;2;1;0;2;3;5;4;4;4;4;3;4;4;3;2;5;4;5;5;5;5;5;5;5;5;2;0;0;Roma;Roma;yes;0;0;0;0;0;0;1;0;0;0;0;0;1;0;0;0;0; ; ; ; ; ; ; ; ; ; ; ; ; ; ; ; ; ;1;0;2;0;3;1;1;0;2;0;Donna;Female;1997;27; ;Sì;yes; ;Romania;Media superiore;13;3;3;Caratterizzata da piccole salite;Easy climbs;No;No;No;No;No;Sì;No;No;Sì;yes;Rome
Lavoro;Numero di volte;2;5;Metro; ; ; ; ;yes;yes;Public;0;0;0;0;0;0;0;0;5;5;5;5;0;2;2;5;3;3;3;3;2;4;4;5;4;4;5;5;5;5;5;5;5;5;5;5;5;5;5;5;5;5;5;4;4;4;Roma;Roma;yes;5;4;4;100;0;0;3;3;3;3;3;3;3;3;3;4;4; ; ; ; ; ; ; ; ; ; ; ; ; ; ; ; ; ;4;1;4;1;4;1;4;1;2;0;Donna;Female;1995;29; ;Sì;yes; ;Roma;Laurea (triennale) di primo livello;16;5;5;Caratterizzata da piccole salite;Easy climbs;Sì;No;No;No;No;Sì;Sì;Sì;Sì;yes;Rome
Lavoro;Numero di volte;2;3;Bus/Tram;Moto/scooter; ; ; ;yes;yes;Public;3;4;4;4;0;0;0;0;0;2;2;2;0;0;0;4;4;4;4;4;3;3;3;4;4;4;5;5;5;5;5;5;2;5;4;3;4;5;5;5;5;5;5;2;2;2;Roma;Roma;yes;0;0;0;0;0;0;3;3;0;3;3;0;3;3;0;3;3; ; ; ; ; ; ; ; ; ; ; ; ; ; ; ; ; ;4;1;4;1;4;1;2;0;4;1;Donna;Female;1992;32; ;Sì;yes; ;Roma;Laurea magistrale o successivo;18;3;4;Caratterizzata da piccole salite;Easy climbs;Sì;Sì;Sì;No;No;Sì;No;Sì;Sì;yes;Rome
Lavoro;Numero di volte;2;4;Bus/Tram; ; ; ; ;yes;yes;Public;5;5;5;5;0;0;0;0;4;4;4;4;4;4;4;4;4;4;4;4;5;5;5;5;5;5;2;2;2;2;2;2;5;5;5;5;5;5;5;5;5;5;5;4;4;4;Roma;Roma;yes;5;5;5;0;0;0;5;5;5;5;5;5;5;5;5;5;5; ; ; ; ; ; ; ; ; ; ; ; ; ; ; ; ; ;4;1;4;1;1;0;1;0;4;1;Donna;Female;1991;33; ;Sì;yes; ;Roma;Licenza elementare/media inferiore;8;5;3;Prevalentemente pianeggiante;Flat;Sì;No;No;No;No;Sì;No;No;Sì;yes;Rome
Lavoro;Numero di volte;2;3;Auto;Metro;Treno; ; ;yes;yes;Public;5;5;5;0;0;0;0;0;3;5;5;0;0;0;0;0;0;0;0;0;3;0;0;5;5;5;5;5;5;5;5;5;5;4;5;4;3;5;5;4;3;3;4;0;0;0;Roma;Roma;yes;0;0;0;0;0;0;0;0;0;0;0;0;0;0;0;0;0; ; ; ; ; ; ; ; ; ; ; ; ; ; ; ; ; ;1;0;3;1;2;0;2;0;2;0;Donna;Female;1994;30; ;No;no;Russia ;Russia ;Laurea magistrale o successivo;18;3;2;Prevalentemente pianeggiante;Flat;Sì;No;No;No;No;Sì;No;No;Sì;yes;Rome
Sono uno studente e lavoro;Numero di volte;2;5;Auto; ; ; ; ;no;no;Private;0;0;0;3;0;0;0;0;4;4;4;4;0;0;0;5;0;0;0;0;0;0;0;5;5;5;5;5;5;5;5;5;5;5;5;5;5;5;5;5;5;5;5;4;4;4;Roma;Roma;yes;0;0;0;0;0;0;4;4;4;2;2;2;2;3;3;3;3; ; ; ; ; ; ; ; ; ; ; ; ; ; ; ; ; ;4;1;4;1;3;1;4;1;4;1;Donna;Female;1989;35; ;Sì;yes; ;Frascati;Media superiore;13;4;4;Caratterizzata da piccole salite;Easy climbs;Sì;Sì;Sì;Sì;Sì;Sì;Sì;Sì;Sì;yes;Rome
Lavoro;Numero di volte;2;5;Metro; ; ; ; ;yes;yes;Public;4;2;2;2;0;0;0;0;0;3;0;0;0;0;0;1;4;0;1;1;0;2;2;4;3;2;2;4;4;5;5;5;2;5;1;2;4;3;4;3;4;5;5;2;1;0;Roma;Roma;yes;1;0;0;3;0;0;1;0;0;1;0;0;1;1;1;1;1; ; ; ; ; ; ; ; ; ; ; ; ; ; ; ; ; ;1;0;4;1;2;0;2;0;1;0;Donna;Female;1992;32; ;Sì;yes; ;Roma;Laurea (triennale) di primo livello;16;2;2;Caratterizzata da piccole salite;Easy climbs;Sì;No;Sì;No;No;Sì;Sì;No;Sì;yes;Rome
Lavoro;Numero di volte;2;2;Bus/Tram; ; ; ; ;yes;yes;Public;0;3;3;2;0;0;0;0;1;1;1;1;0;0;0;4;3;5;5;3;3;3;3;5;5;5;5;5;5;5;5;5;5;5;3;3;4;5;3;3;2;4;4;4;4;4;Roma;Roma;yes;5;5;5;20;20;20;3;3;3;3;3;3;3;3;3;3;3; ; ; ; ; ; ; ; ; ; ; ; ; ; ; ; ; ;3;1;4;1;4;1;2;0;3;1;Donna;Female;1990;34; ;Sì;yes; ;Teramo ;Laurea magistrale o successivo;18;4;4;Caratterizzata da piccole salite;Easy climbs;Sì;No;Sì;No;No;Sì;No;No;Sì;yes;Rome
Lavoro;Numero di volte;2;6;Treno; ; ; ; ;yes;yes;Public;0;0;0;0;0;0;0;0;4;5;5;5;0;2;2;3;0;0;0;2;3;3;3;5;5;5;5;5;5;5;5;5;4;5;5;5;5;5;5;5;5;5;5;4;4;4;Roma;Zagarolo;no;4;0;0;50;0;0;3;3;2;3;3;2;4;3;2;3;2; ; ; ; ; ; ; ; ; ; ; ; ; ; ; ; ; ;4;1;3;1;3;1;4;1;2;0;Donna;Female;1989;35; ;No;no;Romania;Romania;Media superiore;13;3;4;Caratterizzata da piccole salite;Easy climbs;Sì;No;Sì;Sì;No;Sì;No;Sì;Sì;no;Not Rome
Lavoro;Numero di volte;2;5;Vado a piedi; ; ; ; ;yes;yes;VRU;0;0;0;1;0;0;0;0;3;0;0;3;0;0;0;5;0;0;0;4;5;0;0;5;0;0;5;0;0;5;0;0;3;3;4;4;3;3;4;4;0;0;0;3;0;0;Roma;Roma;yes;5;0;0;100;0;0;5;0;0;5;0;0;5;0;0;0;0; ; ; ; ; ; ; ; ; ; ; ; ; ; ; ; ; ;4;1;4;1;4;1;1;0;3;1;Donna;Female;1989;35; ;Sì;yes; ;Roma;Laurea magistrale o successivo;18;5;0;Prevalentemente pianeggiante;Flat;Sì;No;No;No;No;Sì;Sì;Sì;Sì;yes;Rome
Lavoro;Numero di volte;2;5;Auto; ; ; ; ;no;no;Private;0;0;3;0;0;0;0;0;3;3;3;4;0;0;0;5;0;0;0;3;0;4;4;5;5;5;5;5;5;5;5;5;5;5;5;5;5;5;5;5;5;5;5;2;2;2;Roma;Roma;yes;0;0;0;0;0;0;0;0;0;0;0;0;0;0;0;0;0; ; ; ; ; ; ; ; ; ; ; ; ; ; ; ; ; ;4;1;3;1;4;1;1;0;3;1;Donna;Female;1992;32; ;No;no;Bulgaria;Bulgaria;Media superiore;13;3;5;Prevalentemente pianeggiante;Flat;Sì;No;Sì;Sì;Sì;Sì;Sì;Sì;Sì;yes;Rome
Sono uno studente e lavoro;Numero di volte;2;5;Auto; ; ; ; ;no;no;Private;4;3;3;3;0;0;0;0;3;3;3;3;2;3;3;3;3;1;1;1;4;3;3;0;1;1;4;3;3;4;4;4;5;4;4;4;4;5;5;5;4;4;4;3;3;3;Roma;Roma;yes;3;3;3;0;0;0;3;3;3;1;2;2;2;2;2;2;2; ; ; ; ; ; ; ; ; ; ; ; ; ; ; ; ; ;4;1;1;0;2;0;1;0;3;1;Donna;Female;1995;29; ;Sì;yes; ;Roma;Media superiore;13;3;3;Caratterizzata da piccole salite;Easy climbs;Sì;No;No;No;No;Sì;No;Sì;Sì;yes;Rome
Lavoro;Numero di volte;2;3;Auto; ; ; ; ;no;no;Private;0;0;0;0;0;0;0;0;4;4;4;4;0;0;0;4;5;5;5;3;0;0;0;5;5;5;5;5;5;5;5;5;5;5;5;5;5;5;5;5;5;5;5;0;0;0;Roma;Castel Gandolfo;no;4;4;4;0;0;0;2;2;2;3;3;3;4;4;4;4;4; ; ; ; ; ; ; ; ; ; ; ; ; ; ; ; ; ;2;0;2;0;2;0;2;0;2;0;Donna;Female;1993;31; ;Sì;yes; ;Roma;Laurea magistrale o successivo;18;4;1;Prevalentemente pianeggiante;Flat;Sì;No;No;No;No;Sì;No;No;Sì;no;Not Rome
Lavoro;Numero di volte;2;6;Auto;Bus/Tram; ; ; ;yes;yes;Public;4;5;5;0;0;0;0;0;3;5;5;0;0;0;0;4;4;5;5;2;0;0;0;5;2;2;5;2;2;5;2;2;5;5;4;3;3;5;4;3;0;3;0;4;0;0;Roma;Roma;yes;3;0;0;50;0;0;0;0;0;0;0;0;0;0;0;0;0; ; ; ; ; ; ; ; ; ; ; ; ; ; ; ; ; ;1;0;4;1;1;0;1;0;1;0;Donna;Female;1989;35; ;Sì;yes; ;Roma;Media superiore;13;5;5;Caratterizzata da piccole salite;Easy climbs;Sì;No;No;No;No;Sì;Sì;Sì;Sì;yes;Rome
Lavoro;Numero di volte;2;6;Bus/Tram; ; ; ; ;yes;yes;Public;2;2;2;2;2;2;2;2;3;3;3;3;2;2;2;4;4;4;4;2;2;2;2;3;3;3;0;0;0;2;2;2;4;4;4;4;4;4;4;4;4;4;4;1;1;1;Roma;Roma;yes;3;3;3;50;0;0;4;4;4;2;2;2;3;4;4;4;4; ; ; ; ; ; ; ; ; ; ; ; ; ; ; ; ; ;1;0;3;1;2;0;1;0;2;0;Donna;Female;1990;34; ;Sì;yes; ;Roma;Media superiore;13;4;5;Prevalentemente pianeggiante;Flat;Sì;No;No;No;No;Sì;Sì;Sì;Sì;yes;Rome
Lavoro;Numero di volte;2;3;eBike (Bici Elettrica); ; ; ; ;yes;yes;VRU;2;4;4;4;1;1;1;1;2;4;4;4;0;1;1;3;4;4;4;1;0;0;0;5;3;3;5;3;3;5;3;3;4;4;4;4;2;3;4;4;2;2;5;4;2;2;Roma;Roma;yes;4;4;4;5;5;5;5;4;4;3;3;3;3;4;4;3;3; ; ; ; ; ; ; ; ; ; ; ; ; ; ; ; ; ;4;1;3;1;4;1;3;1;3;1;Uomo;Male;1989;35; ;Sì;yes; ;Roma;Laurea magistrale o successivo;18;3;4;Caratterizzata da forti pendenze;Steep slopes;Sì;Sì;Sì;No;No;Sì;No;No;Sì;yes;Rome
Lavoro;Numero di volte;2;3;Auto;Moto/scooter; ; ; ;no;yes;Private;5;0;5;3;0;0;0;0;0;1;1;1;0;0;0;3;4;2;2;2;0;5;5;5;5;5;5;5;5;5;5;5;0;0;0;0;0;2;2;2;2;2;2;3;3;3;Roma;Roma;yes;0;0;0;0;0;0;0;0;0;0;0;0;0;5;5;0;0; ; ; ; ; ; ; ; ; ; ; ; ; ; ; ; ; ;4;1;4;1;4;1;4;1;4;1;Uomo;Male;1996;28; ;Sì;yes; ;Palermo;Laurea magistrale o successivo;18;5;5;Prevalentemente pianeggiante;Flat;Sì;Sì;Sì;No;No;Sì;No;Sì;Sì;yes;Rome
Sono uno studente e lavoro;Numero di volte;2;4;Auto;Treno; ; ; ;yes;yes;Public;0;0;0;0;0;0;0;0;3;4;4;2;0;0;0;4;5;5;5;1;0;0;0;5;5;5;4;4;4;4;4;4;1;3;2;3;3;1;2;3;4;3;5;1;1;1;Roma;Roma;yes;2;2;2;20;20;20;2;2;2;2;2;2;2;2;2;2;2; ; ; ; ; ; ; ; ; ; ; ; ; ; ; ; ; ;1;0;2;0;2;0;3;1;2;0;Donna;Female;2003;21; ;Sì;yes; ;Roma;Media superiore;13;4;3;Prevalentemente pianeggiante;Flat;Sì;No;No;No;No;Sì;Sì;Sì;Sì;yes;Rome
Non lavoro e non studio; N/A;1; ; ; ; ; ; ;no;no;N/A;3;5;5;0;0;0;0;0;2;3;3;3;0;2;2;2;2;2;2;4;0;2;2;5;4;4;5;4;4;5;5;5;5;5;5;5;5;5;5;5;5;5;5;4;4;4; ; ;yes;0;0;0;0;0;0;4;4;4;4;4;4;3;3;3;3;3;0;0;0;0;0;0;4;4;4;4;4;4;3;3;3;3;3;1;0;4;1;4;1;3;1;1;0;Donna;Female;1999;25;Roma;Sì;yes; ;Camerano;Media superiore;13;5;3;Caratterizzata da piccole salite;Easy climbs;Sì;No;No;No;No;Sì;Sì;Sì;Sì;;
Lavoro;Numero di volte;2;6;Auto; ; ; ; ;no;no;Private;1;1;1;4;0;0;0;0;4;4;4;4;1;1;1;4;5;4;4;0;0;0;0;5;5;5;4;4;4;4;4;4;5;5;5;5;5;5;5;5;5;5;5;0;0;0;Roma;Roma;yes;2;0;0;20;0;0;3;0;0;3;0;0;3;0;0;0;0; ; ; ; ; ; ; ; ; ; ; ; ; ; ; ; ; ;2;0;3;1;1;0;1;0;1;0;Donna;Female;1989;35; ;Sì;yes; ;Roma;Media superiore;13;4;4;Caratterizzata da piccole salite;Easy climbs;Sì;No;No;No;No;Sì;No;No;Sì;yes;Rome
Lavoro;Numero di volte;2;5;Auto; ; ; ; ;no;no;Private;0;0;0;0;0;0;0;0;5;5;5;5;0;0;0;5;5;5;5;0;5;5;5;5;5;5;5;5;5;5;5;5;5;5;5;5;5;5;5;5;5;5;5;0;0;0;Roma;Roma;yes;0;0;0;0;0;0;0;0;0;2;2;2;0;5;5;2;2; ; ; ; ; ; ; ; ; ; ; ; ; ; ; ; ; ;2;0;4;1;1;0;3;1;1;0;Donna;Female;1992;32; ;Sì;yes; ;Cassino;Laurea (triennale) di primo livello;16;2;0;Prevalentemente pianeggiante;Flat;Sì;Sì;Sì;No;No;Sì;No;No;Sì;yes;Rome
Lavoro;Numero di volte;2;5;Auto; ; ; ; ;no;no;Private;0;0;0;0;0;0;0;0;0;0;0;0;0;0;0;0;5;5;5;5;0;0;0;5;5;5;5;5;5;5;5;5;0;3;3;5;3;3;5;3;3;0;3;3;3;3;Roma;Roma;yes;1;1;1;0;0;0;1;1;1;0;0;0;1;1;1;1;1; ; ; ; ; ; ; ; ; ; ; ; ; ; ; ; ; ;4;1;3;1;4;1;2;0;4;1;Uomo;Male;1989;35; ;Sì;yes; ;Roma;Laurea magistrale o successivo;18;4;2;Caratterizzata da piccole salite;Easy climbs;Sì;No;Sì;No;No;Sì;No;Sì;Sì;yes;Rome
Lavoro;Numero di volte;2;2;Vado a piedi; ; ; ; ;yes;yes;VRU;4;0;0;0;0;0;0;0;3;3;3;1;5;0;0;5;2;3;3;0;3;4;4;5;4;4;5;5;3;5;5;3;5;5;5;5;5;5;5;5;5;4;5;5;3;3;Roma;Roma;yes;5;4;4;100;0;0;5;2;2;5;3;3;5;5;5;5;5; ; ; ; ; ; ; ; ; ; ; ; ; ; ; ; ; ;4;1;1;0;4;1;4;1;3;1;Donna;Female;1989;35; ;Sì;yes; ;Roma;Media superiore;13;4;5;Prevalentemente pianeggiante;Flat;No;No;No;No;No;Sì;No;Sì;Sì;yes;Rome
Lavoro;0 (Mai, lavoro da casa, sto sempre a casa);3;0; ; ; ; ; ;no;no;N/A;1;2;2;2;0;0;0;0;3;4;4;2;2;2;2;3;3;1;1;1;3;4;4;4;4;4;4;4;4;4;4;4;4;5;2;2;4;5;5;5;5;4;4;2;3;3;Roma;Roma;yes;3;3;3;50;50;50;4;4;4;4;4;4;4;4;4;4;4;3;3;3;50;50;50;4;4;4;4;4;4;4;4;4;4;4;3;1;3;1;3;1;3;1;3;1;Uomo;Male;1990;34;Roma;Sì;yes; ;Roma;Laurea magistrale o successivo;18;3;2;Caratterizzata da forti pendenze;Steep slopes;Sì;No;Sì;Sì;No;Sì;No;Sì;Sì;yes;Rome
Non lavoro e non studio; N/A;1; ; ; ; ; ; ;no;no;N/A;3;4;4;4;2;2;2;2;4;3;3;3;0;0;0;4;3;2;2;2;2;1;1;4;4;4;5;4;3;4;3;2;4;5;5;5;5;4;5;5;5;4;5;3;3;3; ; ;yes;4;4;3;70;0;0;4;4;4;2;2;2;3;3;3;3;3;4;4;3;70;0;0;4;4;4;2;2;2;3;3;3;3;3;4;1;3;1;4;1;3;1;3;1;Donna;Female;1989;35;Roma;Sì;yes; ;Civita Vecchia;Laurea (triennale) di primo livello;16;4;5;Prevalentemente pianeggiante;Flat;Sì;No;Sì;Sì;Sì;Sì;Sì;Sì;Sì;;
Non lavoro e non studio; N/A;1; ; ; ; ; ; ;no;no;N/A;3;3;5;5;0;0;0;0;1;4;4;3;0;0;0;0;4;4;4;3;3;2;2;1;2;2;3;3;3;4;4;4;4;4;4;2;3;4;4;4;4;3;3;3;3;3; ; ;yes;3;3;3;2;0;0;4;4;4;4;4;4;4;4;4;4;4;3;3;3;2;0;0;4;4;4;4;4;4;4;4;4;4;4;2;0;3;1;2;0;3;1;3;1;Uomo;Male;1998;26;Roma;Sì;yes; ;Roma;Laurea magistrale o successivo;18;4;4;Prevalentemente pianeggiante;Flat;Sì;No;Sì;Sì;Sì;Sì;No;Sì;Sì;;
Lavoro;Numero di volte;2;6;Auto; ; ; ; ;no;no;Private;5;4;4;2;3;3;3;3;1;4;4;1;1;1;1;4;5;4;4;3;3;3;3;4;4;4;5;5;5;5;5;5;4;5;5;5;3;5;5;5;5;3;2;3;3;3;Roma;Roma;yes;2;2;2;0;0;0;1;1;1;1;1;1;1;1;1;1;1; ; ; ; ; ; ; ; ; ; ; ; ; ; ; ; ; ;2;0;3;1;1;0;2;0;2;0;Uomo;Male;1993;31; ;Sì;yes; ;Roma;Laurea magistrale o successivo;18;5;2;Caratterizzata da piccole salite;Easy climbs;Sì;Sì;No;No;No;Sì;Sì;No;Sì;yes;Rome
Lavoro;Numero di volte;2;6;Auto; ; ; ; ;no;no;Private;0;0;0;4;0;0;0;0;0;3;3;4;0;0;0;5;1;1;1;2;3;3;3;5;5;5;5;5;5;5;5;5;5;5;5;5;3;5;5;5;5;3;3;4;2;0;Pomezia;Ardea;no;0;0;0;0;0;0;0;0;0;0;0;0;0;0;0;0;0; ; ; ; ; ; ; ; ; ; ; ; ; ; ; ; ; ;1;0;3;1;3;1;3;1;3;1;Uomo;Male;1994;30; ;Sì;yes; ;Albano;Laurea (triennale) di primo livello;16;2;2;Caratterizzata da piccole salite;Easy climbs;Sì;No;Sì;No;Sì;Sì;Sì;No;Sì;no;Not Rome
Lavoro;Numero di volte;2;4;Metro; ; ; ; ;yes;yes;Public;0;0;0;0;0;0;0;0;4;4;4;4;0;0;0;2;0;0;0;0;4;4;4;4;4;4;4;4;4;4;4;4;4;3;4;4;4;4;4;4;4;4;4;3;3;3;Roma;Roma;yes;5;4;4;0;0;0;2;2;2;3;3;3;1;3;3;2;2; ; ; ; ; ; ; ; ; ; ; ; ; ; ; ; ; ;4;1;3;1;4;1;3;1;3;1;Uomo;Male;1989;35; ;Sì;yes; ;Roma;Media superiore;13;3;4;Prevalentemente pianeggiante;Flat;Sì;No;Sì;No;No;Sì;Sì;Sì;Sì;yes;Rome
Sono uno studente e lavoro;Numero di volte;2;5;Auto;Bus/Tram; ; ; ;yes;yes;Public;1;1;0;0;0;0;0;0;1;1;1;2;0;0;1;4;4;1;1;3;0;2;1;5;5;4;3;3;3;4;5;3;1;2;1;3;4;3;3;3;3;4;4;3;1;1;Anticoli Corrado;Anticoli Corrado;yes;1;1;1;5;1;0;1;0;0;1;0;0;2;1;0;2;2; ; ; ; ; ; ; ; ; ; ; ; ; ; ; ; ; ;2;0;2;0;2;0;2;0;2;0;Uomo;Male;1996;28; ;Sì;yes; ;Roma;Laurea (triennale) di primo livello;16;3;3;Prevalentemente pianeggiante;Flat;Sì;No;Sì;No;No;Sì;Sì;No;Sì;yes;Not Rome
Sono uno studente e lavoro;Numero di volte;2;4;Auto;Metro; ; ; ;yes;yes;Public;2;0;0;1;0;0;0;0;1;1;1;1;0;0;2;3;4;1;1;3;0;2;2;5;5;3;4;4;4;5;5;5;2;3;2;2;4;4;4;4;4;4;5;4;3;3;Roma;Nettuno;no;3;0;0;10;1;0;1;1;0;1;1;0;2;1;1;1;1; ; ; ; ; ; ; ; ; ; ; ; ; ; ; ; ; ;1;0;3;1;2;0;2;0;3;1;Donna;Female;1991;33; ;Sì;yes; ;Roma;Laurea (triennale) di primo livello;16;4;3;Caratterizzata da piccole salite;Easy climbs;Sì;No;Sì;No;No;Sì;Sì;No;Sì;no;Not Rome
Lavoro;Numero di volte;2;1;Bus/Tram; ; ; ; ;yes;yes;Public;4;0;2;4;0;0;0;0;0;5;2;3;2;2;2;4;4;1;1;1;3;2;1;5;5;5;5;4;1;5;5;2;4;5;4;5;5;5;4;5;5;3;3;3;2;2;Roma;Roma;yes;4;3;3;100;0;0;4;4;4;4;4;4;3;4;4;3;3; ; ; ; ; ; ; ; ; ; ; ; ; ; ; ; ; ;4;1;4;1;4;1;3;1;2;0;Donna;Female;1989;35; ;Sì;yes; ;Pompei;Laurea magistrale o successivo;18;3;4;Prevalentemente pianeggiante;Flat;Sì;No;Sì;Sì;Sì;Sì;Sì;Sì;Sì;yes;Rome
Lavoro;Numero di volte;2;5;Vado a piedi; ; ; ; ;yes;yes;VRU;0;3;3;5;0;0;0;2;3;3;3;4;0;0;5;0;0;0;0;5;5;5;5;5;5;5;5;5;5;5;5;5;4;4;2;4;5;4;4;3;4;5;3;5;5;5;Campagno di Roma;Campagno di Roma;yes;5;5;5;100;100;100;5;5;5;5;5;5;5;5;5;5;5; ; ; ; ; ; ; ; ; ; ; ; ; ; ; ; ; ;4;1;4;1;4;1;4;1;3;1;Donna;Female;1989;35; ;Sì;yes; ;Campagnano di Roma;Media superiore;13;4;3;Caratterizzata da piccole salite;Easy climbs;Sì;No;Sì;No;No;Sì;Sì;Sì;Sì;yes;Not Rome
Sono uno studente e lavoro;Numero di volte;2;5;Auto; ; ; ; ;no;no;Private;0;0;0;0;0;0;0;0;0;3;4;0;0;0;0;3;2;0;0;0;5;5;5;5;5;5;5;5;5;5;5;5;0;0;0;0;3;0;3;3;0;0;0;0;0;0;Roma;Roma;yes;5;5;5;50;50;50;5;5;5;5;5;5;5;5;5;5;5; ; ; ; ; ; ; ; ; ; ; ; ; ; ; ; ; ;4;1;4;1;2;0;4;1;4;1;Donna;Female;1994;30; ;Sì;yes; ;Roma;Laurea (triennale) di primo livello;16;3;0;Caratterizzata da piccole salite;Easy climbs;Sì;No;Sì;No;No;Sì;Sì;Sì;Sì;yes;Rome
Lavoro;Numero di volte;2;3;Bus/Tram;Metro;Treno; ; ;yes;yes;Public;2;3;2;0;0;0;4;2;3;3;4;2;0;0;2;1;3;0;3;4;1;3;4;5;5;3;5;3;3;5;5;5;3;3;4;4;5;4;5;5;4;5;5;5;2;2;Roma;Roma;yes;2;2;2;0;0;0;2;2;2;2;2;2;0;2;2;2;2; ; ; ; ; ; ; ; ; ; ; ; ; ; ; ; ; ;4;1;2;0;4;1;2;0;4;1;Donna;Female;1991;33; ;Sì;yes; ;Roma;Laurea magistrale o successivo;18;4;3;Prevalentemente pianeggiante;Flat;Sì;No;Sì;No;No;Sì;Sì;Sì;Sì;yes;Rome
Non lavoro e non studio; N/A;1; ; ; ; ; ; ;no;no;N/A;4;4;1;3;1;1;1;1;5;5;5;5;1;1;1;5;1;1;1;5;1;1;1;5;5;5;4;4;4;5;5;5;5;5;5;5;5;5;5;5;5;5;5;2;2;2; ; ;yes;1;1;1;0;0;0;1;1;1;2;2;2;1;2;2;1;1;1;1;1;0;0;0;1;1;1;2;2;2;1;2;2;1;1;2;0;2;0;3;1;2;0;2;0;Donna;Female;1989;35;Palestrina;Sì;yes; ;Roma;Media superiore;13;4;3;Prevalentemente pianeggiante;Flat;Sì;No;Sì;No;No;Sì;No;No;Sì;;
Lavoro;Numero di volte;2;5;Auto; ; ; ; ;no;no;Private;3;3;3;5;3;3;3;2;5;5;5;5;1;1;1;5;5;5;5;3;3;3;3;5;5;5;5;5;5;5;5;5;5;5;5;5;5;5;5;5;5;5;5;2;2;2;Fiumicino;Roma;no;1;1;1;0;0;0;1;1;1;1;1;1;1;1;1;1;1; ; ; ; ; ; ; ; ; ; ; ; ; ; ; ; ; ;3;1;3;1;1;0;3;1;3;1;Uomo;Male;1994;30; ;Sì;yes; ;Roma;Laurea (triennale) di primo livello;16;5;4;Caratterizzata da piccole salite;Easy climbs;Sì;No;Sì;No;No;Sì;Sì;No;Sì;no;Rome
Sono uno studente;Numero di volte;2;2;Auto; ; ; ; ;no;no;Private;2;2;3;3;0;0;3;4;4;5;5;5;0;0;5;3;5;0;2;0;1;2;3;3;5;3;5;3;3;5;5;2;5;4;5;5;5;4;4;5;5;3;5;5;0;0;Roma;Roma;yes;5;0;0;60;0;0;5;0;0;5;0;0;5;0;0;0;0; ; ; ; ; ; ; ; ; ; ; ; ; ; ; ; ; ;2;0;3;1;2;0;1;0;2;0;Donna;Female;1991;33; ;Sì;yes; ;Roma;Media superiore;13;3;5;Prevalentemente pianeggiante;Flat;Sì;No;No;No;No;Sì;Sì;No;Sì;yes;Rome
Lavoro e studio;Numero di volte;2;5;Auto;Treno; ; ; ;yes;yes;Public;1;1;1;3;0;0;0;0;3;3;3;2;0;0;0;2;4;4;4;2;0;0;0;5;5;5;5;5;5;5;5;5;3;3;5;5;0;3;3;5;5;0;1;4;2;2;Civitavecchia;Civitavecchia;yes;4;2;2;0;0;0;0;5;0;0;5;0;0;5;5;5;5; ; ; ; ; ; ; ; ; ; ; ; ; ; ; ; ; ;4;1;3;1;4;1;3;1;3;1;Donna;Female;1993;31; ;Sì;yes; ;Napoli;Laurea (triennale) di primo livello;16;4;4;Prevalentemente pianeggiante;Flat;Sì;No;No;No;No;Sì;No;No;Sì;yes;Not Rome
Sono uno studente;Numero di volte;2;5;Auto; ; ; ; ;no;no;Private;0;0;2;2;0;0;0;0;4;4;4;2;0;0;0;3;0;4;4;4;4;4;4;0;0;0;5;5;5;5;5;5;2;4;4;3;2;2;4;3;4;2;4;3;3;3;Roma;Poggio Mirtiteto;no;4;4;4;50;50;50;4;4;4;4;4;4;4;4;4;4;4; ; ; ; ; ; ; ; ; ; ; ; ; ; ; ; ; ;3;1;4;1;4;1;3;1;3;1;Uomo;Male;1992;32; ;Sì;yes; ;Rieti;Media superiore;13;4;3;Caratterizzata da piccole salite;Easy climbs;Sì;No;No;No;No;Sì;Sì;Sì;Sì;no;Not Rome
Lavoro;Numero di volte;2;5;Metro; ; ; ; ;yes;yes;Public;3;3;3;3;0;0;0;0;0;0;0;0;5;5;5;5;5;5;5;5;3;3;3;3;3;3;3;3;3;3;3;3;5;5;5;5;5;5;5;5;3;5;5;4;4;4;Roma;Roma;yes;4;4;4;80;80;80;3;3;3;3;3;3;3;3;3;3;3; ; ; ; ; ; ; ; ; ; ; ; ; ; ; ; ; ;4;1;3;1;3;1;3;1;3;1;Uomo;Male;1992;32; ;Sì;yes; ;Roma;Laurea magistrale o successivo;18;3;4;Prevalentemente pianeggiante;Flat;Sì;No;No;No;No;Sì;Sì;No;Sì;yes;Rome
Lavoro;Numero di volte;2;4;Bus/Tram;Metro;Bici; ; ;yes;yes;VRU;5;3;3;5;0;0;0;0;3;3;3;1;0;0;2;2;5;3;3;1;0;1;1;5;5;5;5;5;3;5;3;3;5;5;5;5;3;5;5;5;5;3;3;4;4;4;Milano;Milano;yes;4;4;4;0;0;0;3;5;3;3;5;2;5;5;3;5;2; ; ; ; ; ; ; ; ; ; ; ; ; ; ; ; ; ;3;1;4;1;4;1;4;1;3;1;Uomo;Male;1989;35; ;Sì;yes; ;Roma;Laurea (triennale) di primo livello;16;4;4;Caratterizzata da piccole salite;Easy climbs;No;No;Sì;No;No;Sì;No;Sì;Sì;yes;Not Rome
Lavoro;Numero di volte;2;5;Auto; ; ; ; ;no;no;Private;3;3;3;3;2;2;2;2;3;3;3;3;0;0;0;4;5;5;5;3;0;0;0;4;4;4;0;0;0;5;5;5;5;5;5;5;5;5;5;5;5;5;5;0;0;0;Roma;Roma;yes;0;0;0;0;0;0;0;0;0;0;0;0;0;0;0;0;0; ; ; ; ; ; ; ; ; ; ; ; ; ; ; ; ; ;1;0;1;0;1;0;1;0;2;0;Donna;Female;1995;29; ;Sì;yes; ;Roma;Media superiore;13;1;3;Prevalentemente pianeggiante;Flat;Sì;No;No;No;No;Sì;No;No;Sì;yes;Rome
Lavoro;Numero di volte;2;3;Auto; ; ; ; ;no;no;Private;2;2;2;0;0;0;0;0;1;1;3;3;0;0;0;5;1;2;2;4;3;3;3;5;5;5;5;5;5;5;5;5;4;4;4;3;3;3;3;3;2;3;3;2;2;2;Roma;Cerveteri;no;0;0;0;0;0;0;0;0;0;0;0;0;1;0;0;0;0; ; ; ; ; ; ; ; ; ; ; ; ; ; ; ; ; ;3;1;2;0;2;0;3;1;1;0;Donna;Female;1989;35; ;Sì;yes; ;Roma;Laurea magistrale o successivo;18;5;3;Prevalentemente pianeggiante;Flat;Sì;No;Sì;No;Sì;Sì;No;No;Sì;no;Not Rome
Lavoro;Numero di volte;2;3;Treno; ; ; ; ;yes;yes;Public;1;3;3;1;0;0;0;0;0;3;3;4;2;2;2;2;2;2;2;2;4;4;3;5;4;4;5;5;1;5;5;0;4;4;4;3;3;3;3;4;3;2;3;1;2;3;Roma;Roma;yes;4;3;4;0;0;0;4;1;3;4;2;4;3;3;1;2;3; ; ; ; ; ; ; ; ; ; ; ; ; ; ; ; ; ;1;0;2;0;2;0;1;0;2;0;Uomo;Male;1990;34; ;Sì;yes; ;Roma;Laurea magistrale o successivo;18;4;4;Prevalentemente pianeggiante;Flat;Sì;No;No;No;No;No;No;No;Sì;yes;Rome
Lavoro;Numero di volte;2;6;Auto; ; ; ; ;no;no;Private;0;0;0;1;0;0;0;0;3;3;3;0;0;0;0;2;1;1;1;3;3;3;3;4;4;4;4;4;4;5;5;5;4;4;4;4;4;4;4;4;4;4;5;5;3;3;Frascati;Frascati;yes;4;4;4;30;50;50;4;4;4;4;4;4;3;4;4;4;4; ; ; ; ; ; ; ; ; ; ; ; ; ; ; ; ; ;4;1;2;0;1;0;3;1;1;0;Donna;Female;1990;34; ;No;no;Polonia;Polonia;Laurea (triennale) di primo livello;16;4;0;Caratterizzata da forti pendenze;Steep slopes;Sì;No;No;No;No;Sì;Sì;No;Sì;yes;Not Rome
Lavoro;Numero di volte;2;5;Auto; ; ; ; ;no;no;Private;0;0;0;0;0;0;0;0;0;0;0;0;0;0;0;3;0;0;0;0;5;5;5;5;5;5;5;5;5;5;5;5;3;4;5;0;0;3;5;0;3;0;2;5;0;0;Roma;Roma;yes;0;0;0;0;0;0;0;0;0;0;0;0;0;0;0;0;0; ; ; ; ; ; ; ; ; ; ; ; ; ; ; ; ; ;1;0;4;1;1;0;1;0;1;0;Donna;Female;1989;35; ;Sì;yes; ;Marche;Laurea magistrale o successivo;18;4;3;Prevalentemente pianeggiante;Flat;Sì;No;No;No;No;No;No;No;Sì;yes;Rome
Lavoro;Numero di volte;2;2;Moto/scooter; ; ; ; ;no;yes;Private;0;2;2;4;0;0;0;0;4;4;4;5;0;1;1;4;3;3;3;4;2;4;4;5;4;4;5;5;3;5;5;3;3;4;2;5;3;3;2;5;2;3;2;4;3;3;Roma;Roma;yes;3;4;0;0;0;0;3;4;4;3;4;4;3;3;3;3;3; ; ; ; ; ; ; ; ; ; ; ; ; ; ; ; ; ;4;1;3;1;4;1;2;0;1;0;Uomo;Male;1990;34; ;Sì;yes; ;Roma;Laurea magistrale o successivo;18;4;5;Prevalentemente pianeggiante;Flat;Sì;Sì;Sì;No;No;Sì;No;No;Sì;yes;Rome
Lavoro;Numero di volte;2;6;Bus/Tram; ; ; ; ;yes;yes;Public;1;2;0;0;0;0;0;3;4;2;2;0;1;4;3;5;0;2;3;0;4;2;3;5;4;4;5;5;5;5;5;4;4;4;3;4;4;5;5;5;5;3;3;3;3;3;Roma;Roma;yes;4;4;3;100;0;0;4;4;3;3;4;4;4;4;4;2;2; ; ; ; ; ; ; ; ; ; ; ; ; ; ; ; ; ;4;1;4;1;1;0;1;0;4;1;Donna;Female;1990;34; ;Sì;yes; ;Roma;Laurea magistrale o successivo;18;5;5;Caratterizzata da piccole salite;Easy climbs;No;No;No;No;No;Sì;Sì;No;Sì;yes;Rome
Sono uno studente;Numero di volte;2;5;Metro; ; ; ; ;yes;yes;Public;4;4;4;4;0;0;0;0;4;4;4;4;2;2;2;2;4;4;4;4;5;5;5;5;5;5;5;5;5;5;5;5;5;5;5;5;2;5;5;5;5;2;2;4;4;4;Roma;Roma;yes;5;5;5;100;100;100;5;5;5;5;5;5;5;5;5;5;5; ; ; ; ; ; ; ; ; ; ; ; ; ; ; ; ; ;4;1;4;1;4;1;4;1;4;1;Uomo;Male;1990;34; ;Sì;yes; ;Reggio Calabria;Laurea magistrale o successivo;18;2;4;Caratterizzata da piccole salite;Easy climbs;Sì;No;Sì;No;No;Sì;No;No;Sì;yes;Rome
Lavoro;Numero di volte;2;5;Auto; ; ; ; ;no;no;Private;5;5;5;5;0;0;0;0;5;5;5;5;5;5;5;5;5;5;5;5;5;5;5;5;5;5;5;5;5;5;5;5;5;5;5;5;5;5;5;5;5;5;5;3;3;3;Roma;Roma;yes;5;5;5;0;0;0;5;0;0;5;0;0;5;0;0;0;0; ; ; ; ; ; ; ; ; ; ; ; ; ; ; ; ; ;4;1;4;1;4;1;3;1;1;0;Donna;Female;1990;34; ;Sì;yes; ;Roma;Laurea magistrale o successivo;18;2;1;Caratterizzata da piccole salite;Easy climbs;Sì;No;No;No;No;No;No;No;Sì;yes;Rome
Non lavoro e non studio; N/A;1; ; ; ; ; ; ;no;no;N/A;3;5;5;2;0;0;0;0;5;5;5;0;0;0;0;0;5;5;5;0;5;5;5;5;5;5;5;5;5;5;5;5;4;4;4;4;4;4;4;4;4;4;2;5;0;0; ; ;yes;5;0;0;80;0;0;5;0;0;5;0;0;0;0;0;0;0;5;0;0;80;0;0;5;0;0;5;0;0;0;0;0;0;0;4;1;4;1;4;1;1;0;4;1;Donna;Female;1989;35;Nettuno;Sì;yes; ;Marano di Napoli;Licenza elementare/media inferiore;8;3;4;Caratterizzata da piccole salite;Easy climbs;No;No;No;No;No;No;No;No;No;;
Lavoro;Numero di volte;2;6;Auto; ; ; ; ;no;no;Private;0;0;0;0;0;0;0;0;0;0;0;0;0;0;0;0;0;0;0;0;5;5;5;5;5;5;5;5;5;5;5;5;4;4;4;4;3;4;4;4;4;3;3;4;4;4;San Vito Romano;Cave;no;0;0;0;0;0;0;0;0;0;0;0;0;0;0;0;0;0; ; ; ; ; ; ; ; ; ; ; ; ; ; ; ; ; ;3;1;2;0;3;1;3;1;3;1;Donna;Female;1991;33; ;Sì;yes; ;Palestrina;Laurea magistrale o successivo;18;5;5;Caratterizzata da forti pendenze;Steep slopes;Sì;No;Sì;No;No;Sì;No;No;Sì;no;Not Rome
Lavoro;Numero di volte;2;5;Auto; ; ; ; ;no;no;Private;0;0;0;0;0;0;0;0;0;0;0;0;0;0;0;5;2;0;0;0;0;4;3;5;5;0;5;5;5;5;5;5;4;4;4;4;4;4;4;4;4;4;4;3;3;3;Roma;Roma;yes;4;4;4;90;90;90;5;5;5;5;5;5;5;5;5;5;5; ; ; ; ; ; ; ; ; ; ; ; ; ; ; ; ; ;4;1;3;1;4;1;4;1;2;0;Donna;Female;1991;33; ;Sì;yes; ;Catania;Laurea magistrale o successivo;18;4;3;Caratterizzata da piccole salite;Easy climbs;Sì;No;Sì;No;No;Sì;Sì;No;Sì;yes;Rome
Lavoro;Numero di volte;2;7;Auto; ; ; ; ;no;no;Private;5;5;5;3;0;0;0;0;5;5;5;2;0;0;0;5;5;5;5;0;0;0;0;5;5;5;5;5;5;5;5;5;5;4;5;3;3;5;5;3;2;2;0;4;4;4;Roma;Roma;yes;0;0;0;0;0;0;0;0;0;0;0;0;0;0;0;0;0; ; ; ; ; ; ; ; ; ; ; ; ; ; ; ; ; ;4;1;4;1;1;0;2;0;1;0;Uomo;Male;1992;32; ;Sì;yes; ;Roma;Laurea magistrale o successivo;18;2;1;Caratterizzata da piccole salite;Easy climbs;Sì;Sì;Sì;Sì;Sì;Sì;Sì;Sì;Sì;yes;Rome
Lavoro;0 (Mai, lavoro da casa, sto sempre a casa);3;0; ; ; ; ; ;no;no;N/A;1;1;1;1;0;0;0;0;0;3;3;3;0;1;1;3;2;2;2;2;2;2;2;4;4;4;5;5;5;5;5;5;4;5;5;5;5;5;5;5;5;5;5;3;3;3;Roma;Roma;yes;4;0;4;70;0;70;4;0;4;4;0;4;4;0;4;0;4;4;0;4;70;0;70;4;0;4;4;0;4;4;0;4;0;4;2;0;3;1;3;1;1;0;2;0;Donna;Female;1991;33;Roma;Sì;yes; ;Roma;Laurea magistrale o successivo;18;4;5;Prevalentemente pianeggiante;Flat;Sì;No;No;No;No;Sì;Sì;No;Sì;yes;Rome
Lavoro;Numero di volte;2;4;Auto; ; ; ; ;no;no;Private;0;5;5;0;3;0;0;0;5;5;5;1;0;0;0;5;0;0;0;5;3;3;3;5;5;5;5;5;5;5;5;5;5;5;5;5;5;5;5;5;5;5;5;0;0;0;Roma;Roma;yes;0;0;0;0;0;0;0;0;0;0;0;0;0;0;0;0;0; ; ; ; ; ; ; ; ; ; ; ; ; ; ; ; ; ;3;1;4;1;3;1;1;0;1;0;Donna;Female;1996;28; ;Sì;yes; ;Torino;Media superiore;13;4;2;Prevalentemente pianeggiante;Flat;Sì;No;No;Sì;No;Sì;Sì;Sì;Sì;yes;Rome
Lavoro;Numero di volte;2;6;Bus/Tram; ; ; ; ;yes;yes;Public;0;0;0;3;0;0;0;0;1;1;1;2;0;1;1;3;1;0;0;2;0;2;2;5;5;5;5;5;5;5;5;5;5;5;5;3;5;5;5;3;5;5;5;5;0;0;Roma;Roma;yes;1;0;0;0;0;0;0;0;0;2;0;0;2;0;0;0;0; ; ; ; ; ; ; ; ; ; ; ; ; ; ; ; ; ;4;1;4;1;4;1;1;0;4;1;Donna;Female;1991;33; ;Sì;yes; ;Roma;Laurea magistrale o successivo;18;3;3;Caratterizzata da piccole salite;Easy climbs;Sì;No;No;No;No;No;Sì;No;Sì;yes;Rome
Lavoro;Numero di volte;2;5;Auto; ; ; ; ;no;no;Private;1;5;5;3;1;1;1;1;2;2;2;1;1;1;1;5;5;5;5;3;1;1;1;5;5;5;4;4;4;5;5;1;4;4;4;4;4;4;4;4;4;4;4;4;4;4;Roma;Roma;yes;1;1;1;0;0;0;1;1;1;1;1;1;1;1;1;1;1; ; ; ; ; ; ; ; ; ; ; ; ; ; ; ; ; ;4;1;4;1;4;1;1;0;3;1;Donna;Female;1991;33; ;Sì;yes; ;Roma;Media superiore;13;3;2;Caratterizzata da piccole salite;Easy climbs;Sì;No;No;No;No;No;No;No;Sì;yes;Rome
Lavoro;Numero di volte;2;5;Auto; ; ; ; ;no;no;Private;1;1;1;1;1;1;1;1;1;1;1;1;2;2;2;2;1;1;1;1;2;2;2;2;2;2;5;5;5;5;5;5;5;5;5;5;4;5;5;5;3;4;4;1;1;1;Roma;Roma;yes;1;1;1;10;10;10;0;0;0;0;0;0;0;0;0;0;0; ; ; ; ; ; ; ; ; ; ; ; ; ; ; ; ; ;2;0;3;1;4;1;2;0;3;1;Donna;Female;1993;31; ;Sì;yes; ;Roma;Laurea magistrale o successivo;18;2;2;Caratterizzata da piccole salite;Easy climbs;Sì;No;No;No;No;Sì;Sì;No;Sì;yes;Rome
Sono uno studente;Numero di volte;2;6;Bus/Tram; ; ; ; ;yes;yes;Public;4;4;4;0;0;0;0;0;5;5;5;0;2;2;2;5;4;4;4;0;0;0;0;5;5;5;5;5;5;5;5;5;5;5;5;4;5;5;5;5;4;5;5;3;0;0;Passo Corese;Fiano Romano;no;5;3;3;90;10;10;5;4;4;5;4;4;5;4;4;4;4; ; ; ; ; ; ; ; ; ; ; ; ; ; ; ; ; ;1;0;4;1;4;1;1;0;4;1;Donna;Female;2006;18; ;Sì;yes; ;Brasile;Media superiore;13;5;5;Caratterizzata da forti pendenze;Steep slopes;No;No;No;No;No;Sì;Sì;No;No;no;Not Rome
Lavoro;Numero di volte;2;7;Auto; ; ; ; ;no;no;Private;0;0;0;0;0;0;0;0;2;2;2;2;0;0;0;0;2;2;2;2;4;4;4;5;5;5;5;5;5;5;5;5;5;5;5;5;5;5;5;5;5;5;5;2;2;2;Roma;Albano Laziale;no;0;0;0;0;0;0;0;0;0;0;0;0;0;0;0;0;0; ; ; ; ; ; ; ; ; ; ; ; ; ; ; ; ; ;4;1;4;1;1;0;4;1;4;1;Uomo;Male;1994;30; ;Sì;yes; ;Roma;Media superiore;13;5;3;Caratterizzata da forti pendenze;Steep slopes;Sì;No;No;No;No;Sì;Sì;Sì;Sì;no;Not Rome
Lavoro;Numero di volte;2;6;Auto; ; ; ; ;no;no;Private;2;5;5;5;5;5;4;0;1;5;2;2;2;2;2;4;4;4;4;4;0;1;2;5;5;3;4;4;4;5;5;4;5;5;5;5;5;5;5;5;5;5;5;4;4;3;Roma;Roma;yes;3;3;1;0;0;0;3;1;1;0;0;0;0;2;0;1;0; ; ; ; ; ; ; ; ; ; ; ; ; ; ; ; ; ;4;1;3;1;2;0;2;0;2;0;Uomo;Male;1992;32; ;Sì;yes; ;Italia;Laurea (triennale) di primo livello;16;4;4;Prevalentemente pianeggiante;Flat;Sì;No;No;No;No;Sì;Sì;Sì;Sì;yes;Rome
Lavoro;Numero di volte;2;6;Auto; ; ; ; ;no;no;Private;5;5;5;0;0;0;0;0;5;5;5;0;0;0;2;5;0;0;0;0;0;0;0;5;5;5;3;3;3;5;5;2;4;4;4;4;5;4;4;4;5;5;0;3;4;4;Guidonia;Guidonia;yes;0;0;0;40;60;60;5;5;5;2;5;5;5;5;5;5;5; ; ; ; ; ; ; ; ; ; ; ; ; ; ; ; ; ;3;1;3;1;4;1;3;1;1;0;Donna;Female;1991;33; ;Sì;yes; ;Tivoli;Media superiore;13;3;2;Prevalentemente pianeggiante;Flat;Sì;No;Sì;No;Sì;Sì;Sì;Sì;Sì;yes;Not Rome
Lavoro;Numero di volte;2;3;Auto; ; ; ; ;no;no;Private;3;0;0;0;0;0;0;0;0;5;5;3;5;4;2;3;5;4;4;3;4;4;5;5;3;3;3;3;3;5;5;2;2;4;3;4;4;5;5;3;5;3;4;2;2;2;Roma;Roma;yes;3;4;4;3;0;0;3;3;2;2;3;3;3;3;2;3;2; ; ; ; ; ; ; ; ; ; ; ; ; ; ; ; ; ;2;0;2;0;2;0;3;1;3;1;Donna;Female;1990;34; ;Sì;yes; ;Caserta;Laurea magistrale o successivo;18;4;4;Caratterizzata da piccole salite;Easy climbs;Sì;Sì;Sì;No;No;Sì;Sì;Sì;Sì;yes;Rome
Sono uno studente e lavoro;Numero di volte;2;4;Auto; ; ; ; ;no;no;Private;0;2;2;0;0;0;0;0;3;3;3;0;0;0;0;3;3;3;3;0;3;3;3;5;5;5;3;3;3;3;3;3;5;5;5;5;5;5;5;5;5;5;5;0;2;2;Roma;Roma;yes;0;0;0;0;0;0;2;3;3;0;0;0;0;0;0;0;0; ; ; ; ; ; ; ; ; ; ; ; ; ; ; ; ; ;4;1;4;1;3;1;4;1;4;1;Donna;Female;1991;33; ;Sì;yes; ;Roma;Media superiore;13;4;0;Caratterizzata da piccole salite;Easy climbs;Sì;No;Sì;Sì;Sì;Sì;Sì;Sì;Sì;yes;Rome
Lavoro;0 (Mai, lavoro da casa, sto sempre a casa);3;0; ; ; ; ; ;no;no;N/A;0;0;0;0;0;0;0;0;2;2;2;2;2;2;2;2;0;0;0;0;5;5;5;5;5;5;5;5;5;5;5;5;4;4;4;4;3;4;4;4;4;3;3;4;0;0;Roma;Roma;yes;0;0;0;0;0;0;0;0;0;0;0;0;0;0;0;0;0;0;0;0;0;0;0;0;0;0;0;0;0;0;0;0;0;0;2;0;1;0;3;1;1;0;1;0;Donna;Female;1989;35;Roma;Sì;yes; ;Roma;Laurea (triennale) di primo livello;16;4;4;Caratterizzata da piccole salite;Easy climbs;Sì;No;No;No;No;Sì;Sì;No;Sì;yes;Rome
Non lavoro e non studio; N/A;1; ; ; ; ; ; ;no;no;N/A;5;2;2;4;0;0;0;0;3;5;5;3;0;0;4;4;5;4;4;1;3;3;3;5;5;3;5;5;3;5;4;1;5;5;5;5;5;5;5;5;5;4;5;5;5;3; ; ;yes;5;4;1;50;0;0;5;3;0;5;3;0;5;4;0;0;0;5;4;1;50;0;0;5;3;0;5;3;0;5;4;0;0;0;2;0;1;0;4;1;2;0;3;1;Donna;Female;1990;34;Roma;Sì;yes; ;Roma;Laurea (triennale) di primo livello;16;5;3;Prevalentemente pianeggiante;Flat;Sì;No;Sì;No;No;Sì;No;No;Sì;;
Lavoro;Numero di volte;2;6;Monopattino; ; ; ; ;yes;yes;VRU;5;3;2;3;2;2;2;1;3;3;3;2;1;1;1;5;5;3;3;2;2;4;4;5;5;5;3;3;3;5;5;5;1;1;5;5;5;1;1;5;5;5;5;4;4;4;Roma;Roma;yes;4;4;4;0;30;100;5;5;5;5;5;5;5;5;5;5;5; ; ; ; ; ; ; ; ; ; ; ; ; ; ; ; ; ;3;1;3;1;4;1;4;1;2;0;Uomo;Male;1994;30; ;Sì;yes; ;Roma;Media superiore;13;3;2;Caratterizzata da forti pendenze;Steep slopes;No;No;Sì;No;Sì;Sì;Sì;Sì;No;yes;Rome
Lavoro;Numero di volte;2;5;Auto; ; ; ; ;no;no;Private;0;0;3;0;0;0;0;0;0;0;3;3;0;0;0;4;2;2;3;0;3;3;2;3;3;3;5;5;5;5;5;5;5;5;5;5;5;5;5;5;5;5;5;3;0;0;Roma;Roma;yes;0;0;0;0;0;0;0;0;0;0;0;0;0;0;0;0;0; ; ; ; ; ; ; ; ; ; ; ; ; ; ; ; ; ;3;1;3;1;3;1;3;1;3;1;Donna;Female;1989;35; ;Sì;yes; ;Roma;Laurea magistrale o successivo;18;3;3;Caratterizzata da piccole salite;Easy climbs;Sì;No;Sì;No;No;Sì;No;No;Sì;yes;Rome
Lavoro;Numero di volte;2;6;Auto;Bus/Tram; ; ; ;yes;yes;Public;0;0;0;5;0;0;2;0;5;5;5;5;5;0;2;3;5;5;5;0;0;0;0;5;5;5;0;0;0;5;4;0;5;5;5;5;5;5;5;5;5;5;5;0;0;0;Roma;Pomezia;no;0;0;0;0;0;0;0;0;0;0;0;0;0;0;0;0;0; ; ; ; ; ; ; ; ; ; ; ; ; ; ; ; ; ;4;1;2;0;3;1;2;0;1;0;Uomo;Male;1989;35; ;Sì;yes; ;Salerno;Licenza elementare/media inferiore;8;1;1;Caratterizzata da piccole salite;Easy climbs;Sì;No;Sì;No;No;Sì;Sì;No;Sì;no;Not Rome
Lavoro e studio;Numero di volte;2;3;Auto; ; ; ; ;no;no;Private;3;2;4;3;0;0;0;0;4;5;5;3;0;0;3;2;4;4;3;4;1;2;2;5;5;5;3;3;2;4;4;2;5;4;5;5;5;5;5;5;5;5;4;4;4;3;Roma;Roma;yes;0;1;1;10;10;10;3;3;3;0;0;0;2;2;2;2;2; ; ; ; ; ; ; ; ; ; ; ; ; ; ; ; ; ;2;0;3;1;2;0;1;0;1;0;Uomo;Male;2000;24; ;Sì;yes; ;Roma;Laurea (triennale) di primo livello;16;4;4;Prevalentemente pianeggiante;Flat;Sì;No;Sì;No;No;Sì;No;Sì;Sì;yes;Rome
Lavoro;Numero di volte;2;3;Auto; ; ; ; ;no;no;Private;0;0;0;0;0;0;0;0;2;2;2;2;0;0;0;0;1;1;1;1;1;1;1;5;5;5;5;5;5;5;5;5;5;5;4;4;5;5;4;4;4;5;5;4;4;4;Roma;Roma;yes;0;0;0;0;0;0;0;0;0;0;0;0;0;0;0;0;0; ; ; ; ; ; ; ; ; ; ; ; ; ; ; ; ; ;3;1;4;1;4;1;3;1;3;1;Donna;Female;1992;32; ;Sì;yes; ;Roma;Media superiore;13;4;5;Prevalentemente pianeggiante;Flat;Sì;No;No;No;No;Sì;Sì;Sì;Sì;yes;Rome
Lavoro;0 (Mai, lavoro da casa, sto sempre a casa);3;0; ; ; ; ; ;no;no;N/A;4;4;4;4;0;0;0;0;3;3;3;3;0;0;0;5;0;0;0;3;3;3;3;5;5;5;4;4;4;4;4;4;5;5;5;5;5;5;5;5;5;5;4;3;3;3;Lariano;Lariano;yes;3;3;3;0;30;30;1;3;3;0;3;3;0;3;3;3;3;3;3;3;0;30;30;1;3;3;0;3;3;0;3;3;3;3;2;0;4;1;1;0;3;1;4;1;Donna;Female;1989;35;Lariano;Sì;yes; ;Velletri;Media superiore;13;3;0;Prevalentemente pianeggiante;Flat;Sì;No;No;Sì;No;Sì;No;No;Sì;yes;Not Rome
Lavoro;Numero di volte;2;6;Metro; ; ; ; ;yes;yes;Public;0;0;0;0;0;0;0;0;3;3;3;0;0;0;0;0;0;0;0;0;3;3;0;3;3;0;5;5;5;5;5;5;5;5;5;5;5;5;5;5;5;5;5;4;3;0;Roma;Roma;yes;4;4;0;60;60;0;4;4;0;4;4;0;4;4;0;4;0; ; ; ; ; ; ; ; ; ; ; ; ; ; ; ; ; ;4;1;3;1;4;1;4;1;3;1;Uomo;Male;1993;31; ;No;no;Bangladesh;Bangladesh;Licenza elementare/media inferiore;8;3;4;Caratterizzata da piccole salite;Easy climbs;No;No;Sì;No;No;Sì;No;No;Sì;yes;Rome
Lavoro;Numero di volte;2;4;Auto; ; ; ; ;no;no;Private;5;5;5;5;0;0;0;0;5;5;5;5;3;3;3;3;5;5;5;5;5;5;5;5;5;5;5;5;5;5;5;5;5;5;5;5;5;5;5;5;5;5;5;5;5;5;Roma;Roma;yes;0;0;0;0;0;0;0;0;0;0;0;0;0;0;0;0;0; ; ; ; ; ; ; ; ; ; ; ; ; ; ; ; ; ;4;1;2;0;1;0;3;1;3;1;Donna;Female;1991;33; ;Sì;yes; ;Roma;Laurea magistrale o successivo;18;3;3;Prevalentemente pianeggiante;Flat;Sì;No;No;No;No;Sì;Sì;Sì;Sì;yes;Rome
Lavoro;Numero di volte;2;7;Auto; ; ; ; ;no;no;Private;0;2;2;0;0;0;0;0;3;3;3;0;0;0;0;5;3;3;3;2;2;0;0;5;5;5;5;5;5;5;5;5;4;5;5;5;5;4;5;5;5;5;3;0;0;0;Roma;Roma;yes;0;0;0;0;0;0;0;0;0;0;0;0;0;0;0;0;0; ; ; ; ; ; ; ; ; ; ; ; ; ; ; ; ; ;4;1;3;1;1;0;1;0;1;0;Uomo;Male;1992;32; ;Sì;yes; ;Roma;Media superiore;13;4;5;Prevalentemente pianeggiante;Flat;Sì;No;No;No;No;Sì;Sì;Sì;Sì;yes;Rome
Lavoro;Numero di volte;2;4;Moto/scooter; ; ; ; ;no;yes;Private;0;0;0;3;0;0;0;0;0;4;4;0;0;0;0;3;4;0;0;4;0;0;0;5;5;5;5;5;5;5;5;5;5;5;5;4;4;5;5;4;3;4;3;0;0;0;Roma;Roma;yes;0;0;0;0;0;0;0;0;0;0;0;0;0;0;0;0;0; ; ; ; ; ; ; ; ; ; ; ; ; ; ; ; ; ;1;0;4;1;4;1;4;1;1;0;Donna;Female;1995;29; ;Sì;yes; ;Roma;Laurea magistrale o successivo;18;2;2;Prevalentemente pianeggiante;Flat;No;Sì;Sì;No;No;Sì;Sì;Sì;Sì;yes;Rome
Sono uno studente;Numero di volte;2;5;Auto; ; ; ; ;no;no;Private;3;3;3;3;0;0;0;0;0;0;0;0;0;0;0;3;3;3;3;3;0;0;0;5;5;5;1;1;1;3;3;3;2;2;2;2;2;3;3;3;3;3;3;5;5;5;Roma;Roma;yes;3;3;3;0;0;0;0;0;0;0;0;0;0;0;0;0;0; ; ; ; ; ; ; ; ; ; ; ; ; ; ; ; ; ;1;0;1;0;2;0;1;0;3;1;Uomo;Male;2005;19; ;Sì;yes; ;Roma;Media superiore;13;5;4;Caratterizzata da piccole salite;Easy climbs;Sì;Sì;Sì;No;No;Sì;Sì;Sì;Sì;yes;Rome
Lavoro;Numero di volte;2;5;Auto; ; ; ; ;no;no;Private;1;1;1;1;0;0;0;0;5;5;5;5;0;0;0;0;2;2;2;2;4;4;4;4;4;4;5;5;5;5;5;5;5;5;5;5;2;5;5;5;5;2;2;1;1;1;Roma;Guidonia;no;5;5;5;0;0;0;0;0;0;0;0;0;0;0;0;0;0; ; ; ; ; ; ; ; ; ; ; ; ; ; ; ; ; ;4;1;3;1;2;0;4;1;4;1;Uomo;Male;1989;35; ;Sì;yes; ;Tivoli;Laurea magistrale o successivo;18;3;2;Prevalentemente pianeggiante;Flat;Sì;Sì;Sì;No;No;Sì;No;No;Sì;no;Not Rome
Lavoro;Numero di volte;2;5;Auto; ; ; ; ;no;no;Private;0;0;0;5;0;0;0;0;2;2;2;0;0;0;0;3;0;0;0;0;5;5;5;5;5;5;5;5;5;5;5;5;5;5;5;0;0;5;5;5;1;1;5;3;3;3;Tolfa;Tolfa;yes;1;0;0;5;0;0;3;0;0;3;0;0;3;0;0;0;0; ; ; ; ; ; ; ; ; ; ; ; ; ; ; ; ; ;2;0;2;0;2;0;1;0;2;0;Donna;Female;1992;32; ;Sì;yes; ;Civitavecchia;Media superiore;13;5;4;Caratterizzata da piccole salite;Easy climbs;Sì;Sì;Sì;No;No;Sì;Sì;No;Sì;yes;Not Rome
Lavoro;Numero di volte;2;5;Bus/Tram;Treno;Vado a piedi; ; ;yes;yes;VRU;0;2;2;0;0;0;0;0;5;5;5;4;0;0;0;3;3;4;4;4;4;4;4;4;4;4;5;5;5;5;5;5;5;5;5;5;3;5;5;5;4;3;4;4;4;4;Roma;Roma;yes;5;5;5;100;100;100;5;5;5;5;5;5;5;5;5;5;5; ; ; ; ; ; ; ; ; ; ; ; ; ; ; ; ; ;4;1;4;1;4;1;4;1;4;1;Donna;Female;1989;35; ;Sì;yes; ;Roma;Licenza elementare/media inferiore;8;3;4;Caratterizzata da piccole salite;Easy climbs;No;No;No;No;No;Sì;Sì;Sì;Sì;yes;Rome
Sono uno studente e lavoro;Numero di volte;2;5;Auto; ; ; ; ;no;no;Private;0;3;3;3;3;3;3;3;4;4;4;4;2;2;2;2;1;1;1;1;4;4;4;4;4;4;3;3;3;4;5;4;5;4;4;4;4;4;4;4;4;4;4;5;5;5;Roma;Roma;yes;3;3;3;0;0;0;0;0;0;0;0;0;1;2;2;2;2; ; ; ; ; ; ; ; ; ; ; ; ; ; ; ; ; ;1;0;2;0;1;0;3;1;4;1;Uomo;Male;1994;30; ;Sì;yes; ;Roma;Media superiore;13;3;3;Caratterizzata da piccole salite;Easy climbs;Sì;No;No;No;No;Sì;Sì;No;Sì;yes;Rome
Non lavoro e non studio; N/A;1; ; ; ; ; ; ;no;no;N/A;0;2;2;2;0;0;0;0;5;3;3;3;0;0;0;2;0;0;0;0;3;3;3;5;5;5;5;5;5;5;5;5;5;5;5;5;5;5;5;5;5;5;4;5;3;3; ; ;yes;3;2;2;70;30;30;3;3;3;3;3;2;5;4;4;4;4;3;2;2;70;30;30;3;3;3;3;3;2;5;4;4;4;4;2;0;3;1;3;1;3;1;1;0;Uomo;Male;1999;25;Roma;Sì;yes; ;Roma;Media superiore;13;4;0;Caratterizzata da piccole salite;Easy climbs;Sì;No;Sì;No;No;Sì;Sì;Sì;Sì;;
Lavoro;Numero di volte;2;5;Auto; ; ; ; ;no;no;Private;0;0;0;3;0;0;0;0;0;2;2;0;0;0;3;5;3;2;1;3;2;2;3;5;5;3;5;5;5;5;5;5;0;3;2;3;0;2;4;4;3;0;4;2;3;3;Roma;Roma;yes;4;4;4;0;0;0;4;4;4;3;3;3;2;4;4;4;4; ; ; ; ; ; ; ; ; ; ; ; ; ; ; ; ; ;1;0;3;1;3;1;4;1;3;1;Uomo;Male;1989;35; ;Sì;yes; ;Roma;Laurea magistrale o successivo;18;2;3;Prevalentemente pianeggiante;Flat;Sì;No;Sì;No;No;Sì;Sì;No;Sì;yes;Rome
Lavoro;Numero di volte;2;5;Vado a piedi; ; ; ; ;yes;yes;VRU;0;0;0;0;0;0;0;0;3;5;5;4;3;3;3;3;5;5;5;5;4;4;4;5;5;5;4;4;4;5;4;4;5;4;5;5;5;5;5;5;4;4;5;4;4;4;Roma;Roma;yes;5;0;0;100;0;0;5;5;5;1;1;1;3;4;4;4;4; ; ; ; ; ; ; ; ; ; ; ; ; ; ; ; ; ;4;1;3;1;3;1;3;1;1;0;Donna;Female;1999;25; ;Sì;yes; ;Cosenza;Media superiore;13;3;5;Prevalentemente pianeggiante;Flat;Sì;No;No;No;No;Sì;Sì;Sì;Sì;yes;Rome
Sono uno studente;Numero di volte;2;4;Auto; ; ; ; ;no;no;Private;4;3;3;4;1;1;1;1;2;2;2;3;1;1;2;2;4;4;4;4;1;1;1;2;2;2;3;3;3;4;4;3;3;3;2;3;3;3;3;2;3;3;3;1;1;1;Roma;Roma;yes;0;0;0;0;0;0;3;3;3;2;2;2;2;3;3;3;3; ; ; ; ; ; ; ; ; ; ; ; ; ; ; ; ; ;2;0;3;1;1;0;3;1;2;0;Uomo;Male;2001;23; ;Sì;yes; ;Roma;Laurea (triennale) di primo livello;16;4;1;Caratterizzata da piccole salite;Easy climbs;Sì;No;No;No;No;Sì;No;No;Sì;yes;Rome
Lavoro;Numero di volte;2;5;Auto; ; ; ; ;no;no;Private;3;3;0;3;2;4;0;2;5;3;5;0;0;0;0;2;4;2;3;0;3;4;0;5;5;5;5;5;5;5;5;5;4;4;5;4;3;4;4;4;3;3;4;4;3;5;Valmontone;Valmontone;yes;3;4;0;0;0;0;3;3;0;3;3;0;3;3;0;3;0; ; ; ; ; ; ; ; ; ; ; ; ; ; ; ; ; ;3;1;2;0;2;0;3;1;3;1;Uomo;Male;1989;35; ;Sì;yes; ;Velletri;Licenza elementare/media inferiore;8;4;3;Prevalentemente pianeggiante;Flat;Sì;Sì;No;No;No;Sì;No;No;Sì;yes;Not Rome
Lavoro;Numero di volte;2;2;Metro; ; ; ; ;yes;yes;Public;0;5;5;5;0;0;0;0;5;5;5;0;0;0;0;5;0;0;0;5;3;3;3;5;5;5;5;5;5;5;5;5;5;5;5;5;5;5;5;5;5;5;5;4;1;1;Roma;Roma;yes;5;3;2;100;0;0;5;1;1;5;0;0;5;0;0;0;0; ; ; ; ; ; ; ; ; ; ; ; ; ; ; ; ; ;4;1;3;1;4;1;2;0;3;1;Donna;Female;1990;34; ;Sì;yes; ;Rossano;Laurea magistrale o successivo;18;4;5;Prevalentemente pianeggiante;Flat;Sì;No;Sì;Sì;No;Sì;No;No;Sì;yes;Rome
Lavoro;Numero di volte;2;3;Treno; ; ; ; ;yes;yes;Public;2;2;2;2;1;1;1;1;1;1;1;1;0;0;3;3;2;2;2;2;2;2;2;5;0;5;3;3;3;5;5;5;4;5;5;5;3;4;5;5;4;4;4;5;5;5;Roma;Roma;yes;0;0;0;0;0;0;0;0;0;0;0;0;0;0;0;0;0; ; ; ; ; ; ; ; ; ; ; ; ; ; ; ; ; ;3;1;3;1;4;1;3;1;2;0;Uomo;Male;1995;29; ;Sì;yes; ;Monterotondo;Laurea magistrale o successivo;18;4;5;Caratterizzata da piccole salite;Easy climbs;Sì;No;No;No;No;Sì;Sì;Sì;Sì;yes;Rome
Lavoro;Numero di volte;2;6;Auto; ; ; ; ;no;no;Private;0;0;0;4;0;0;0;0;4;4;4;4;3;3;3;3;4;4;4;5;3;3;3;4;4;4;5;5;4;5;5;5;5;5;5;4;4;5;5;5;5;5;5;3;2;2;Roma;Roma;yes;0;0;0;0;0;0;0;0;0;0;0;0;0;0;0;0;0; ; ; ; ; ; ; ; ; ; ; ; ; ; ; ; ; ;1;0;3;1;1;0;1;0;2;0;Donna;Female;1999;25; ;Sì;yes; ;Roma;Licenza elementare/media inferiore;8;3;2;Caratterizzata da piccole salite;Easy climbs;Sì;No;Sì;No;No;Sì;Sì;No;Sì;yes;Rome
Lavoro;Numero di volte;2;6;Auto; ; ; ; ;no;no;Private;3;3;3;3;3;3;3;3;2;2;2;2;2;2;2;2;4;4;4;4;4;4;4;4;4;4;4;4;4;4;4;4;4;4;4;4;4;4;4;4;4;4;4;3;3;3;Roma;Roma;yes;1;1;1;0;0;0;0;0;0;1;1;1;0;0;0;0;0; ; ; ; ; ; ; ; ; ; ; ; ; ; ; ; ; ;2;0;3;1;3;1;2;0;4;1;Uomo;Male;1995;29; ;Sì;yes; ;Roma;Media superiore;13;3;4;Prevalentemente pianeggiante;Flat;Sì;No;No;No;No;Sì;Sì;Sì;Sì;yes;Rome
Lavoro;Numero di volte;2;5;Moto/scooter; ; ; ; ;no;yes;Private;0;0;0;0;0;0;0;0;5;5;5;5;0;0;0;0;5;5;5;5;4;4;4;4;4;4;5;5;5;5;5;5;4;4;4;4;3;4;4;4;3;3;3;1;1;1;Roma;Roma;yes;4;4;4;40;40;40;4;4;4;4;4;4;4;4;4;4;4; ; ; ; ; ; ; ; ; ; ; ; ; ; ; ; ; ;4;1;3;1;3;1;3;1;2;0;Uomo;Male;1989;35; ;Sì;yes; ;Bolzano;Laurea magistrale o successivo;18;3;2;Caratterizzata da piccole salite;Easy climbs;Sì;Sì;Sì;Sì;No;Sì;No;Sì;Sì;yes;Rome
Lavoro e studio;Numero di volte;2;5;Auto;Metro; ; ; ;yes;yes;Public;4;4;4;4;1;1;1;1;5;5;5;5;2;3;2;2;3;3;3;3;4;4;4;4;4;4;4;4;4;4;4;4;5;5;5;5;5;4;5;5;5;5;4;2;0;0;Roma;Roma;yes;1;0;0;5;0;0;1;1;1;1;1;1;1;1;1;1;1; ; ; ; ; ; ; ; ; ; ; ; ; ; ; ; ; ;1;0;2;0;1;0;2;0;2;0;Donna;Female;1991;33; ;Sì;yes; ;Roma;Laurea magistrale o successivo;18;3;2;Caratterizzata da piccole salite;Easy climbs;Sì;No;No;No;No;No;No;No;Sì;yes;Rome
Lavoro;Numero di volte;2;6;Bus/Tram;Metro; ; ; ;yes;yes;Public;5;0;0;0;0;0;0;0;5;5;5;5;0;0;0;5;5;5;5;5;0;0;0;5;5;5;5;5;5;5;5;5;5;5;5;0;5;5;5;5;5;5;5;5;0;0;Roma;Roma;yes;5;0;0;100;0;0;5;0;0;5;0;0;5;0;0;0;0; ; ; ; ; ; ; ; ; ; ; ; ; ; ; ; ; ;4;1;4;1;4;1;4;1;4;1;Uomo;Male;1989;35; ;Sì;yes; ;Roma;Media superiore;13;3;5;Caratterizzata da forti pendenze;Steep slopes;Sì;No;Sì;No;No;Sì;No;No;Sì;yes;Rome
Non lavoro e non studio; N/A;1; ; ; ; ; ; ;no;no;N/A;2;2;2;2;3;3;1;3;1;4;4;1;1;1;1;2;5;5;5;3;3;4;2;3;3;2;5;1;1;5;4;3;5;5;5;5;5;5;5;5;5;5;5;1;2;2; ; ;yes;1;1;1;5;6;0;0;0;0;2;2;2;2;2;2;2;2;1;1;1;5;6;0;0;0;0;2;2;2;2;2;2;2;2;2;0;3;1;4;1;1;0;3;1;Donna;Female;1996;28;Ostia;Sì;yes; ;Cosenza;Licenza elementare/media inferiore;8;0;2;Caratterizzata da forti pendenze;Steep slopes;No;No;No;No;No;Sì;No;No;Sì;;
Lavoro e studio;Numero di volte;2;6;Auto; ; ; ; ;no;no;Private;0;0;0;0;0;0;0;0;3;3;3;3;0;0;0;0;0;0;0;0;4;4;4;4;4;4;5;5;5;5;5;5;5;5;5;5;5;5;5;5;3;5;5;3;3;3;Nettuno;Nettuno;yes;0;0;0;0;0;0;0;0;0;0;0;0;0;0;0;0;0; ; ; ; ; ; ; ; ; ; ; ; ; ; ; ; ; ;2;0;1;0;2;0;1;0;1;0;Donna;Female;1998;26; ;Sì;yes; ;Genzano;Media superiore;13;4;5;Prevalentemente pianeggiante;Flat;Sì;No;No;No;Sì;Sì;Sì;Sì;Sì;yes;Not Rome
Lavoro;Numero di volte;2;5;Auto; ; ; ; ;no;no;Private;0;3;3;3;0;0;0;0;4;4;4;4;0;0;1;3;3;3;3;0;0;0;0;4;4;4;4;4;4;4;4;4;5;5;5;5;5;5;5;5;5;5;5;1;1;0;Roma;Roma;yes;0;0;0;0;0;0;0;0;0;0;0;0;4;4;4;3;3; ; ; ; ; ; ; ; ; ; ; ; ; ; ; ; ; ;2;0;4;1;1;0;2;0;4;1;Donna;Female;1992;32; ;Sì;yes; ;Palermo;Laurea magistrale o successivo;18;3;0;Caratterizzata da forti pendenze;Steep slopes;Sì;No;Sì;No;No;Sì;Sì;Sì;Sì;yes;Rome
Lavoro;Numero di volte;2;5;Auto; ; ; ; ;no;no;Private;0;0;0;5;0;0;0;0;4;4;4;5;3;3;3;4;3;1;1;4;3;3;3;3;3;3;5;5;5;5;5;5;5;5;5;2;2;5;5;5;3;2;2;4;4;4;Roma;Roma;yes;5;5;5;5;5;0;2;1;1;1;1;1;1;1;1;1;1; ; ; ; ; ; ; ; ; ; ; ; ; ; ; ; ; ;4;1;2;0;1;0;4;1;3;1;Donna;Female;1995;29; ;Sì;yes; ;Roma;Media superiore;13;4;5;Prevalentemente pianeggiante;Flat;Sì;No;Sì;No;No;Sì;No;No;Sì;yes;Rome
Sono uno studente;Numero di volte;2;5;Moto/scooter; ; ; ; ;no;yes;Private;2;2;2;2;0;0;0;0;3;3;3;3;1;1;4;4;4;4;3;2;3;3;3;3;3;3;4;4;4;5;5;5;4;5;5;5;5;5;5;4;4;5;4;4;4;4;Roma;Roma;yes;1;1;1;0;0;0;2;2;3;3;3;3;3;4;4;4;4; ; ; ; ; ; ; ; ; ; ; ; ; ; ; ; ; ;2;0;4;1;2;0;2;0;3;1;Donna;Female;2006;18; ;Sì;yes; ;Sessa Aurunca;Media superiore;13;5;4;Prevalentemente pianeggiante;Flat;No;No;No;No;No;Sì;Sì;No;No;yes;Rome
Lavoro;Numero di volte;2;6;Auto; ; ; ; ;no;no;Private;3;3;3;3;1;1;1;1;1;1;1;1;0;0;0;2;4;4;4;4;2;2;2;4;4;4;3;3;3;3;3;3;4;4;4;4;4;3;3;3;3;3;3;0;0;0;Roma;Roma;yes;0;0;0;0;0;0;2;2;2;0;0;0;0;0;0;0;0; ; ; ; ; ; ; ; ; ; ; ; ; ; ; ; ; ;1;0;3;1;4;1;3;1;1;0;Uomo;Male;1990;34; ;Sì;yes; ;Roma;Laurea (triennale) di primo livello;16;2;1;Prevalentemente pianeggiante;Flat;Sì;No;No;No;No;Sì;Sì;No;Sì;yes;Rome
Non lavoro e non studio; N/A;1; ; ; ; ; ; ;no;no;N/A;0;0;0;0;0;0;0;0;1;1;1;1;2;2;2;2;1;1;1;1;5;5;5;5;5;5;5;5;5;5;5;5;5;5;5;5;5;5;5;5;5;5;5;5;5;5; ; ;yes;5;5;5;100;100;100;5;5;5;5;5;5;5;5;5;5;5;5;5;5;100;100;100;5;5;5;5;5;5;5;5;5;5;5;4;1;4;1;4;1;4;1;2;0;Donna;Female;1992;32;Roma;Sì;yes; ;Roma;Media superiore;13;5;5;Caratterizzata da forti pendenze;Steep slopes;Sì;No;Sì;No;No;Sì;Sì;Sì;Sì;;
Lavoro;Numero di volte;2;5;Auto; ; ; ; ;no;no;Private;0;0;0;0;0;0;0;0;1;1;1;1;0;0;0;0;0;0;0;0;4;4;4;4;4;4;5;5;5;5;5;5;5;5;5;5;3;5;5;5;4;3;3;3;3;3;Civitavecchia;Civitavecchia;yes;4;4;4;40;40;40;4;4;4;4;4;4;4;4;4;4;4; ; ; ; ; ; ; ; ; ; ; ; ; ; ; ; ; ;3;1;3;1;4;1;3;1;2;0;Donna;Female;1991;33; ;Sì;yes; ;Civitavecchia;Laurea (triennale) di primo livello;16;4;2;Caratterizzata da forti pendenze;Steep slopes;Sì;No;No;No;No;Sì;Sì;Sì;Sì;yes;Not Rome
Lavoro;Numero di volte;2;7;Vado a piedi; ; ; ; ;yes;yes;VRU;0;0;0;0;0;0;0;0;4;4;4;4;0;2;2;2;3;3;3;3;5;5;5;5;5;5;5;5;5;5;5;5;5;5;5;5;5;5;5;5;5;5;5;3;3;3;Roma;Roma;yes;0;0;0;0;0;0;0;0;0;0;0;0;0;0;0;0;0; ; ; ; ; ; ; ; ; ; ; ; ; ; ; ; ; ;3;1;1;0;3;1;4;1;4;1;Uomo;Male;1994;30; ;Sì;yes; ;Caserta;Media superiore;13;1;3;Prevalentemente pianeggiante;Flat;Sì;No;Sì;No;No;Sì;No;No;Sì;yes;Rome
Lavoro;Numero di volte;2;5;Auto; ; ; ; ;no;no;Private;0;0;0;0;0;0;0;0;1;1;1;2;1;0;1;4;3;1;1;3;0;1;1;4;4;2;4;4;4;4;4;4;4;4;1;1;4;4;4;2;2;4;4;2;0;0;Roma;Roma;yes;1;0;0;5;0;0;1;1;1;1;1;1;1;1;1;1;1; ; ; ; ; ; ; ; ; ; ; ; ; ; ; ; ; ;1;0;3;1;2;0;1;0;2;0;Donna;Female;1998;26; ;Sì;yes; ;Roma;Media superiore;13;3;4;Prevalentemente pianeggiante;Flat;Sì;No;Sì;No;No;Sì;Sì;No;Sì;yes;Rome
Sono uno studente;Numero di volte;2;5;Auto; ; ; ; ;no;no;Private;4;4;4;4;0;0;0;0;3;3;3;3;1;1;1;1;1;1;1;1;3;3;3;5;5;5;3;3;3;5;5;5;3;3;3;3;3;3;3;3;3;3;3;2;2;2;Roma;Roma;yes;4;4;4;10;10;10;0;0;0;4;4;4;0;0;0;0;0; ; ; ; ; ; ; ; ; ; ; ; ; ; ; ; ; ;1;0;3;1;1;0;2;0;1;0;Donna;Female;2000;24; ;Sì;yes; ;Roma;Media superiore;13;4;0;Prevalentemente pianeggiante;Flat;Sì;No;No;No;No;Sì;No;No;Sì;yes;Rome
Lavoro;Numero di volte;2;5;Bus/Tram; ; ; ; ;yes;yes;Public;0;4;4;4;0;0;0;0;5;5;5;2;0;0;0;4;2;2;2;5;2;2;2;5;5;5;5;5;5;5;5;5;5;5;5;5;5;5;5;5;3;5;5;5;2;0;Roma;Roma;yes;5;1;1;100;0;0;5;1;1;5;1;1;5;1;1;1;1; ; ; ; ; ; ; ; ; ; ; ; ; ; ; ; ; ;4;1;2;0;4;1;1;0;3;1;Donna;Female;1992;32; ;Sì;yes; ;Napoli;Laurea magistrale o successivo;18;3;3;Prevalentemente pianeggiante;Flat;Sì;No;No;No;No;Sì;No;No;Sì;yes;Rome
Lavoro;Numero di volte;2;6;Auto;Moto/scooter; ; ; ;no;yes;Private;0;0;0;0;0;0;0;0;3;3;3;3;3;3;3;3;5;5;5;5;1;1;1;5;5;5;5;5;5;5;5;5;5;5;5;5;3;5;5;5;3;3;3;0;0;0;Roma;Roma;yes;5;5;5;0;0;0;0;0;0;0;0;0;0;0;0;0;0; ; ; ; ; ; ; ; ; ; ; ; ; ; ; ; ; ;3;1;3;1;1;0;3;1;2;0;Uomo;Male;1989;35; ;Sì;yes; ;Roma;Laurea magistrale o successivo;18;2;0;Caratterizzata da piccole salite;Easy climbs;Sì;Sì;No;No;No;Sì;Sì;Sì;Sì;yes;Rome
Lavoro;Numero di volte;2;5;Metro; ; ; ; ;yes;yes;Public;0;0;0;0;0;0;0;0;5;5;5;5;2;2;2;2;1;1;1;1;5;5;5;5;5;5;5;5;5;5;5;5;3;3;4;4;5;3;4;4;4;5;5;5;5;5;Colleferro;Colleferro;yes;5;5;5;100;100;100;5;5;5;5;5;5;5;5;5;5;5; ; ; ; ; ; ; ; ; ; ; ; ; ; ; ; ; ;4;1;4;1;4;1;4;1;4;1;Donna;Female;1997;27; ;Sì;yes; ;Colleferro;Media superiore;13;5;5;Caratterizzata da forti pendenze;Steep slopes;No;No;Sì;No;No;Sì;No;Sì;Sì;yes;Not Rome
Lavoro;Numero di volte;2;5;Auto;Treno; ; ; ;yes;yes;Public;2;5;5;4;0;0;0;0;1;4;4;2;0;2;2;5;3;3;3;4;3;3;3;3;3;3;4;4;4;4;4;4;5;5;5;5;5;5;5;5;5;5;5;3;4;3;Roma;Roma;yes;5;0;0;100;0;0;4;0;0;4;0;0;4;0;0;0;0; ; ; ; ; ; ; ; ; ; ; ; ; ; ; ; ; ;2;0;3;1;1;0;2;0;3;1;Uomo;Male;1989;35; ;Sì;yes; ;Roma;Laurea magistrale o successivo;18;3;3;Prevalentemente pianeggiante;Flat;Sì;No;Sì;Sì;Sì;Sì;Sì;Sì;Sì;yes;Rome
Lavoro;Numero di volte;2;4;Auto; ; ; ; ;no;no;Private;2;2;2;2;2;2;2;2;5;5;5;5;3;3;3;3;5;5;5;5;0;0;0;0;0;0;5;5;5;5;5;5;5;5;5;5;5;5;5;5;5;5;5;5;5;5;Frascati;Frascati;yes;0;0;0;0;0;0;0;0;0;0;0;0;0;0;0;0;0; ; ; ; ; ; ; ; ; ; ; ; ; ; ; ; ; ;2;0;3;1;4;1;1;0;3;1;Donna;Female;1990;34; ;Sì;yes; ;Frascati;Media superiore;13;5;5;Caratterizzata da piccole salite;Easy climbs;Sì;No;Sì;Sì;No;Sì;Sì;Sì;Sì;yes;Not Rome
Lavoro;Numero di volte;2;5;Vado a piedi; ; ; ; ;yes;yes;VRU;3;2;2;2;0;0;0;0;2;2;2;2;0;3;3;3;5;4;3;3;3;3;3;5;5;4;3;3;3;5;5;5;5;5;4;3;4;5;5;5;5;5;5;5;4;4;Roma;Roma;yes;5;3;3;100;0;0;5;4;3;5;5;5;5;5;5;5;5; ; ; ; ; ; ; ; ; ; ; ; ; ; ; ; ; ;3;1;3;1;3;1;1;0;1;0;Donna;Female;1991;33; ;Sì;yes; ;Roma;Licenza elementare/media inferiore;8;3;5;Prevalentemente pianeggiante;Flat;Sì;Sì;No;No;No;Sì;Sì;No;Sì;yes;Rome
Lavoro;Numero di volte;2;5;Auto;Vado a piedi; ; ; ;yes;yes;VRU;1;1;1;1;1;1;1;1;5;5;5;5;1;1;1;1;5;5;5;5;2;2;2;5;5;5;5;5;5;5;5;5;5;5;5;5;5;5;5;5;5;5;5;5;5;5;Roma;Roma;yes;1;1;1;10;10;10;1;1;1;1;1;1;1;1;1;1;1; ; ; ; ; ; ; ; ; ; ; ; ; ; ; ; ; ;1;0;3;1;2;0;2;0;3;1;Donna;Female;1989;35; ;Sì;yes; ;Caserta;Laurea magistrale o successivo;18;2;0;Prevalentemente pianeggiante;Flat;Sì;No;No;No;No;Sì;Sì;Sì;Sì;yes;Rome
Lavoro;Numero di volte;2;5;Moto/scooter; ; ; ; ;no;yes;Private;3;0;0;2;0;0;0;0;0;3;3;3;0;0;0;2;0;0;0;3;2;3;5;5;5;3;5;5;5;5;5;5;3;5;5;2;2;5;5;5;5;4;4;4;4;4;Roma;Roma;yes;0;3;5;0;2;5;0;5;5;0;5;5;0;4;4;4;4; ; ; ; ; ; ; ; ; ; ; ; ; ; ; ; ; ;4;1;3;1;4;1;3;1;3;1;Uomo;Male;1991;33; ;Sì;yes; ;Roma;Laurea (triennale) di primo livello;16;3;5;Prevalentemente pianeggiante;Flat;Sì;Sì;Sì;Sì;No;Sì;Sì;Sì;Sì;yes;Rome
Lavoro;Numero di volte;2;6;Moto/scooter; ; ; ; ;no;yes;Private;3;3;3;3;3;3;3;3;4;4;4;4;3;3;3;3;4;4;4;4;2;2;2;2;2;2;4;4;4;4;4;4;5;5;5;5;4;5;5;5;5;4;4;5;5;5;Roma;Roma;yes;1;1;1;5;5;5;0;0;0;0;0;0;0;0;0;0;0; ; ; ; ; ; ; ; ; ; ; ; ; ; ; ; ; ;3;1;3;1;3;1;3;1;2;0;Uomo;Male;1994;30; ;Sì;yes; ;Roma;Laurea (triennale) di primo livello;16;2;1;Prevalentemente pianeggiante;Flat;Sì;Sì;Sì;No;No;Sì;Sì;Sì;Sì;yes;Rome
Lavoro;Numero di volte;2;6;Auto; ; ; ; ;no;no;Private;2;4;5;5;0;0;0;0;3;3;4;0;0;0;0;2;3;2;0;0;0;3;5;5;5;5;5;5;5;5;5;5;4;5;3;4;3;4;4;4;4;3;3;5;5;5;Roma;Roma;yes;3;3;3;0;0;0;3;3;3;2;2;2;2;1;1;1;1; ; ; ; ; ; ; ; ; ; ; ; ; ; ; ; ; ;1;0;2;0;1;0;1;0;1;0;Uomo;Male;1989;35; ;Sì;yes; ;Roma;Laurea (triennale) di primo livello;16;4;4;Caratterizzata da piccole salite;Easy climbs;Sì;No;Sì;No;No;Sì;No;No;Sì;yes;Rome
Lavoro;Numero di volte;2;5;Auto; ; ; ; ;no;no;Private;4;4;4;4;0;0;0;0;3;3;3;2;0;0;0;4;4;4;4;2;1;1;1;4;4;4;5;5;5;5;5;5;4;4;5;3;3;4;5;4;5;4;4;1;3;0;Roma;Roma;yes;0;0;0;0;0;0;0;0;0;0;0;0;0;0;0;0;0; ; ; ; ; ; ; ; ; ; ; ; ; ; ; ; ; ;3;1;3;1;2;0;2;0;2;0;Donna;Female;1990;34; ;Sì;yes; ;Napoli;Laurea magistrale o successivo;18;4;3;Prevalentemente pianeggiante;Flat;Sì;No;No;No;No;Sì;No;Sì;Sì;yes;Rome
Lavoro;Numero di volte;2;4;Auto; ; ; ; ;no;no;Private;5;5;5;1;5;5;5;1;5;5;5;5;2;2;2;2;5;5;5;1;1;1;1;1;1;1;5;5;5;5;5;5;5;5;5;5;5;5;5;5;3;5;5;5;0;0;Roma;Roma;yes;0;0;0;0;0;0;0;0;0;0;0;0;0;0;0;0;0; ; ; ; ; ; ; ; ; ; ; ; ; ; ; ; ; ;1;0;3;1;1;0;1;0;4;1;Donna;Female;1995;29; ;Sì;yes; ;Svizzera;Media superiore;13;5;5;Caratterizzata da piccole salite;Easy climbs;Sì;No;No;No;No;Sì;Sì;Sì;Sì;yes;Rome
Lavoro;Numero di volte;2;3;Auto; ; ; ; ;no;no;Private;2;4;4;3;0;0;0;0;1;3;3;1;0;2;2;3;4;2;2;1;3;3;3;3;3;3;3;3;3;3;3;3;4;3;3;4;2;4;5;4;3;2;2;1;0;0;Roma;Roma;yes;0;0;0;0;0;0;0;0;0;0;0;0;0;0;0;0;0; ; ; ; ; ; ; ; ; ; ; ; ; ; ; ; ; ;3;1;3;1;2;0;2;0;2;0;Uomo;Male;1989;35; ;Sì;yes; ;Roma;Laurea magistrale o successivo;18;3;1;Caratterizzata da piccole salite;Easy climbs;Sì;No;No;No;No;Sì;No;No;Sì;yes;Rome
Lavoro;Numero di volte;2;6;Auto; ; ; ; ;no;no;Private;3;3;3;3;0;0;0;0;3;5;5;4;0;0;0;3;4;2;2;0;1;1;1;3;3;3;4;4;4;5;5;5;5;5;5;5;3;5;5;5;5;5;5;3;3;3;Roma;Roma;yes;0;0;0;0;0;0;0;0;0;0;0;1;1;0;0;0;0; ; ; ; ; ; ; ; ; ; ; ; ; ; ; ; ; ;1;0;3;1;1;0;4;1;1;0;Uomo;Male;1996;28; ;Sì;yes; ;Roma;Laurea (triennale) di primo livello;16;4;0;Prevalentemente pianeggiante;Flat;Sì;Sì;Sì;Sì;Sì;Sì;Sì;Sì;Sì;yes;Rome
Lavoro;Numero di volte;2;5;Auto; ; ; ; ;no;no;Private;5;5;5;5;5;5;5;5;5;5;5;5;0;0;0;4;5;5;5;5;0;0;0;5;5;5;0;0;0;5;5;5;5;5;5;5;5;5;5;5;5;5;5;0;0;0;Roma;Roma;yes;2;2;2;0;0;0;0;0;0;0;0;0;0;0;0;0;0; ; ; ; ; ; ; ; ; ; ; ; ; ; ; ; ; ;2;0;2;0;1;0;1;0;3;1;Donna;Female;1996;28; ;Sì;yes; ;Roma;Media superiore;13;4;0;Caratterizzata da forti pendenze;Steep slopes;Sì;Sì;Sì;No;No;Sì;No;No;Sì;yes;Rome
Lavoro;Numero di volte;2;6;Auto;Metro; ; ; ;yes;yes;Public;0;0;0;0;0;0;0;0;3;3;3;1;2;2;2;4;2;2;2;2;2;2;2;3;3;3;5;5;5;5;5;5;5;5;5;5;2;5;5;5;5;2;0;3;3;3;Roma;Roma;yes;4;0;0;70;0;0;5;0;0;5;0;0;5;0;0;0;0; ; ; ; ; ; ; ; ; ; ; ; ; ; ; ; ; ;3;1;3;1;4;1;1;0;4;1;Uomo;Male;1993;31; ;Sì;yes; ;Messina;Media superiore;13;3;4;Prevalentemente pianeggiante;Flat;Sì;No;No;No;No;Sì;No;No;Sì;yes;Rome
Lavoro;Numero di volte;2;6;Auto; ; ; ; ;no;no;Private;0;0;0;5;0;0;0;0;5;5;5;2;0;0;2;4;3;3;3;0;2;2;2;0;0;3;3;3;3;5;4;3;4;4;3;4;4;5;5;5;5;0;5;0;2;2;Roma;Roma;yes;2;3;3;0;0;0;0;2;4;0;5;5;0;5;5;5;5; ; ; ; ; ; ; ; ; ; ; ; ; ; ; ; ; ;4;1;3;1;4;1;3;1;1;0;Donna;Female;1998;26; ;Sì;yes; ;Andria;Laurea (triennale) di primo livello;16;2;4;Prevalentemente pianeggiante;Flat;Sì;No;No;No;Sì;Sì;Sì;Sì;Sì;yes;Rome
Lavoro;Numero di volte;2;7;Altro (specificare); ; ; ;taxi;no;no;Private;3;3;3;3;0;0;0;0;1;1;1;1;0;0;0;0;0;0;0;0;1;1;1;0;0;0;4;4;4;4;4;4;5;5;5;5;5;3;3;3;3;3;3;3;3;3;Roma;Roma;yes;5;5;5;90;90;90;0;0;0;0;0;0;0;2;2;3;3; ; ; ; ; ; ; ; ; ; ; ; ; ; ; ; ; ;2;0;3;1;1;0;3;1;3;1;Uomo;Male;1989;35; ;Sì;yes; ;Roma;Laurea (triennale) di primo livello;16;5;3;Prevalentemente pianeggiante;Flat;No;No;No;No;No;Sì;No;No;Sì;yes;Rome
Lavoro;Numero di volte;2;6;Auto; ; ; ; ;no;no;Private;0;0;0;5;0;0;0;0;5;5;5;0;0;0;2;3;2;2;2;0;0;0;0;0;0;2;4;3;3;5;5;3;5;5;5;5;5;5;5;5;5;5;5;5;5;5;Colleferro;Valmontone;no;0;0;0;0;0;0;4;4;4;2;2;0;0;2;2;0;0; ; ; ; ; ; ; ; ; ; ; ; ; ; ; ; ; ;2;0;4;1;1;0;3;1;4;1;Uomo;Male;1990;34; ;Sì;yes; ;Valmontone;Licenza elementare/media inferiore;8;4;5;Caratterizzata da piccole salite;Easy climbs;Sì;No;No;No;No;Sì;Sì;Sì;Sì;no;Not Rome
Lavoro;Numero di volte;2;5;Auto; ; ; ; ;no;no;Private;5;0;0;2;0;0;0;0;3;3;3;3;3;2;5;5;3;5;5;5;0;0;0;1;0;0;5;5;4;5;5;4;5;4;4;4;3;5;4;4;4;4;2;0;0;0;Perugia;Roma;no;0;0;0;0;0;0;0;4;4;0;0;0;0;0;0;0;0; ; ; ; ; ; ; ; ; ; ; ; ; ; ; ; ; ;3;1;4;1;3;1;4;1;3;1;Uomo;Male;1989;35; ;Sì;yes; ;Roma;Laurea magistrale o successivo;18;3;2;Caratterizzata da forti pendenze;Steep slopes;Sì;No;Sì;No;No;Sì;Sì;Sì;Sì;no;Rome
Non lavoro e non studio; N/A;1; ; ; ; ; ; ;no;no;N/A;0;0;0;3;0;0;0;0;0;0;0;0;0;0;0;4;0;0;0;4;3;3;3;5;5;5;5;5;5;5;5;5;5;5;5;5;0;5;5;5;5;5;0;5;4;4; ; ;yes;5;4;4;90;10;10;5;5;5;5;5;5;5;5;5;5;5;5;4;4;90;10;10;5;5;5;5;5;5;5;5;5;5;5;2;0;4;1;4;1;4;1;4;1;Donna;Female;1989;35;Roma;Sì;yes; ;Pomezia;Laurea (triennale) di primo livello;16;2;0;Prevalentemente pianeggiante;Flat;Sì;No;Sì;No;No;Sì;No;No;Sì;;
Non lavoro e non studio; N/A;1; ; ; ; ; ; ;no;no;N/A;4;3;0;5;0;0;0;0;0;3;5;0;0;0;3;2;0;2;0;0;0;2;2;5;5;4;5;5;4;5;5;4;5;5;5;5;5;5;5;5;5;5;5;5;5;5; ; ;yes;4;4;2;50;50;0;5;5;5;5;5;3;2;3;3;2;2;4;4;2;50;50;0;5;5;5;5;5;3;2;3;3;2;2;3;1;3;1;3;1;3;1;3;1;Donna;Female;1991;33;Roma;Sì;yes; ;Torre del Greco;Media superiore;13;3;4;Caratterizzata da piccole salite;Easy climbs;Sì;No;Sì;No;No;Sì;No;No;Sì;;
Lavoro;Numero di volte;2;5;Auto; ; ; ; ;no;no;Private;5;5;5;1;0;0;0;0;2;2;2;2;0;1;1;3;4;4;4;0;0;0;0;0;0;0;4;4;4;5;5;2;1;1;1;1;1;4;5;4;4;3;2;0;0;0;Roma;Albano Laziale;no;0;0;0;0;0;0;0;0;0;0;0;0;0;0;0;0;0; ; ; ; ; ; ; ; ; ; ; ; ; ; ; ; ; ;3;1;4;1;3;1;2;0;2;0;Uomo;Male;1989;35; ;Sì;yes; ;Roma;Media superiore;13;3;4;Prevalentemente pianeggiante;Flat;Sì;No;Sì;No;No;Sì;Sì;Sì;Sì;no;Not Rome
Sono uno studente e lavoro;Numero di volte;2;3;Auto; ; ; ; ;no;no;Private;0;2;2;3;0;0;0;0;2;2;2;2;2;2;2;5;5;4;4;4;4;4;4;5;5;5;5;5;5;5;5;5;5;5;4;4;4;5;5;5;5;5;5;4;4;4;Roma;Roma;yes;0;0;0;0;0;0;2;2;2;3;3;3;3;3;3;4;4; ; ; ; ; ; ; ; ; ; ; ; ; ; ; ; ; ;4;1;4;1;1;0;3;1;3;1;Donna;Female;1998;26; ;Sì;yes; ;Roma;Laurea magistrale o successivo;18;3;2;Caratterizzata da piccole salite;Easy climbs;Sì;No;Sì;No;No;Sì;Sì;No;Sì;yes;Rome
Non lavoro e non studio; N/A;1; ; ; ; ; ; ;no;no;N/A;5;5;5;0;0;0;0;0;2;5;5;0;0;0;0;5;0;0;0;5;0;3;3;5;5;5;5;5;5;5;5;5;5;5;5;5;5;5;5;5;5;5;5;0;0;0; ; ;yes;0;0;0;0;0;0;0;0;0;0;0;0;0;0;0;0;0;0;0;0;0;0;0;0;0;0;0;0;0;0;0;0;0;0;1;0;4;1;1;0;1;0;1;0;Donna;Female;1996;28;Nettuno;Sì;yes; ;Napoli;Licenza elementare/media inferiore;8;5;0;Prevalentemente pianeggiante;Flat;No;No;Sì;Sì;Sì;Sì;Sì;No;Sì;;
Lavoro e studio;Numero di volte;2;6;Auto; ; ; ; ;no;no;Private;5;5;5;5;5;5;5;5;2;2;2;2;4;4;4;4;2;2;2;2;3;3;3;3;3;3;3;3;3;3;3;3;3;3;5;5;2;3;5;5;2;2;2;4;4;4;Roma;Genzano di Roma;no;0;0;0;0;0;0;0;0;0;0;0;0;0;0;0;0;0; ; ; ; ; ; ; ; ; ; ; ; ; ; ; ; ; ;4;1;4;1;1;0;1;0;1;0;Uomo;Male;1993;31; ;Sì;yes; ;Roma;Media superiore;13;4;0;Caratterizzata da piccole salite;Easy climbs;Sì;Sì;No;No;No;Sì;Sì;Sì;Sì;no;Not Rome
Lavoro;Numero di volte;2;5;Auto; ; ; ; ;no;no;Private;2;2;2;4;1;1;1;1;0;3;3;3;1;3;3;4;3;3;3;4;3;3;3;5;5;5;5;5;5;5;5;5;4;4;4;4;2;4;4;4;3;2;2;3;3;3;Roma;Roma;yes;3;3;3;20;10;10;4;4;4;2;2;2;4;3;3;3;3; ; ; ; ; ; ; ; ; ; ; ; ; ; ; ; ; ;3;1;3;1;4;1;3;1;3;1;Uomo;Male;1989;35; ;Sì;yes; ;Monte Comprati;Laurea (triennale) di primo livello;16;4;3;Prevalentemente pianeggiante;Flat;Sì;No;Sì;Sì;Sì;Sì;Sì;Sì;Sì;yes;Rome
Lavoro;Numero di volte;2;5;Auto; ; ; ; ;no;no;Private;0;5;5;0;0;0;0;0;0;2;2;1;0;0;0;0;0;0;0;0;0;0;0;5;5;5;4;4;4;5;5;5;4;5;4;3;3;4;5;4;5;4;4;4;4;4;Roma;Roma;yes;5;5;5;0;0;0;5;5;5;5;5;5;5;5;5;5;5; ; ; ; ; ; ; ; ; ; ; ; ; ; ; ; ; ;2;0;4;1;1;0;3;1;1;0;Donna;Female;1993;31; ;Sì;yes; ;Roma;Laurea (triennale) di primo livello;16;5;5;Caratterizzata da piccole salite;Easy climbs;Sì;Sì;Sì;Sì;Sì;Sì;Sì;Sì;Sì;yes;Rome
Non lavoro e non studio; N/A;1; ; ; ; ; ; ;no;no;N/A;1;1;5;3;1;1;1;1;5;5;5;3;1;1;1;5;5;5;5;2;2;2;2;5;5;5;4;4;4;5;5;5;5;5;5;5;5;5;5;5;5;5;5;1;1;1; ; ;yes;1;1;1;0;0;0;1;1;1;1;1;1;1;1;1;1;1;1;1;1;0;0;0;1;1;1;1;1;1;1;1;1;1;1;4;1;1;0;4;1;1;0;1;0;Donna;Female;1995;29;Roma;Sì;yes; ;Roma;Media superiore;13;3;1;Caratterizzata da piccole salite;Easy climbs;No;No;No;No;No;Sì;No;No;Sì;;
Lavoro;Numero di volte;2;5;Auto; ; ; ; ;no;no;Private;5;3;3;1;0;0;0;0;4;4;4;2;1;1;1;4;5;5;5;2;0;1;1;5;4;4;5;5;3;5;5;3;5;5;4;4;5;5;4;4;4;5;3;0;1;1;Pomezia;Frascati;no;0;0;0;0;0;0;0;0;0;0;0;0;0;0;0;0;0; ; ; ; ; ; ; ; ; ; ; ; ; ; ; ; ; ;2;0;4;1;3;1;1;0;1;0;Uomo;Male;1991;33; ;Sì;yes; ;Roma;Laurea magistrale o successivo;18;4;2;Caratterizzata da piccole salite;Easy climbs;Sì;No;No;No;No;Sì;Sì;No;Sì;no;Not Rome
Lavoro;Numero di volte;2;5;Moto/scooter; ; ; ; ;no;yes;Private;0;0;0;0;0;0;0;0;3;3;3;3;2;2;2;2;4;4;4;4;1;1;1;1;1;1;5;5;5;5;5;5;3;3;3;3;3;3;3;3;3;3;3;1;1;1;Roma;Roma;yes;1;1;1;0;0;0;0;0;0;0;0;0;0;0;0;0;0; ; ; ; ; ; ; ; ; ; ; ; ; ; ; ; ; ;4;1;4;1;3;1;3;1;2;0;Uomo;Male;1995;29; ;Sì;yes; ;Roma;Laurea magistrale o successivo;18;3;3;Prevalentemente pianeggiante;Flat;Sì;Sì;No;No;No;Sì;Sì;Sì;Sì;yes;Rome
Lavoro;Numero di volte;2;5;Auto; ; ; ; ;no;no;Private;5;3;1;4;1;1;1;1;4;4;5;3;1;1;1;4;4;4;4;2;2;2;2;5;5;5;5;5;3;5;5;3;5;5;5;5;4;5;5;5;5;4;3;1;1;1;Roma;Roma;yes;1;1;1;0;0;0;1;1;1;1;1;1;1;1;1;1;1; ; ; ; ; ; ; ; ; ; ; ; ; ; ; ; ; ;4;1;4;1;2;0;3;1;2;0;Donna;Female;1994;30; ;Sì;yes; ;Cagliari;Laurea magistrale o successivo;18;4;0;Prevalentemente pianeggiante;Flat;Sì;No;Sì;No;No;Sì;No;No;Sì;yes;Rome
Sono uno studente;Numero di volte;2;3;Auto; ; ; ; ;no;no;Private;1;1;1;1;1;1;1;1;2;2;2;2;1;4;4;4;2;2;2;2;1;1;1;1;1;1;5;5;5;5;5;5;5;5;5;5;5;5;5;5;4;5;5;3;3;3;Roma;Guidonia;no;0;0;0;0;0;0;0;0;0;0;0;0;0;0;0;0;0; ; ; ; ; ; ; ; ; ; ; ; ; ; ; ; ; ;3;1;4;1;3;1;3;1;2;0;Donna;Female;2002;22; ;Sì;yes; ;Tivoli;Media superiore;13;4;4;Prevalentemente pianeggiante;Flat;Sì;No;Sì;No;No;Sì;Sì;Sì;Sì;no;Not Rome
Lavoro e studio;Numero di volte;2;5;Bus/Tram;Metro;Treno; ; ;yes;yes;Public;1;1;2;3;1;0;0;0;3;4;4;4;0;1;2;4;4;2;2;0;1;3;3;0;4;3;4;4;4;3;4;3;4;4;3;3;4;5;5;5;5;3;4;3;2;1;Roma;Roma;yes;5;0;0;100;0;0;4;4;3;3;4;3;5;4;3;5;4; ; ; ; ; ; ; ; ; ; ; ; ; ; ; ; ; ;4;1;4;1;4;1;3;1;3;1;Donna;Female;1997;27; ;Sì;yes; ;Eboli;Laurea (triennale) di primo livello;16;4;3;Caratterizzata da piccole salite;Easy climbs;No;No;Sì;No;No;Sì;No;No;Sì;yes;Rome
Lavoro;Numero di volte;2;5;Auto; ; ; ; ;no;no;Private;5;5;5;5;0;0;0;0;5;5;5;0;0;0;0;5;1;1;1;4;4;4;4;5;5;5;5;5;5;5;5;5;4;4;5;5;1;5;5;4;4;1;0;4;4;4;Roma;Roma;yes;5;3;3;2;0;0;5;5;5;5;5;5;5;5;5;5;5; ; ; ; ; ; ; ; ; ; ; ; ; ; ; ; ; ;3;1;4;1;2;0;3;1;4;1;Uomo;Male;1989;35; ;Sì;yes; ;Roma;Media superiore;13;4;5;Prevalentemente pianeggiante;Flat;Sì;No;No;No;No;Sì;No;Sì;Sì;yes;Rome
Lavoro;Numero di volte;2;5;Auto;Vado a piedi; ; ; ;yes;yes;VRU;0;0;0;0;0;0;0;0;0;1;1;1;1;1;1;3;1;1;0;0;5;5;3;5;3;0;5;5;2;5;5;2;0;2;0;1;0;0;1;0;0;0;0;5;4;4;Roma;Roma;yes;5;1;1;100;30;2;5;4;2;5;5;2;5;1;1;5;3; ; ; ; ; ; ; ; ; ; ; ; ; ; ; ; ; ;4;1;4;1;4;1;3;1;3;1;Uomo;Male;1993;31; ;Sì;yes; ;Palermo;Laurea magistrale o successivo;18;4;4;Prevalentemente pianeggiante;Flat;Sì;Sì;Sì;Sì;No;Sì;Sì;Sì;Sì;yes;Rome
Lavoro;Numero di volte;2;3;Auto; ; ; ; ;no;no;Private;1;1;1;3;1;1;1;1;3;4;4;1;0;1;1;5;2;2;2;2;2;2;2;5;4;4;5;5;5;5;5;5;5;5;5;5;5;5;5;5;5;5;5;4;4;4;Roma;Roma;yes;0;0;0;0;0;0;2;2;2;3;3;3;3;3;3;3;3; ; ; ; ; ; ; ; ; ; ; ; ; ; ; ; ; ;4;1;3;1;3;1;3;1;3;1;Uomo;Male;1998;26; ;Sì;yes; ;Frosinone;Laurea magistrale o successivo;18;3;4;Caratterizzata da piccole salite;Easy climbs;Sì;Sì;Sì;Sì;Sì;Sì;Sì;Sì;Sì;yes;Rome
Lavoro;Numero di volte;2;5;Bus/Tram;Vado a piedi; ; ; ;yes;yes;VRU;2;2;2;2;2;2;2;2;3;3;3;3;1;2;2;2;4;4;4;4;2;2;2;2;2;2;4;4;4;4;4;4;5;5;4;4;3;5;4;4;5;3;3;3;3;3;Roma;Roma;yes;5;5;5;100;100;100;5;5;5;5;5;5;5;5;5;5;5; ; ; ; ; ; ; ; ; ; ; ; ; ; ; ; ; ;4;1;4;1;4;1;3;1;2;0;Uomo;Male;1999;25; ;Sì;yes; ;Roma;Media superiore;13;2;2;Prevalentemente pianeggiante;Flat;No;No;Sì;No;No;Sì;No;No;Sì;yes;Rome
Sono uno studente;Numero di volte;2;5;Bus/Tram;Metro; ; ; ;yes;yes;Public;2;3;5;5;1;1;1;1;5;5;5;5;1;1;1;5;1;1;1;5;5;5;5;5;5;5;5;5;5;5;5;5;5;5;5;5;5;5;5;5;5;5;5;5;5;5;Roma;Velletri;no;5;5;5;60;10;0;5;5;5;5;5;5;5;5;5;5;5; ; ; ; ; ; ; ; ; ; ; ; ; ; ; ; ; ;2;0;4;1;2;0;2;0;3;1;Uomo;Male;1993;31; ;Sì;yes; ;Roma;Laurea magistrale o successivo;18;5;4;Caratterizzata da piccole salite;Easy climbs;Sì;No;Sì;No;No;Sì;Sì;No;Sì;no;Not Rome
Lavoro;Numero di volte;2;5;Metro;Treno; ; ; ;yes;yes;Public;2;2;2;2;1;1;1;1;4;4;4;4;1;1;1;1;3;3;3;3;3;3;3;5;5;5;5;5;5;5;5;5;5;5;5;5;5;4;4;4;4;4;4;5;5;5;Roma;Roma;yes;4;4;4;90;90;90;5;5;5;5;5;5;5;0;0;0;0; ; ; ; ; ; ; ; ; ; ; ; ; ; ; ; ; ;4;1;4;1;4;1;2;0;3;1;Donna;Female;1994;30; ;Sì;yes; ;Trani;Laurea magistrale o successivo;18;3;1;Caratterizzata da piccole salite;Easy climbs;No;No;No;No;No;Sì;No;Sì;Sì;yes;Rome
Sono uno studente e lavoro;Numero di volte;2;5;Auto; ; ; ; ;no;no;Private;0;0;0;0;0;0;0;0;5;5;5;0;0;5;5;5;5;5;0;0;0;0;5;5;5;4;5;5;5;5;5;5;5;5;5;5;5;5;5;5;5;5;5;0;0;0;Roma;Roma;yes;0;0;0;0;0;0;0;3;3;0;0;0;0;0;0;0;0; ; ; ; ; ; ; ; ; ; ; ; ; ; ; ; ; ;2;0;3;1;1;0;4;1;1;0;Uomo;Male;1991;33; ;Sì;yes; ;Ariccia;Laurea magistrale o successivo;18;5;0;Caratterizzata da forti pendenze;Steep slopes;Sì;No;Sì;Sì;No;Sì;Sì;Sì;Sì;yes;Rome
Lavoro;Numero di volte;2;6;Auto; ; ; ; ;no;no;Private;0;0;0;0;0;0;0;0;2;2;2;2;0;0;2;4;0;1;2;3;0;2;2;0;0;1;4;4;4;5;5;5;4;3;2;2;4;4;2;2;4;4;5;1;1;0;Roma;Roma;yes;1;0;0;10;0;0;1;0;0;1;0;0;1;1;0;1;0; ; ; ; ; ; ; ; ; ; ; ; ; ; ; ; ; ;4;1;2;0;4;1;2;0;3;1;Donna;Female;1998;26; ;Sì;yes; ;Roma;Laurea (triennale) di primo livello;16;4;4;Prevalentemente pianeggiante;Flat;Sì;No;Sì;No;No;Sì;Sì;No;Sì;yes;Rome
Lavoro;Numero di volte;2;5;Bus/Tram;Metro; ; ; ;yes;yes;Public;3;3;3;3;3;3;3;3;2;2;2;2;1;1;1;1;4;4;4;4;5;5;5;5;5;5;3;3;3;3;3;3;1;1;5;5;3;1;5;5;1;3;3;3;3;3;Pomezia;Pomezia;yes;1;1;1;100;100;100;5;5;5;5;5;5;5;5;5;5;5; ; ; ; ; ; ; ; ; ; ; ; ; ; ; ; ; ;4;1;1;0;4;1;1;0;1;0;Uomo;Male;2003;21; ;Sì;yes; ;Roma;Licenza elementare/media inferiore;8;4;4;Prevalentemente pianeggiante;Flat;No;No;No;No;No;Sì;Sì;Sì;No;yes;Not Rome
Lavoro e studio;Numero di volte;2;6;Auto; ; ; ; ;no;no;Private;0;0;0;3;0;2;2;0;3;5;5;3;0;0;0;5;4;4;4;0;0;0;0;5;5;5;5;5;5;5;5;5;5;4;5;5;3;5;5;5;5;3;3;0;0;0;Zagarolo;Roma;no;0;0;0;0;0;0;0;0;0;0;0;0;0;0;0;0;0; ; ; ; ; ; ; ; ; ; ; ; ; ; ; ; ; ;4;1;4;1;3;1;4;1;1;0;Donna;Female;1997;27; ;Sì;yes; ;Roma;Laurea (triennale) di primo livello;16;3;3;Prevalentemente pianeggiante;Flat;Sì;Sì;Sì;Sì;Sì;Sì;No;No;Sì;no;Rome
Lavoro;Numero di volte;2;5;Moto/scooter; ; ; ; ;no;yes;Private;3;4;4;4;0;0;0;2;3;3;3;4;0;0;0;4;1;1;1;4;3;4;4;5;5;5;5;5;5;5;5;5;4;5;5;5;4;4;4;4;4;3;3;5;5;5;Roma;Roma;yes;2;2;2;0;0;0;0;0;0;2;2;2;2;2;2;2;2; ; ; ; ; ; ; ; ; ; ; ; ; ; ; ; ; ;4;1;2;0;4;1;3;1;2;0;Uomo;Male;1992;32; ;Sì;yes; ;Roma;Laurea (triennale) di primo livello;16;3;2;Prevalentemente pianeggiante;Flat;Sì;Sì;Sì;No;No;Sì;No;No;Sì;yes;Rome
Lavoro;Numero di volte;2;5;Auto;Vado a piedi; ; ; ;yes;yes;VRU;2;2;2;0;0;0;0;0;0;0;0;0;0;0;0;4;0;0;0;0;0;0;0;5;5;5;5;5;5;5;5;5;5;3;4;5;4;5;3;4;5;5;0;3;2;2;San Cesareo;San Cesareo;yes;0;0;0;0;0;0;0;0;0;0;0;0;0;0;0;0;0; ; ; ; ; ; ; ; ; ; ; ; ; ; ; ; ; ;1;0;3;1;1;0;1;0;2;0;Donna;Female;1996;28; ;Sì;yes; ;Palestrina;Media superiore;13;4;3;Caratterizzata da piccole salite;Easy climbs;Sì;No;No;No;No;Sì;No;No;Sì;yes;Not Rome
Lavoro;Numero di volte;2;5;Auto; ; ; ; ;no;no;Private;1;1;1;1;0;0;0;0;1;1;1;1;0;0;0;4;3;3;3;3;2;2;2;5;5;5;5;5;5;5;5;5;5;5;5;4;3;5;5;5;4;3;3;2;2;2;Roma;Roma;yes;0;0;0;0;0;0;1;3;3;0;0;0;0;1;1;1;1; ; ; ; ; ; ; ; ; ; ; ; ; ; ; ; ; ;3;1;1;0;1;0;4;1;3;1;Donna;Female;1994;30; ;Sì;yes; ;Genzano;Media superiore;13;1;1;Prevalentemente pianeggiante;Flat;Sì;No;Sì;Sì;Sì;Sì;Sì;Sì;Sì;yes;Rome
Lavoro;Numero di volte;2;7;Vado a piedi; ; ; ; ;yes;yes;VRU;0;0;0;0;0;0;0;0;5;5;5;5;0;0;0;0;0;0;0;0;5;5;5;5;5;5;5;5;5;5;5;5;5;5;5;5;5;5;5;5;5;5;5;5;5;5;Roma;Roma;yes;5;5;5;100;100;100;5;5;5;5;5;5;5;5;5;5;5; ; ; ; ; ; ; ; ; ; ; ; ; ; ; ; ; ;1;0;1;0;4;1;3;1;2;0;Uomo;Male;1989;35; ;Sì;yes; ;Roma;Licenza elementare/media inferiore;8;2;4;Prevalentemente pianeggiante;Flat;No;No;No;No;No;Sì;Sì;Sì;Sì;yes;Rome
Lavoro;Numero di volte;2;7;Auto; ; ; ; ;no;no;Private;0;0;0;0;0;0;0;0;2;2;2;2;0;0;0;2;3;2;2;3;2;2;2;4;4;4;5;5;5;5;5;5;5;5;5;5;5;5;5;5;5;5;5;3;3;3;Roma;Roma;yes;2;2;2;0;0;0;4;4;4;4;4;4;4;4;4;4;4; ; ; ; ; ; ; ; ; ; ; ; ; ; ; ; ; ;3;1;3;1;4;1;3;1;3;1;Uomo;Male;1990;34; ;Sì;yes; ;Roma;Laurea (triennale) di primo livello;16;3;3;Caratterizzata da piccole salite;Easy climbs;Sì;No;Sì;No;No;Sì;Sì;Sì;Sì;yes;Rome
Lavoro;Numero di volte;2;5;Auto; ; ; ; ;no;no;Private;2;4;4;1;0;0;0;0;1;3;3;1;0;1;1;4;4;4;4;0;0;0;0;5;5;5;5;5;2;5;5;2;4;3;5;4;2;4;5;4;3;2;2;1;1;1;Roma;Grottaferrata;no;5;1;1;0;0;0;0;0;0;0;0;0;0;0;0;0;0; ; ; ; ; ; ; ; ; ; ; ; ; ; ; ; ; ;4;1;3;1;3;1;1;0;1;0;Uomo;Male;1989;35; ;Sì;yes; ;Marino;Laurea magistrale o successivo;18;4;3;Prevalentemente pianeggiante;Flat;Sì;No;No;No;No;Sì;Sì;No;Sì;no;Not Rome
Lavoro;Numero di volte;2;5;Auto; ; ; ; ;no;no;Private;0;0;0;5;0;0;0;0;4;5;5;5;3;4;1;4;5;5;5;1;4;1;1;5;5;5;5;5;5;5;5;5;0;4;2;5;5;0;4;5;5;3;5;0;0;0;Roma;Roma;yes;5;5;5;0;0;0;4;3;4;0;4;4;4;0;0;0;0; ; ; ; ; ; ; ; ; ; ; ; ; ; ; ; ; ;3;1;3;1;1;0;2;0;2;0;Donna;Female;1996;28; ;Sì;yes; ;Galatina Lecce;Laurea (triennale) di primo livello;16;5;3;Prevalentemente pianeggiante;Flat;Sì;No;Sì;No;No;Sì;Sì;Sì;Sì;yes;Rome
Lavoro;Numero di volte;2;5;Auto; ; ; ; ;no;no;Private;0;2;2;0;0;0;0;0;0;1;3;3;0;0;0;3;3;2;2;3;1;1;1;3;3;3;4;4;4;4;4;4;3;3;5;4;3;3;5;4;5;3;3;1;0;0;Roma;Roma;yes;0;0;0;0;0;0;0;0;0;0;0;0;0;0;0;0;0; ; ; ; ; ; ; ; ; ; ; ; ; ; ; ; ; ;2;0;2;0;3;1;1;0;3;1;Uomo;Male;1989;35; ;Sì;yes; ;Roma;Laurea magistrale o successivo;18;3;3;Caratterizzata da piccole salite;Easy climbs;Sì;No;No;No;No;Sì;No;Sì;Sì;yes;Rome
Lavoro e studio;Numero di volte;2;5;Auto; ; ; ; ;no;no;Private;0;0;0;4;0;0;0;0;5;5;5;0;0;0;0;3;5;5;5;0;0;0;0;0;0;0;3;3;3;0;0;0;5;5;5;5;5;5;5;5;5;5;5;0;0;0;Roma;Mazzano Romano;no;0;0;0;0;0;0;0;0;0;0;0;0;0;0;0;0;0; ; ; ; ; ; ; ; ; ; ; ; ; ; ; ; ; ;2;0;2;0;4;1;2;0;3;1;Donna;Female;1993;31; ;Sì;yes; ;Roma;Laurea magistrale o successivo;18;5;3;Prevalentemente pianeggiante;Flat;Sì;No;No;No;No;Sì;Sì;No;Sì;no;Not Rome
Sono uno studente e lavoro;Numero di volte;2;3;Bus/Tram;Metro; ; ; ;yes;yes;Public;0;3;3;4;0;0;0;0;4;3;3;0;0;0;0;4;3;2;2;3;3;3;3;5;5;5;5;5;5;5;5;5;5;5;5;5;5;5;5;5;5;5;5;3;2;2;Roma;Roma;yes;2;2;2;0;0;0;4;5;5;5;5;5;5;5;5;5;5; ; ; ; ; ; ; ; ; ; ; ; ; ; ; ; ; ;3;1;4;1;3;1;3;1;4;1;Donna;Female;2003;21; ;Sì;yes; ;Roma;Laurea magistrale o successivo;18;4;5;Prevalentemente pianeggiante;Flat;Sì;No;Sì;No;Sì;Sì;Sì;No;Sì;yes;Rome
Lavoro;Numero di volte;2;5;Auto;Metro; ; ; ;yes;yes;Public;1;4;5;1;1;1;1;1;5;5;5;3;1;1;1;4;5;5;5;2;1;1;1;5;5;5;4;4;4;5;5;5;5;5;5;5;5;5;5;5;5;5;5;4;4;4;Roma;Roma;yes;3;3;3;100;0;0;1;1;1;1;1;1;1;1;1;1;1; ; ; ; ; ; ; ; ; ; ; ; ; ; ; ; ; ;1;0;3;1;1;0;1;0;3;1;Donna;Female;1992;32; ;Sì;yes; ;Frascati;Media superiore;13;3;3;Prevalentemente pianeggiante;Flat;Sì;No;No;No;No;Sì;No;No;Sì;yes;Rome
Lavoro;Numero di volte;2;5;Auto; ; ; ; ;no;no;Private;0;0;0;0;0;0;0;0;2;5;5;3;0;0;0;5;4;2;2;1;0;3;3;5;5;5;5;5;5;5;5;5;3;3;3;3;3;4;4;4;4;4;4;2;2;2;Roma;Castelli Romani;no;0;0;0;0;0;0;0;0;0;0;0;0;0;0;0;0;0; ; ; ; ; ; ; ; ; ; ; ; ; ; ; ; ; ;2;0;4;1;3;1;4;1;2;0;Uomo;Male;1998;26; ;Sì;yes; ;Marino;Media superiore;13;3;3;Caratterizzata da forti pendenze;Steep slopes;Sì;No;No;No;No;Sì;Sì;No;Sì;no;Not Rome
Lavoro;Numero di volte;2;7;Auto; ; ; ; ;no;no;Private;2;2;2;0;0;0;0;0;4;4;4;3;0;0;0;2;2;2;2;2;3;3;3;4;4;4;5;0;0;5;5;5;5;5;5;5;5;5;5;5;5;5;5;5;0;0;Roma;Roma;yes;5;0;0;5;0;0;5;3;3;5;3;3;4;3;3;3;3; ; ; ; ; ; ; ; ; ; ; ; ; ; ; ; ; ;2;0;3;1;2;0;4;1;1;0;Uomo;Male;1989;35; ;Sì;yes; ;Roma;Licenza elementare/media inferiore;8;4;4;Caratterizzata da piccole salite;Easy climbs;Sì;No;Sì;No;No;Sì;No;No;Sì;yes;Rome
Lavoro;Numero di volte;2;5;Auto;Moto/scooter; ; ; ;no;yes;Private;5;5;4;5;0;0;0;0;5;5;5;5;5;2;1;2;3;5;5;0;0;0;0;3;3;3;4;2;0;0;0;0;0;5;5;5;3;0;5;5;5;3;3;5;0;0;Roma;Roma;yes;4;4;4;5;5;5;1;1;1;1;1;1;1;0;0;0;0; ; ; ; ; ; ; ; ; ; ; ; ; ; ; ; ; ;1;0;4;1;1;0;1;0;3;1;Donna;Female;1989;35; ;Sì;yes; ;Roma;Laurea magistrale o successivo;18;5;4;Caratterizzata da piccole salite;Easy climbs;Sì;No;Sì;No;No;Sì;No;No;Sì;yes;Rome
Lavoro;Numero di volte;2;5;Auto; ; ; ; ;no;no;Private;5;5;5;0;0;0;0;0;2;2;2;0;0;0;2;4;5;5;5;0;0;0;2;0;0;2;2;2;0;5;0;0;1;1;1;3;4;3;4;4;3;3;4;2;2;1;Roma;Roma;yes;1;1;1;5;0;0;1;0;0;1;0;0;1;1;1;1;1; ; ; ; ; ; ; ; ; ; ; ; ; ; ; ; ; ;1;0;3;1;2;0;2;0;2;0;Donna;Female;1997;27; ;Sì;yes; ;Roma;Laurea (triennale) di primo livello;16;3;4;Caratterizzata da piccole salite;Easy climbs;Sì;No;Sì;No;No;Sì;Sì;No;Sì;yes;Rome
Lavoro;Numero di volte;2;5;Auto; ; ; ; ;no;no;Private;0;0;0;0;0;0;0;0;3;3;3;3;0;0;0;4;4;4;4;0;0;0;0;5;5;5;4;4;4;5;5;5;4;4;4;4;4;4;4;4;4;4;4;3;0;0;Roma;Roma;yes;0;0;0;0;0;0;0;0;0;0;0;0;0;0;0;0;0; ; ; ; ; ; ; ; ; ; ; ; ; ; ; ; ; ;1;0;4;1;1;0;1;0;1;0;Donna;Female;1991;33; ;Sì;yes; ;Tivoli;Laurea magistrale o successivo;18;4;3;Caratterizzata da piccole salite;Easy climbs;Sì;No;No;No;No;Sì;Sì;Sì;Sì;yes;Rome
Lavoro;Numero di volte;2;5;Bus/Tram; ; ; ; ;yes;yes;Public;5;5;5;2;0;0;0;0;0;4;4;2;0;0;2;3;4;3;4;0;0;0;0;3;3;3;4;4;4;5;5;4;5;4;2;4;3;5;5;5;5;2;3;4;3;3;Roma;Roma;yes;5;3;3;15;45;55;1;4;4;0;3;4;0;4;4;2;2; ; ; ; ; ; ; ; ; ; ; ; ; ; ; ; ; ;4;1;4;1;2;0;4;1;3;1;Uomo;Male;1993;31; ;Sì;yes; ;Polla ;Laurea magistrale o successivo;18;3;5;Caratterizzata da piccole salite;Easy climbs;Sì;No;Sì;No;No;Sì;No;Sì;Sì;yes;Rome
Lavoro;Numero di volte;2;5;Bus/Tram; ; ; ; ;yes;yes;Public;0;1;1;2;3;3;3;3;2;3;3;3;0;0;0;3;3;3;3;3;1;1;1;0;0;0;5;5;5;5;5;5;4;5;5;4;3;4;5;5;5;3;3;1;1;1;Roma;Roma;yes;3;0;0;100;0;0;3;3;3;3;3;3;3;3;3;3;3; ; ; ; ; ; ; ; ; ; ; ; ; ; ; ; ; ;4;1;3;1;4;1;3;1;3;1;Donna;Female;1989;35; ;Sì;yes; ;Reggio Calabria;Laurea (triennale) di primo livello;16;3;4;Caratterizzata da forti pendenze;Steep slopes;Sì;No;Sì;Sì;No;Sì;No;Sì;Sì;yes;Rome
Lavoro;Numero di volte;2;5;Bus/Tram;Metro;Treno; ; ;yes;yes;Public;3;5;0;3;0;0;0;0;2;2;2;0;0;0;2;0;2;2;1;0;0;0;1;0;0;2;3;3;3;5;5;4;5;5;5;5;5;5;5;5;5;5;5;2;5;5;Roma;Ladispoli;no;0;5;5;0;0;0;0;0;0;0;0;0;0;0;0;0;0; ; ; ; ; ; ; ; ; ; ; ; ; ; ; ; ; ;4;1;3;1;4;1;2;0;3;1;Uomo;Male;1993;31; ;No;no;Romania;Romania;Licenza elementare/media inferiore;8;3;4;Caratterizzata da piccole salite;Easy climbs;No;No;Sì;No;No;Sì;Sì;Sì;No;no;Not Rome
Non lavoro e non studio; N/A;1; ; ; ; ; ; ;no;no;N/A;0;0;0;2;0;0;0;0;3;4;4;3;0;0;0;4;0;0;0;3;3;3;3;3;3;3;5;5;5;5;5;5;5;5;5;5;5;5;5;5;5;5;5;4;0;0; ; ;yes;4;0;0;100;0;0;4;0;0;4;0;0;4;0;0;0;0;4;0;0;100;0;0;4;0;0;4;0;0;4;0;0;0;0;4;1;3;1;4;1;1;0;3;1;Uomo;Male;1989;35;Rocca di Papa;Sì;yes; ;Roma;Licenza elementare/media inferiore;8;4;4;Caratterizzata da piccole salite;Easy climbs;Sì;No;No;No;No;No;No;No;Sì;;
Lavoro;Numero di volte;2;5;Vado a piedi; ; ; ; ;yes;yes;VRU;0;0;0;0;0;0;0;0;5;5;5;5;0;0;0;0;0;0;0;0;5;5;5;5;5;5;5;5;5;5;5;5;5;5;2;2;4;5;2;2;0;4;4;5;5;5;Roma;Roma;yes;5;5;5;100;100;100;5;5;5;5;5;5;5;5;5;5;5; ; ; ; ; ; ; ; ; ; ; ; ; ; ; ; ; ;4;1;4;1;4;1;4;1;4;1;Donna;Female;1989;35; ;Sì;yes; ;Roma;Media superiore;13;4;3;Prevalentemente pianeggiante;Flat;Sì;No;No;No;No;Sì;Sì;Sì;Sì;yes;Rome
Lavoro;Numero di volte;2;5;Auto; ; ; ; ;no;no;Private;0;0;0;0;0;0;0;0;2;5;5;1;0;2;2;5;5;5;5;1;0;1;1;5;5;5;5;5;3;5;5;3;5;5;5;3;2;5;5;3;5;2;5;5;5;5;Roma;Roma;yes;0;1;1;0;0;0;1;3;3;1;3;3;1;2;2;2;2; ; ; ; ; ; ; ; ; ; ; ; ; ; ; ; ; ;2;0;4;1;4;1;3;1;2;0;Uomo;Male;1989;35; ;Sì;yes; ;Roma;Laurea (triennale) di primo livello;16;4;2;Prevalentemente pianeggiante;Flat;Sì;No;Sì;No;No;Sì;Sì;Sì;Sì;yes;Rome
Lavoro;Numero di volte;2;5;Auto; ; ; ; ;no;no;Private;1;1;1;1;1;1;1;1;4;4;4;4;2;4;4;5;3;3;3;2;4;4;4;4;4;4;5;5;5;5;5;5;4;4;4;4;4;4;4;4;4;4;3;4;4;4;Roma;Roma;yes;2;2;2;20;20;20;1;1;1;1;1;1;1;1;1;1;1; ; ; ; ; ; ; ; ; ; ; ; ; ; ; ; ; ;2;0;3;1;3;1;2;0;3;1;Donna;Female;1993;31; ;Sì;yes; ;Roma;Laurea (triennale) di primo livello;16;3;4;Prevalentemente pianeggiante;Flat;Sì;No;Sì;No;No;Sì;Sì;Sì;Sì;yes;Rome
Lavoro;Numero di volte;2;4;Auto; ; ; ; ;no;no;Private;3;3;3;3;0;0;0;0;1;2;2;2;0;0;0;2;2;2;2;2;3;3;3;4;4;4;4;4;4;5;5;5;5;3;5;3;2;3;3;3;4;3;5;4;4;4;Roma;Roma;yes;0;3;2;0;0;0;4;4;4;4;4;4;3;3;3;3;3; ; ; ; ; ; ; ; ; ; ; ; ; ; ; ; ; ;2;0;3;1;2;0;1;0;2;0;Uomo;Male;1990;34; ;Sì;yes; ;Roma;Media superiore;13;3;2;Caratterizzata da piccole salite;Easy climbs;Sì;Sì;Sì;No;No;Sì;No;No;Sì;yes;Rome
Lavoro;Numero di volte;2;5;Auto; ; ; ; ;no;no;Private;2;2;2;2;2;2;2;2;4;4;4;4;3;3;3;3;4;4;4;4;4;4;4;4;4;4;4;4;4;4;4;4;5;5;4;4;2;5;4;4;5;2;2;4;4;4;Roma;Roma;yes;3;3;3;40;40;40;4;4;4;4;4;4;4;4;4;4;4; ; ; ; ; ; ; ; ; ; ; ; ; ; ; ; ; ;4;1;2;0;4;1;3;1;3;1;Uomo;Male;1992;32; ;Sì;yes; ;Marino;Media superiore;13;5;3;Prevalentemente pianeggiante;Flat;Sì;No;Sì;No;No;Sì;Sì;Sì;Sì;yes;Rome
Lavoro;0 (Mai, lavoro da casa, sto sempre a casa);3;0; ; ; ; ; ;no;no;N/A;3;3;3;3;0;0;0;0;3;3;3;0;0;0;0;4;3;3;3;3;3;3;3;5;5;5;5;5;5;5;5;5;3;4;3;4;3;3;4;3;5;3;3;3;2;2;Anguillara;Roma;no;5;3;3;70;0;0;5;3;3;5;3;3;5;3;3;3;3;5;3;3;70;0;0;5;3;3;5;3;3;5;3;3;3;3;2;0;4;1;3;1;2;0;4;1;Donna;Female;1994;30;Anguillara;Sì;yes; ;Roma;Laurea (triennale) di primo livello;16;3;3;Prevalentemente pianeggiante;Flat;Sì;No;Sì;No;No;Sì;Sì;No;Sì;no;Rome
Lavoro e studio;Numero di volte;2;5;Auto; ; ; ; ;no;no;Private;0;0;0;0;0;0;0;0;4;4;4;4;0;0;0;0;2;2;2;2;3;3;3;3;3;3;5;5;5;5;5;5;5;5;5;5;3;5;5;5;5;3;3;3;3;3;Latina;Cisterna di latina;no;0;0;0;0;0;0;0;0;0;0;0;0;0;0;0;0;0; ; ; ; ; ; ; ; ; ; ; ; ; ; ; ; ; ;4;1;4;1;4;1;3;1;3;1;Donna;Female;1991;33; ;Sì;yes; ;Napoli;Media superiore;13;5;5;Prevalentemente pianeggiante;Flat;Sì;No;Sì;No;No;Sì;No;No;Sì;no;Not Rome
Lavoro e studio;Numero di volte;2;5;Auto; ; ; ; ;no;no;Private;1;1;1;1;1;1;1;1;4;4;4;4;1;3;3;3;2;2;2;2;4;4;4;4;4;4;5;5;5;5;5;5;5;5;5;5;5;5;5;5;5;5;5;4;4;4;Roma;Roma;yes;1;1;1;10;10;10;1;1;1;1;1;1;1;1;1;1;1; ; ; ; ; ; ; ; ; ; ; ; ; ; ; ; ; ;3;1;4;1;3;1;3;1;4;1;Donna;Female;1994;30; ;Sì;yes; ;Roma;Laurea (triennale) di primo livello;16;4;3;Caratterizzata da piccole salite;Easy climbs;Sì;No;No;No;No;Sì;Sì;Sì;Sì;yes;Rome
Lavoro;Numero di volte;2;6;Auto; ; ; ; ;no;no;Private;2;3;3;3;5;1;1;5;5;5;5;3;1;1;1;4;1;1;1;1;3;5;5;5;5;5;5;5;5;5;5;5;4;3;1;3;3;4;1;3;5;3;5;5;5;5;Roma;Roma;yes;5;5;5;100;0;0;5;5;5;5;5;5;5;5;5;5;5; ; ; ; ; ; ; ; ; ; ; ; ; ; ; ; ; ;1;0;4;1;4;1;3;1;4;1;Donna;Female;1994;30; ;Sì;yes; ;Romania;Media superiore;13;5;5;Caratterizzata da piccole salite;Easy climbs;Sì;No;Sì;Sì;Sì;Sì;Sì;Sì;Sì;yes;Rome
Lavoro;Numero di volte;2;1;Auto; ; ; ; ;no;no;Private;5;5;5;5;5;5;5;5;4;4;4;4;1;1;1;1;5;5;5;5;0;0;0;0;0;0;3;3;3;3;3;3;4;4;5;5;4;4;5;5;1;4;4;0;0;0;Roma;Roma;yes;0;0;0;0;0;0;0;0;0;0;0;0;0;0;0;0;0; ; ; ; ; ; ; ; ; ; ; ; ; ; ; ; ; ;1;0;3;1;2;0;1;0;1;0;Uomo;Male;1989;35; ;No;no;Bulgaria;Bulgaria;Laurea (triennale) di primo livello;16;3;1;Caratterizzata da piccole salite;Easy climbs;Sì;No;No;No;No;Sì;Sì;Sì;Sì;yes;Rome
Non lavoro e non studio; N/A;1; ; ; ; ; ; ;no;no;N/A;4;3;3;0;4;4;4;5;3;3;3;4;0;0;0;3;4;4;4;5;4;4;4;5;4;4;5;3;3;5;4;4;5;4;4;5;5;5;5;5;5;5;5;5;4;4; ; ;yes;5;3;3;3;2;2;5;4;4;4;3;3;4;4;4;3;3;5;3;3;3;2;2;5;4;4;4;3;3;4;4;4;3;3;1;0;2;0;2;0;2;0;4;1;Uomo;Male;1995;29;Rocca Priora;No;no;Cuba;Cuba;Laurea (triennale) di primo livello;16;4;5;Caratterizzata da forti pendenze;Steep slopes;Sì;No;No;No;No;Sì;Sì;Sì;No;;
Lavoro;Numero di volte;2;5;Auto; ; ; ; ;no;no;Private;0;0;0;0;0;0;0;0;3;3;3;3;2;2;2;2;2;2;2;2;3;3;3;4;4;4;5;5;5;4;4;4;5;5;5;5;0;5;5;4;5;5;4;4;4;4;Roma;Roma;yes;0;0;0;0;0;0;0;0;0;0;0;0;0;0;0;0;0; ; ; ; ; ; ; ; ; ; ; ; ; ; ; ; ; ;3;1;2;0;4;1;2;0;2;0;Uomo;Male;1996;28; ;No;no;Romania;Romania;Media superiore;13;4;1;Prevalentemente pianeggiante;Flat;Sì;No;No;No;No;Sì;Sì;No;Sì;yes;Rome
Sono uno studente e lavoro;Numero di volte;2;5;Auto;Vado a piedi; ; ; ;yes;yes;VRU;3;2;2;2;0;0;0;0;3;3;3;2;0;0;0;4;5;4;4;2;0;0;2;5;5;2;5;5;5;5;5;5;4;4;5;5;4;4;5;5;5;4;4;3;2;2;Roma;Roma;yes;3;3;3;50;0;0;3;3;3;3;3;3;3;3;3;3;3; ; ; ; ; ; ; ; ; ; ; ; ; ; ; ; ; ;4;1;4;1;4;1;1;0;2;0;Donna;Female;1994;30; ;Sì;yes; ;Roma;Laurea (triennale) di primo livello;16;3;4;Prevalentemente pianeggiante;Flat;Sì;No;No;No;No;Sì;Sì;Sì;Sì;yes;Rome
Lavoro e studio;Numero di volte;2;3;Auto; ; ; ; ;no;no;Private;0;0;0;0;0;0;0;0;5;5;5;1;1;1;1;5;2;2;2;2;3;3;3;3;3;3;5;5;5;5;5;5;5;5;5;5;5;5;5;5;5;5;5;3;3;3;Roma;Roma;yes;2;2;2;25;25;25;1;1;1;1;1;1;1;2;2;2;2; ; ; ; ; ; ; ; ; ; ; ; ; ; ; ; ; ;3;1;3;1;3;1;3;1;4;1;Uomo;Male;1996;28; ;Sì;yes; ;Roma;Media superiore;13;3;4;Caratterizzata da forti pendenze;Steep slopes;Sì;No;No;No;No;Sì;Sì;No;Sì;yes;Rome
Lavoro;Numero di volte;2;5;Auto; ; ; ; ;no;no;Private;3;4;4;4;0;0;0;0;1;1;1;1;0;0;0;0;2;2;2;2;3;3;3;4;4;4;5;5;5;5;5;5;3;4;3;4;4;3;4;3;4;4;5;3;3;3;Roma;Roma;yes;3;3;3;0;0;0;0;0;0;0;0;0;0;0;0;0;0; ; ; ; ; ; ; ; ; ; ; ; ; ; ; ; ; ;2;0;2;0;2;0;3;1;2;0;Uomo;Male;1992;32; ;Sì;yes; ;Teramo;Media superiore;13;4;3;Caratterizzata da piccole salite;Easy climbs;Sì;No;No;No;No;No;Sì;Sì;Sì;yes;Rome
Lavoro;Numero di volte;2;5;Auto; ; ; ; ;no;no;Private;0;0;0;0;0;0;0;0;0;3;3;0;0;0;0;4;2;2;2;3;2;2;2;4;4;4;5;5;5;5;5;5;5;5;5;5;5;5;5;5;5;5;5;3;1;0;Roma;Priverno;no;0;0;0;0;0;0;0;0;0;0;0;0;0;0;0;0;0; ; ; ; ; ; ; ; ; ; ; ; ; ; ; ; ; ;4;1;3;1;2;0;3;1;3;1;Donna;Female;1989;35; ;No;no;Moldavia;Moldavia;Media superiore;13;3;0;Prevalentemente pianeggiante;Flat;Sì;No;Sì;No;No;Sì;No;No;Sì;no;Not Rome
Lavoro;Numero di volte;2;5;Bus/Tram;Metro; ; ; ;yes;yes;Public;0;0;0;0;0;0;0;0;0;0;0;0;0;0;0;0;0;0;0;0;0;0;0;0;0;0;0;0;0;0;0;0;0;0;0;0;0;0;0;0;0;0;0;5;0;0;Roma;Roma;yes;5;0;0;100;0;0;5;0;0;5;0;0;5;0;0;0;0; ; ; ; ; ; ; ; ; ; ; ; ; ; ; ; ; ;4;1;4;1;4;1;1;0;4;1;Uomo;Male;2000;24; ;Sì;yes; ;Roma;Media superiore;13;3;3;Prevalentemente pianeggiante;Flat;Sì;No;No;No;No;Sì;Sì;Sì;Sì;yes;Rome
Lavoro;Numero di volte;2;5;Auto; ; ; ; ;no;no;Private;4;4;4;0;4;4;4;0;3;3;3;3;0;4;4;4;3;3;3;3;3;3;3;3;3;3;4;4;4;4;4;4;5;5;5;5;5;5;5;5;5;5;5;1;1;1;Roma;Roma;yes;0;0;0;0;0;0;0;0;0;0;0;0;0;0;0;0;0; ; ; ; ; ; ; ; ; ; ; ; ; ; ; ; ; ;2;0;3;1;3;1;2;0;1;0;Donna;Female;1989;35; ;Sì;yes; ;Roma;Laurea magistrale o successivo;18;2;2;Prevalentemente pianeggiante;Flat;Sì;No;No;No;No;Sì;Sì;No;Sì;yes;Rome
Non lavoro e non studio; N/A;1; ; ; ; ; ; ;no;no;N/A;2;2;2;1;0;0;0;0;1;1;1;1;0;0;0;3;1;1;1;1;3;3;3;3;3;3;4;4;4;4;4;4;4;4;4;4;4;5;5;5;5;3;3;3;0;0; ; ;yes;3;0;0;100;0;0;4;0;0;4;0;0;4;0;0;0;0;3;0;0;100;0;0;4;0;0;4;0;0;4;0;0;0;0;4;1;3;1;4;1;1;0;3;1;Uomo;Male;1989;35;Ostia;Sì;yes; ;Roma;Laurea magistrale o successivo;18;3;4;Prevalentemente pianeggiante;Flat;Sì;No;Sì;No;No;Sì;No;No;Sì;;
Lavoro;Numero di volte;2;5;Moto/scooter; ; ; ; ;no;yes;Private;1;2;1;1;5;4;4;4;4;5;5;2;1;2;4;4;0;0;0;0;0;2;1;5;4;3;3;3;2;5;4;4;4;4;4;2;4;4;4;4;4;4;4;2;2;0;Roma;Roma;yes;2;1;1;3;0;0;2;1;1;2;1;1;2;2;0;2;0; ; ; ; ; ; ; ; ; ; ; ; ; ; ; ; ; ;1;0;2;0;1;0;2;0;2;0;Uomo;Male;1995;29; ;Sì;yes; ;Roma;Laurea (triennale) di primo livello;16;4;3;Prevalentemente pianeggiante;Flat;Sì;Sì;No;No;No;Sì;No;No;Sì;yes;Rome
Lavoro;Numero di volte;2;5;Auto; ; ; ; ;no;no;Private;0;1;1;1;0;0;0;0;2;4;4;2;0;0;0;4;1;1;1;4;3;3;3;5;5;5;5;5;5;5;5;5;4;3;2;3;0;4;2;3;4;0;4;0;0;0;Roma;Roma;yes;0;0;0;0;0;0;0;0;0;0;0;0;0;0;0;0;0; ; ; ; ; ; ; ; ; ; ; ; ; ; ; ; ; ;4;1;1;0;3;1;4;1;4;1;Donna;Female;1991;33; ;Sì;yes; ;Roma;Laurea magistrale o successivo;18;5;0;Caratterizzata da piccole salite;Easy climbs;Sì;No;Sì;No;No;Sì;Sì;Sì;Sì;yes;Rome
Lavoro;Numero di volte;2;5;Auto; ; ; ; ;no;no;Private;2;2;2;2;0;0;0;0;4;4;4;4;2;2;2;2;3;3;3;3;0;0;0;0;0;0;5;5;5;5;5;5;5;5;3;3;3;5;3;3;4;3;3;2;2;2;Roma;Roma;yes;0;0;0;0;0;0;0;0;0;0;0;0;0;0;0;0;0; ; ; ; ; ; ; ; ; ; ; ; ; ; ; ; ; ;4;1;2;0;4;1;3;1;2;0;Donna;Female;1989;35; ;Sì;yes; ;Roma;Laurea magistrale o successivo;18;3;3;Prevalentemente pianeggiante;Flat;Sì;No;Sì;No;Sì;Sì;Sì;Sì;Sì;yes;Rome
Lavoro;Numero di volte;2;4;Bus/Tram;Metro; ; ; ;yes;yes;Public;0;0;0;0;0;0;0;0;3;3;3;3;3;3;3;3;4;4;4;4;1;1;1;1;1;1;5;5;0;5;5;0;5;5;5;5;3;5;5;5;2;3;3;1;1;1;Roma;Roma;yes;5;5;5;100;100;100;0;0;0;0;0;0;0;0;0;0;0; ; ; ; ; ; ; ; ; ; ; ; ; ; ; ; ; ;4;1;4;1;4;1;3;1;4;1;Uomo;Male;1991;33; ;Sì;yes; ;Matera;Laurea (triennale) di primo livello;16;2;3;Prevalentemente pianeggiante;Flat;Sì;No;No;No;Sì;Sì;Sì;Sì;Sì;yes;Rome
Non lavoro e non studio; N/A;1; ; ; ; ; ; ;yes;yes;N/A;0;0;0;0;0;0;0;0;2;2;1;3;0;0;1;4;4;2;2;4;0;0;0;4;3;3;5;5;5;5;5;5;0;1;0;2;3;1;2;2;2;3;5;3;1;1; ; ;yes;3;1;1;50;0;0;3;1;1;3;1;1;3;1;1;1;1;3;1;1;50;0;0;3;1;1;3;1;1;3;1;1;1;1;4;1;2;0;4;1;2;0;2;0;Donna;Female;1992;32;Roma;Sì;yes; ;Roma;Laurea (triennale) di primo livello;16;4;3;Prevalentemente pianeggiante;Flat;No;No;Sì;No;Sì;Sì;No;No;Sì;;
Non lavoro e non studio; N/A;1; ; ; ; ; ; ;no;no;N/A;0;0;0;0;0;0;0;0;3;3;3;3;1;1;1;1;5;5;5;5;3;3;3;3;3;3;4;4;4;4;4;4;4;4;5;5;2;4;5;5;3;2;2;3;3;3; ; ;yes;3;3;3;30;30;30;2;2;2;2;2;2;2;2;2;2;2;3;3;3;30;30;30;2;2;2;2;2;2;2;2;2;2;2;2;0;4;1;1;0;3;1;1;0;Donna;Female;1998;26;Roma;Sì;yes; ;Roma;Laurea magistrale o successivo;18;3;2;Caratterizzata da piccole salite;Easy climbs;Sì;No;No;No;No;Sì;Sì;Sì;Sì;;
Sono uno studente e lavoro;Numero di volte;2;5;Auto; ; ; ; ;no;no;Private;5;3;3;3;0;0;0;3;3;3;3;3;0;0;0;0;4;4;4;4;3;3;3;4;4;4;4;4;4;4;4;4;5;5;5;5;5;5;5;5;5;5;5;2;2;2;Roma;Roma;yes;2;2;2;5;0;0;2;2;2;2;2;2;2;2;2;2;2; ; ; ; ; ; ; ; ; ; ; ; ; ; ; ; ; ;2;0;3;1;3;1;3;1;2;0;Donna;Female;1997;27; ;Sì;yes; ;Roma;Laurea (triennale) di primo livello;16;3;4;Caratterizzata da piccole salite;Easy climbs;Sì;No;Sì;No;No;Sì;Sì;No;Sì;yes;Rome
Lavoro;Numero di volte;2;5;Auto; ; ; ; ;no;no;Private;5;5;5;0;0;0;0;0;0;0;0;3;0;0;0;5;5;5;5;0;0;0;0;5;5;5;5;5;5;5;5;5;5;2;2;3;3;5;2;3;2;2;2;0;0;0;Roma;Palestrina;no;0;0;0;0;0;0;0;0;0;0;0;0;0;0;0;0;0; ; ; ; ; ; ; ; ; ; ; ; ; ; ; ; ; ;1;0;4;1;1;0;1;0;1;0;Uomo;Male;1992;32; ;Sì;yes; ;Palestrina;Licenza elementare/media inferiore;8;5;0;Prevalentemente pianeggiante;Flat;Sì;Sì;No;No;No;Sì;Sì;Sì;Sì;no;Not Rome
Lavoro;Numero di volte;2;5;Monopattino; ; ; ; ;yes;yes;VRU;2;1;3;2;0;0;0;0;0;4;4;1;0;0;0;3;0;4;4;4;0;4;4;5;5;5;5;5;5;5;5;5;4;4;4;2;0;4;4;2;3;0;2;0;0;0;Roma;Roma;yes;1;1;1;20;0;80;0;0;5;0;0;5;0;0;5;0;5; ; ; ; ; ; ; ; ; ; ; ; ; ; ; ; ; ;4;1;2;0;4;1;3;1;1;0;Uomo;Male;1994;30; ;Sì;yes; ;Roma;Media superiore;13;3;3;Caratterizzata da piccole salite;Easy climbs;No;No;No;No;Sì;Sì;Sì;Sì;Sì;yes;Rome
Lavoro;Numero di volte;2;5;Auto; ; ; ; ;no;no;Private;0;0;0;0;0;0;0;0;3;3;3;3;0;0;0;0;0;0;0;0;2;2;2;4;4;4;5;5;5;5;5;5;5;5;5;5;5;5;5;5;5;5;5;3;3;3;Roma;Civitavecchia;no;1;1;1;10;10;10;1;1;1;1;1;1;1;1;1;1;1; ; ; ; ; ; ; ; ; ; ; ; ; ; ; ; ; ;2;0;4;1;3;1;3;1;3;1;Uomo;Male;1995;29; ;Sì;yes; ;Civitavecchia;Laurea magistrale o successivo;18;4;3;Prevalentemente pianeggiante;Flat;Sì;Sì;No;No;No;Sì;No;Sì;Sì;no;Not Rome
Lavoro;Numero di volte;2;5;Bus/Tram;Treno; ; ; ;yes;yes;Public;0;0;0;0;0;0;0;0;4;4;4;3;0;0;0;5;3;0;0;3;4;3;3;5;5;5;5;5;5;5;5;5;5;4;5;4;5;5;5;4;3;5;3;3;0;0;Roma;Roma;yes;3;0;0;100;0;0;3;0;0;5;0;0;5;0;0;0;0; ; ; ; ; ; ; ; ; ; ; ; ; ; ; ; ; ;4;1;4;1;4;1;4;1;3;1;Donna;Female;1995;29; ;Sì;yes; Venezuela;Venenzuela;Laurea magistrale o successivo;18;4;4;Prevalentemente pianeggiante;Flat;Sì;No;Sì;No;No;Sì;No;Sì;Sì;yes;Rome
Lavoro;Numero di volte;2;6;Auto; ; ; ; ;no;no;Private;1;1;1;0;0;0;0;0;2;2;3;2;0;0;0;4;1;1;1;5;3;3;3;3;3;3;5;5;5;5;5;5;3;3;5;3;5;4;4;4;4;4;5;3;3;3;Roma;Roma;yes;1;3;3;0;100;100;4;4;4;4;4;4;2;3;3;3;3; ; ; ; ; ; ; ; ; ; ; ; ; ; ; ; ; ;3;1;3;1;4;1;4;1;2;0;Uomo;Male;1993;31; ;Sì;yes; ;Roma;Media superiore;13;4;5;Prevalentemente pianeggiante;Flat;Sì;Sì;Sì;Sì;No;Sì;Sì;Sì;Sì;yes;Rome
Lavoro;Numero di volte;2;6;Auto; ; ; ; ;no;no;Private;2;5;5;5;0;0;0;0;0;2;2;1;0;0;0;3;0;0;0;0;2;2;2;5;5;5;5;5;5;5;5;5;1;1;2;2;2;1;2;2;3;2;2;2;2;2;Roma;Roma;yes;1;1;1;10;10;10;1;1;1;1;1;1;1;1;1;1;1; ; ; ; ; ; ; ; ; ; ; ; ; ; ; ; ; ;1;0;4;1;1;0;1;0;1;0;Donna;Female;1994;30; ;Sì;yes; ;Roma;Media superiore;13;2;1;Caratterizzata da forti pendenze;Steep slopes;Sì;No;No;No;No;Sì;No;No;Sì;yes;Rome
Lavoro;Numero di volte;2;5;Moto/scooter; ; ; ; ;no;yes;Private;1;1;1;1;1;1;1;1;5;5;5;5;5;5;5;5;1;1;1;1;5;5;5;5;5;5;5;5;5;5;5;5;5;5;5;4;5;5;5;4;3;5;4;3;3;3;Roma;Roma;yes;4;4;4;60;60;60;3;3;3;3;3;3;3;3;3;3;3; ; ; ; ; ; ; ; ; ; ; ; ; ; ; ; ; ;3;1;3;1;4;1;3;1;3;1;Donna;Female;1991;33; ;Sì;yes; ;Roma;Laurea magistrale o successivo;18;3;2;Prevalentemente pianeggiante;Flat;No;Sì;Sì;No;No;Sì;Sì;Sì;Sì;yes;Rome
Lavoro;Numero di volte;2;5;Auto;Vado a piedi; ; ; ;yes;yes;VRU;4;4;4;4;0;0;0;0;4;4;4;3;0;0;2;3;0;0;0;0;4;4;4;4;4;4;4;4;4;5;5;0;4;4;3;4;3;5;5;5;1;3;4;5;2;5;Roma;Roma;yes;3;4;5;90;0;0;5;5;5;5;5;5;5;5;5;5;5; ; ; ; ; ; ; ; ; ; ; ; ; ; ; ; ; ;4;1;3;1;4;1;2;0;1;0;Uomo;Male;1993;31; ;Sì;yes; Inghilterra;Londra;Laurea magistrale o successivo;18;5;4;Caratterizzata da piccole salite;Easy climbs;Sì;No;No;No;No;Sì;Sì;Sì;Sì;yes;Rome
Lavoro;Numero di volte;2;6;Auto; ; ; ; ;no;no;Private;0;3;3;0;0;0;0;0;0;5;5;3;0;0;0;4;5;5;5;5;2;2;2;5;5;5;5;5;5;5;5;5;5;4;5;5;3;5;5;5;5;3;5;4;4;4;Roma;Roma;yes;5;3;3;70;30;30;5;5;5;5;5;5;5;5;5;5;5; ; ; ; ; ; ; ; ; ; ; ; ; ; ; ; ; ;4;1;4;1;4;1;2;0;2;0;Uomo;Male;1998;26; ;Sì;yes; Ucraina;Ucraina;Laurea (triennale) di primo livello;16;1;0;Prevalentemente pianeggiante;Flat;Sì;Sì;No;No;No;Sì;Sì;Sì;Sì;yes;Rome
Lavoro;Numero di volte;2;6;Auto; ; ; ; ;no;no;Private;0;0;0;0;0;0;0;0;4;4;4;5;0;0;2;4;3;3;3;3;3;3;3;3;3;3;5;5;5;5;5;5;5;4;4;5;4;5;4;4;4;4;4;1;1;1;Roma;Roma;yes;0;0;0;0;0;0;0;0;0;0;0;0;0;0;0;0;0; ; ; ; ; ; ; ; ; ; ; ; ; ; ; ; ; ;3;1;3;1;2;0;3;1;2;0;Donna;Female;1992;32; ;Sì;yes; ;Roma;Laurea magistrale o successivo;18;4;3;Caratterizzata da piccole salite;Easy climbs;Sì;No;Sì;No;Sì;Sì;Sì;Sì;Sì;yes;Rome
Lavoro;Numero di volte;2;7;Auto; ; ; ; ;no;no;Private;2;2;2;2;2;2;2;2;3;3;3;3;4;4;4;4;2;2;2;2;1;1;1;1;1;1;4;4;4;4;4;4;5;5;4;4;4;5;4;4;4;4;4;5;5;5;Roma;Roma;yes;0;0;0;0;0;0;0;0;0;0;0;0;0;0;0;0;0; ; ; ; ; ; ; ; ; ; ; ; ; ; ; ; ; ;1;0;3;1;2;0;1;0;1;0;Donna;Female;1989;35; ;Sì;yes; ;Marino;Media superiore;13;4;5;Caratterizzata da forti pendenze;Steep slopes;Sì;No;No;No;No;Sì;Sì;Sì;Sì;yes;Rome
Lavoro;Numero di volte;2;2;Auto; ; ; ; ;yes;yes;Private;5;2;2;0;5;5;5;1;0;5;5;0;0;3;3;3;5;5;5;3;0;0;5;3;5;0;0;0;5;5;5;5;0;0;0;0;0;5;5;5;5;5;5;5;5;5;Roma;Roma;yes;5;5;3;0;0;0;0;0;0;0;0;0;0;0;0;0;0; ; ; ; ; ; ; ; ; ; ; ; ; ; ; ; ; ;2;0;3;1;3;1;4;1;2;0;Uomo;Male;1990;34; ;Sì;yes; ;Roma;Laurea magistrale o successivo;18;5;5;Prevalentemente pianeggiante;Flat;Sì;No;No;No;No;Sì;Sì;Sì;Sì;yes;Rome
Lavoro;Numero di volte;2;4;Auto; ; ; ; ;no;no;Private;5;5;5;0;0;0;0;0;4;4;4;3;0;0;0;4;5;4;4;1;0;0;0;5;5;5;5;5;5;5;5;5;5;4;5;4;3;5;5;4;4;3;3;5;5;5;Pomezia;Anzio;no;0;0;0;0;0;0;0;0;0;0;0;0;0;0;0;0;0; ; ; ; ; ; ; ; ; ; ; ; ; ; ; ; ; ;2;0;1;0;4;1;1;0;1;0;Uomo;Male;1990;34; ;Sì;yes; ;Roma;Media superiore;13;4;3;Prevalentemente pianeggiante;Flat;Sì;No;No;No;Sì;Sì;Sì;Sì;Sì;no;Not Rome
Lavoro;Numero di volte;2;5;Treno; ; ; ; ;yes;yes;Public;0;0;0;2;0;0;0;3;5;5;5;3;2;4;4;4;5;5;5;3;0;0;0;3;0;0;0;0;0;0;0;0;5;5;5;5;5;5;5;5;5;5;5;5;0;0;Roma;Roma;yes;2;2;2;100;0;0;3;3;3;3;3;3;2;3;3;3;3; ; ; ; ; ; ; ; ; ; ; ; ; ; ; ; ; ;3;1;3;1;4;1;2;0;3;1;Donna;Female;1997;27; ;Sì;yes; ;Messina;Laurea magistrale o successivo;18;4;5;Caratterizzata da piccole salite;Easy climbs;No;No;No;No;No;Sì;Sì;Sì;Sì;yes;Rome
Lavoro;Numero di volte;2;5;Auto;Bici; ; ; ;no;no;VRU;0;0;0;0;0;0;0;2;0;4;4;4;1;1;1;3;2;2;2;1;3;4;4;5;5;5;5;5;5;5;5;5;5;4;4;5;3;5;5;5;5;5;5;5;5;5;Roma;Roma;yes;4;5;5;100;100;100;5;5;5;5;5;5;5;5;5;5;5; ; ; ; ; ; ; ; ; ; ; ; ; ; ; ; ; ;3;1;4;1;4;1;4;1;4;1;Donna;Female;1999;25; ;Sì;yes; ;Treviso;Media superiore;13;4;2;Prevalentemente pianeggiante;Flat;Sì;No;Sì;No;No;Sì;Sì;Sì;Sì;yes;Rome
Lavoro;Numero di volte;2;6;Auto;Vado a piedi; ; ; ;yes;yes;VRU;0;0;0;0;0;0;0;0;2;2;2;2;0;0;0;5;2;1;1;4;4;3;3;4;4;4;5;5;2;5;5;1;2;2;3;2;0;5;5;5;5;0;1;5;3;4;Roma;Roma;yes;5;2;4;100;0;0;5;0;0;5;0;0;5;0;0;0;0; ; ; ; ; ; ; ; ; ; ; ; ; ; ; ; ; ;4;1;4;1;4;1;2;0;4;1;Uomo;Male;1991;33; ;Sì;yes; ;Roma;Media superiore;13;4;3;Caratterizzata da forti pendenze;Steep slopes;Sì;No;Sì;No;Sì;Sì;Sì;Sì;Sì;yes;Rome
Lavoro;Numero di volte;2;7;Auto; ; ; ; ;no;no;Private;5;5;5;3;0;0;0;2;4;4;4;0;0;0;0;4;5;5;5;0;4;4;4;3;3;3;5;5;3;5;5;3;5;5;5;5;5;5;5;5;5;5;5;0;0;0;Roma;Grottaferrata;no;0;0;0;0;0;0;0;0;0;0;0;0;0;0;0;0;0; ; ; ; ; ; ; ; ; ; ; ; ; ; ; ; ; ;3;1;4;1;2;0;1;0;3;1;Uomo;Male;1989;35; ;Sì;yes; ;Latina;Laurea (triennale) di primo livello;16;4;4;Prevalentemente pianeggiante;Flat;Sì;No;No;No;No;Sì;No;No;Sì;no;Not Rome
Lavoro;Numero di volte;2;6;Bici; ; ; ; ;yes;yes;VRU;0;0;0;2;0;0;0;0;0;2;2;1;0;0;0;3;2;1;1;3;2;2;2;5;5;5;5;5;5;5;5;5;5;5;5;4;5;5;5;4;4;5;4;4;3;3;Roma;Roma;yes;5;5;5;50;50;0;5;5;5;5;5;5;5;5;5;5;5; ; ; ; ; ; ; ; ; ; ; ; ; ; ; ; ; ;4;1;3;1;4;1;4;1;2;0;Donna;Female;1992;32; ;Sì;yes; ;Roma;Laurea (triennale) di primo livello;16;5;4;Caratterizzata da piccole salite;Easy climbs;Sì;No;Sì;No;Sì;Sì;Sì;No;Sì;yes;Rome
Lavoro;Numero di volte;2;5;Auto; ; ; ; ;no;no;Private;0;1;1;1;0;0;0;0;4;4;4;4;0;0;0;4;4;4;4;2;0;3;3;4;4;4;5;5;5;5;5;5;5;3;5;5;5;5;5;5;3;5;5;3;2;2;Roma;Roma;yes;2;4;2;0;0;0;5;5;5;3;2;2;0;4;4;4;4; ; ; ; ; ; ; ; ; ; ; ; ; ; ; ; ; ;4;1;3;1;4;1;4;1;1;0;Donna;Female;1988;36; ;Sì;yes; ;Lecce;Laurea magistrale o successivo;18;3;3;Prevalentemente pianeggiante;Flat;Sì;No;Sì;No;No;Sì;Sì;Sì;Sì;yes;Rome
Non lavoro e non studio; N/A;1; ; ; ; ; ; ;no;no;N/A;3;3;5;0;0;0;0;0;5;5;5;3;0;0;0;5;5;5;5;0;3;3;3;5;5;5;3;2;2;3;2;2;5;5;5;5;5;5;5;5;5;5;5;3;0;0; ; ;yes;5;2;0;100;0;0;5;5;5;5;5;5;5;5;5;5;5;5;2;0;100;0;0;5;5;5;5;5;5;5;5;5;5;5;3;1;4;1;4;1;1;0;4;1;Donna;Female;1990;34;Roma;Sì;yes; ;Magliano Sabina;Licenza elementare/media inferiore;8;4;2;Caratterizzata da piccole salite;Easy climbs;No;No;No;No;No;No;No;No;Sì;;
Lavoro;Numero di volte;2;3;Moto/scooter; ; ; ; ;no;yes;Private;3;2;2;5;1;1;1;1;2;3;3;2;2;3;3;1;4;2;2;2;3;4;4;4;2;2;5;4;4;5;4;4;3;4;5;3;2;3;5;3;3;2;2;3;4;4;Roma;Roma;yes;1;1;1;0;0;0;2;2;2;2;2;2;3;3;3;3;3; ; ; ; ; ; ; ; ; ; ; ; ; ; ; ; ; ;1;0;4;1;1;0;1;0;1;0;Donna;Female;1992;32; ;Sì;yes; ;Roma;Laurea (triennale) di primo livello;16;5;3;Prevalentemente pianeggiante;Flat;Sì;Sì;No;No;No;No;No;No;Sì;yes;Rome
Lavoro;Numero di volte;2;7;Auto; ; ; ; ;no;no;Private;0;0;3;0;0;0;0;0;2;3;3;2;0;0;1;3;3;3;3;1;2;1;1;3;3;3;5;5;3;5;5;3;5;5;5;5;5;5;5;5;5;5;5;4;4;4;Roma;Roma;yes;3;0;0;0;0;0;3;3;3;3;3;3;4;3;3;3;3; ; ; ; ; ; ; ; ; ; ; ; ; ; ; ; ; ;3;1;2;0;4;1;3;1;3;1;Donna;Female;1989;35; ;Sì;yes; ;Arezzo;Licenza elementare/media inferiore;8;3;3;Prevalentemente pianeggiante;Flat;Sì;No;Sì;Sì;No;Sì;No;Sì;Sì;yes;Rome
Lavoro;Numero di volte;2;6;Bus/Tram; ; ; ; ;yes;yes;Public;1;3;5;3;0;0;0;0;5;5;5;4;0;0;0;4;5;5;5;0;0;0;0;5;5;5;5;5;5;5;5;5;0;0;5;4;3;1;5;5;4;2;2;4;0;0;Roma;Roma;yes;5;0;0;100;0;0;5;0;0;5;0;0;5;0;0;0;0; ; ; ; ; ; ; ; ; ; ; ; ; ; ; ; ; ;3;1;4;1;4;1;1;0;4;1;Donna;Female;1992;32; ;Sì;yes; ;Bari;Laurea magistrale o successivo;18;3;2;Prevalentemente pianeggiante;Flat;No;No;No;No;No;No;No;No;Sì;yes;Rome
Non lavoro e non studio; N/A;1; ; ; ; ; ; ;no;no;N/A;0;0;0;0;0;0;0;0;5;5;5;5;0;0;0;0;0;0;0;0;5;5;5;5;5;5;5;5;5;5;5;5;4;4;4;4;5;4;4;4;0;5;5;5;5;5; ; ;yes;5;5;5;100;100;100;5;5;5;5;5;5;5;5;5;5;5;5;5;5;100;100;100;5;5;5;5;5;5;5;5;5;5;5;4;1;3;1;4;1;4;1;4;1;Donna;Female;1994;30;Roma;Sì;yes; ;Roma;Media superiore;13;5;4;Prevalentemente pianeggiante;Flat;No;No;Sì;No;No;Sì;No;Sì;No;;
Lavoro;Numero di volte;2;5;Auto; ; ; ; ;no;no;Private;0;0;0;0;0;0;0;0;3;3;3;3;2;2;2;2;2;2;2;2;5;5;5;5;5;5;5;5;5;5;5;5;5;5;4;4;4;5;4;4;3;4;4;3;3;3;Roma;Roma;yes;0;0;0;0;0;0;0;0;0;0;0;0;0;0;0;0;0; ; ; ; ; ; ; ; ; ; ; ; ; ; ; ; ; ;3;1;4;1;1;0;1;0;3;1;Donna;Female;1989;35; ;Sì;yes; ;Anzio;Media superiore;13;4;3;Prevalentemente pianeggiante;Flat;Sì;No;No;No;No;Sì;Sì;Sì;Sì;yes;Rome
Sono uno studente;Numero di volte;2;3;Auto; ; ; ; ;no;no;Private;0;0;0;0;0;0;0;0;3;3;3;3;0;0;0;0;4;4;4;4;4;4;4;2;2;2;5;5;5;5;5;5;5;5;5;5;3;5;5;5;4;3;3;4;4;4;Roma;Roma;yes;0;0;0;20;20;20;0;4;0;0;4;0;0;4;0;4;0; ; ; ; ; ; ; ; ; ; ; ; ; ; ; ; ; ;4;1;4;1;4;1;3;1;3;1;Donna;Female;2004;20; ;Sì;yes; ;Roma;Media superiore;13;5;5;Prevalentemente pianeggiante;Flat;Sì;No;Sì;No;No;Sì;Sì;Sì;Sì;yes;Rome
Sono uno studente;Numero di volte;2;5;Auto;Metro; ; ; ;yes;yes;Public;0;0;0;0;0;0;0;0;4;4;4;1;0;0;0;4;4;4;4;2;1;1;1;5;5;5;5;5;5;5;5;5;5;5;5;5;0;5;5;5;5;5;3;2;4;4;Roma;Campagnano di Roma;no;2;3;3;50;0;0;4;0;0;4;0;0;4;0;0;0;0; ; ; ; ; ; ; ; ; ; ; ; ; ; ; ; ; ;1;0;3;1;4;1;1;0;2;0;Uomo;Male;1989;35; ;Sì;yes; ;Roma;Media superiore;13;2;1;Caratterizzata da forti pendenze;Steep slopes;Sì;No;No;No;No;Sì;Sì;No;Sì;no;Not Rome
Lavoro;Numero di volte;2;6;Auto; ; ; ; ;no;no;Private;0;0;0;0;0;0;0;0;3;3;3;3;0;0;3;3;3;2;2;3;0;0;0;4;4;4;5;5;5;5;5;5;5;5;5;5;5;5;5;5;5;5;5;5;5;4;Roma;Roma;yes;0;0;0;0;0;0;0;0;0;0;0;0;0;0;0;0;0; ; ; ; ; ; ; ; ; ; ; ; ; ; ; ; ; ;4;1;1;0;4;1;3;1;1;0;Donna;Female;1993;31; ;Sì;yes; ;Roma;Licenza elementare/media inferiore;8;1;5;Caratterizzata da piccole salite;Easy climbs;Sì;No;No;No;No;No;No;No;Sì;yes;Rome
Lavoro;Numero di volte;2;5;Bus/Tram;Bici; ; ; ;yes;yes;VRU;0;0;0;0;0;0;0;0;2;3;3;3;0;0;2;3;0;0;0;3;4;4;4;3;3;3;5;5;5;5;5;5;5;5;5;5;5;5;5;5;5;5;5;5;5;5;Roma;Roma;yes;5;5;5;50;50;50;5;5;5;4;4;4;3;3;3;3;3; ; ; ; ; ; ; ; ; ; ; ; ; ; ; ; ; ;4;1;3;1;4;1;4;1;3;1;Donna;Female;1989;35; ;Sì;yes; ;Roma;Media superiore;13;4;4;Prevalentemente pianeggiante;Flat;Sì;No;Sì;Sì;Sì;Sì;Sì;Sì;Sì;yes;Rome
Lavoro;Numero di volte;2;5;Moto/scooter; ; ; ; ;no;yes;Private;1;4;4;4;0;0;0;0;5;5;5;2;0;0;0;3;4;4;4;2;1;1;1;5;5;5;5;5;0;5;5;1;2;2;2;2;2;5;5;5;5;5;5;2;2;2;Roma;Roma;yes;1;1;1;0;0;0;4;4;4;3;3;3;3;5;5;4;4; ; ; ; ; ; ; ; ; ; ; ; ; ; ; ; ; ;3;1;3;1;3;1;1;0;1;0;Donna;Female;1996;28; ;Sì;yes; ;Roma;Laurea magistrale o successivo;18;4;1;Prevalentemente pianeggiante;Flat;Sì;Sì;No;No;No;Sì;Sì;Sì;Sì;yes;Rome
Sono uno studente e lavoro;Numero di volte;2;4;Bus/Tram;Metro; ; ; ;yes;yes;Public;0;0;0;3;0;0;0;0;5;5;5;3;0;0;0;3;3;3;3;3;2;2;2;3;3;3;5;5;5;5;5;5;5;5;5;5;5;5;5;5;5;5;5;5;4;4;Roma;Roma;yes;4;3;3;100;10;0;5;5;4;4;4;4;4;4;4;4;4; ; ; ; ; ; ; ; ; ; ; ; ; ; ; ; ; ;2;0;3;1;4;1;3;1;3;1;Donna;Female;1992;32; ;Sì;yes; ;Marsala;Media superiore;13;4;5;Prevalentemente pianeggiante;Flat;Sì;No;Sì;Sì;No;Sì;No;Sì;Sì;yes;Rome
Lavoro;Numero di volte;2;1;Bus/Tram;Metro; ; ; ;yes;yes;Public;2;2;2;2;2;2;2;2;5;5;5;5;3;3;3;3;5;5;5;5;5;5;5;5;5;5;5;5;5;5;5;5;5;5;5;5;5;5;5;5;4;5;5;5;5;5;Roma;Roma;yes;4;4;4;80;80;80;4;4;4;4;4;4;4;4;4;4;4; ; ; ; ; ; ; ; ; ; ; ; ; ; ; ; ; ;4;1;3;1;3;1;2;0;3;1;Donna;Female;1998;26; ;No;no;Romania;Romania;Laurea (triennale) di primo livello;16;3;2;Prevalentemente pianeggiante;Flat;Sì;Sì;No;No;No;Sì;Sì;Sì;Sì;yes;Rome
Lavoro;Numero di volte;2;7;Auto; ; ; ; ;no;no;Private;3;3;3;1;0;0;0;0;4;4;4;4;0;0;0;2;2;2;2;0;5;5;5;5;5;5;5;5;5;5;5;5;5;5;5;5;5;5;5;5;5;5;5;5;5;5;Roma;Roma;yes;3;3;3;0;0;0;4;4;4;4;4;4;4;4;4;4;4; ; ; ; ; ; ; ; ; ; ; ; ; ; ; ; ; ;2;0;2;0;1;0;3;1;1;0;Uomo;Male;1989;35; ;Sì;yes; ;Roma;Media superiore;13;2;2;Caratterizzata da piccole salite;Easy climbs;Sì;Sì;No;No;No;Sì;Sì;No;Sì;yes;Rome
Non lavoro e non studio; N/A;1; ; ; ; ; ; ;no;no;N/A;0;0;0;3;0;0;0;0;3;3;3;3;3;0;0;0;0;2;2;2;4;4;4;4;4;4;4;3;3;5;4;4;3;3;4;4;3;5;4;4;4;4;3;5;4;4; ; ;yes;4;2;0;100;70;0;3;4;5;4;4;3;5;5;4;5;4;4;2;0;100;70;0;3;4;5;4;4;3;5;5;4;5;4;4;1;3;1;3;1;3;1;4;1;Donna;Female;1989;35;Tivoli;No;no;Romania;Romania;Media superiore;13;3;4;Caratterizzata da piccole salite;Easy climbs;Sì;No;Sì;No;No;Sì;No;Sì;Sì;;
Lavoro;Numero di volte;2;7;Auto; ; ; ; ;no;no;Private;0;0;0;3;0;0;0;0;4;4;4;4;0;3;3;3;4;4;4;4;0;0;0;0;0;0;5;5;5;5;5;5;5;5;5;5;5;5;5;5;5;5;5;0;0;0;Roma;Roma;yes;0;0;0;0;0;0;2;2;2;2;2;2;2;2;2;2;2; ; ; ; ; ; ; ; ; ; ; ; ; ; ; ; ; ;2;0;3;1;4;1;1;0;1;0;Uomo;Male;1991;33; ;Sì;yes; ;Roma;Media superiore;13;5;2;Caratterizzata da piccole salite;Easy climbs;Sì;No;No;No;No;Sì;Sì;Sì;Sì;yes;Rome
Lavoro;Numero di volte;2;5;Auto; ; ; ; ;no;no;Private;3;3;3;3;0;0;0;3;5;5;5;4;2;2;2;3;4;4;4;3;0;0;0;4;4;4;5;5;5;5;5;5;5;5;5;4;3;5;5;5;5;3;4;1;3;3;Roma;Roma;yes;2;2;2;0;0;0;5;5;5;5;5;5;5;5;5;5;5; ; ; ; ; ; ; ; ; ; ; ; ; ; ; ; ; ;3;1;3;1;4;1;3;1;1;0;Donna;Female;1989;35; ;Sì;yes; ;Roma;Media superiore;13;4;2;Caratterizzata da piccole salite;Easy climbs;Sì;No;No;No;No;Sì;No;No;Sì;yes;Rome
Lavoro;Numero di volte;2;6;Auto; ; ; ; ;no;no;Private;0;0;0;0;0;0;0;0;3;3;3;3;0;0;0;1;4;4;4;2;0;0;0;4;4;4;5;5;5;5;5;5;4;4;4;4;4;5;5;5;5;5;5;0;0;0;Roma;Roma;yes;0;0;0;0;0;0;1;1;1;1;1;1;1;1;1;1;1; ; ; ; ; ; ; ; ; ; ; ; ; ; ; ; ; ;2;0;4;1;2;0;2;0;3;1;Donna;Female;1997;27; ;Sì;yes; ;Roma;Media superiore;13;4;3;Prevalentemente pianeggiante;Flat;Sì;No;No;No;No;Sì;No;No;Sì;yes;Rome
Lavoro;Numero di volte;2;6;Moto/scooter; ; ; ; ;no;yes;Private;3;2;2;0;0;0;0;0;5;5;5;2;2;2;2;4;5;5;5;1;4;4;4;2;2;2;4;4;3;4;3;3;5;3;3;2;2;5;5;3;2;2;3;3;2;2;Roma;Roma;yes;2;3;3;0;20;20;3;4;4;1;0;0;3;4;4;4;3; ; ; ; ; ; ; ; ; ; ; ; ; ; ; ; ; ;3;1;3;1;4;1;3;1;3;1;Uomo;Male;1996;28; ;Sì;yes; ;Roma;Media superiore;13;3;3;Caratterizzata da piccole salite;Easy climbs;Sì;Sì;Sì;No;No;No;Sì;Sì;Sì;yes;Rome
Lavoro;Numero di volte;2;3;Vado a piedi; ; ; ; ;yes;yes;VRU;0;0;0;4;0;0;0;3;4;4;4;4;1;1;1;4;0;0;0;5;5;5;5;5;5;5;5;5;5;5;5;5;3;4;3;4;4;3;4;3;4;4;5;3;4;4;Roma;Roma;yes;4;3;3;0;0;0;5;5;3;5;3;3;5;3;3;3;3; ; ; ; ; ; ; ; ; ; ; ; ; ; ; ; ; ;4;1;4;1;4;1;1;0;2;0;Donna;Female;1991;33; ;Sì;yes; ;Roma;Laurea (triennale) di primo livello;16;4;4;Prevalentemente pianeggiante;Flat;Sì;Sì;No;No;No;Sì;No;No;Sì;yes;Rome
Lavoro;Numero di volte;2;5;Auto;Bus/Tram; ; ; ;yes;yes;Public;0;0;0;3;0;0;0;0;3;3;3;3;0;3;3;5;4;3;3;5;5;4;4;5;5;5;5;5;5;5;5;5;5;5;5;5;5;5;5;5;5;5;5;5;3;3;Anzio;Anzio;yes;5;5;5;100;50;50;5;5;5;5;4;3;5;3;3;3;3; ; ; ; ; ; ; ; ; ; ; ; ; ; ; ; ; ;2;0;4;1;3;1;2;0;4;1;Uomo;Male;1993;31; ;Sì;yes; ;Roma;Laurea magistrale o successivo;18;4;3;Caratterizzata da piccole salite;Easy climbs;Sì;No;No;No;No;Sì;Sì;No;Sì;yes;Not Rome
Lavoro;Numero di volte;2;5;Bus/Tram; ; ; ; ;yes;yes;Public;2;2;4;3;0;0;0;1;5;5;5;3;0;0;0;4;2;2;2;4;4;4;4;5;5;5;4;4;4;5;5;5;4;4;5;5;2;4;5;5;2;2;2;4;4;4;Roma;Roma;yes;4;4;4;80;20;0;4;4;4;4;4;4;5;5;5;5;5; ; ; ; ; ; ; ; ; ; ; ; ; ; ; ; ; ;3;1;3;1;3;1;4;1;4;1;Uomo;Male;1989;35; ;Sì;yes; ;Velletri;Laurea (triennale) di primo livello;16;4;3;Caratterizzata da piccole salite;Easy climbs;Sì;Sì;Sì;No;No;Sì;Sì;Sì;Sì;yes;Rome
Lavoro;Numero di volte;2;3;Auto; ; ; ; ;no;no;Private;0;0;0;0;0;0;0;0;3;3;3;3;2;2;2;2;2;2;2;2;3;3;3;3;3;3;5;5;5;5;5;5;5;5;5;5;3;5;5;5;0;3;3;2;2;2;Roma;Roma;yes;0;0;0;0;0;0;0;0;0;0;0;0;0;0;0;0;0; ; ; ; ; ; ; ; ; ; ; ; ; ; ; ; ; ;3;1;4;1;2;0;4;1;2;0;Donna;Female;1993;31; ;Sì;yes; ;Roma;Laurea magistrale o successivo;18;4;3;Caratterizzata da forti pendenze;Steep slopes;Sì;No;Sì;No;No;Sì;Sì;Sì;Sì;yes;Rome
Lavoro;Numero di volte;2;5;Auto; ; ; ; ;no;no;Private;5;5;5;5;0;0;0;0;5;5;5;5;3;3;3;5;4;4;4;2;3;3;3;4;4;4;5;5;5;5;5;5;5;5;5;5;3;5;5;5;5;3;3;3;3;3;Roma;Roma;yes;0;0;0;0;0;0;1;4;4;5;5;5;0;5;5;5;5; ; ; ; ; ; ; ; ; ; ; ; ; ; ; ; ; ;4;1;1;0;4;1;3;1;1;0;Donna;Female;1999;25; ;Sì;yes; ;Roma;Media superiore;13;4;0;Caratterizzata da forti pendenze;Steep slopes;Sì;No;Sì;No;Sì;Sì;Sì;No;Sì;yes;Rome
Non lavoro e non studio; N/A;1; ; ; ; ; ; ;no;no;N/A;0;0;0;1;0;0;0;1;2;2;2;2;0;0;1;2;2;1;1;2;1;0;0;4;4;4;4;4;3;5;5;3;2;2;1;3;3;4;4;3;3;4;4;4;2;2; ; ;yes;4;1;1;100;0;0;5;0;0;5;0;0;5;0;0;0;0;4;1;1;100;0;0;5;0;0;5;0;0;5;0;0;0;0;4;1;4;1;4;1;1;0;3;1;Donna;Female;1988;36;Anzio;Sì;yes; ;Anzio;Laurea (triennale) di primo livello;16;4;3;Caratterizzata da piccole salite;Easy climbs;No;No;Sì;No;No;Sì;No;No;No;;
Lavoro;Numero di volte;2;5;Auto; ; ; ; ;no;no;Private;3;3;3;3;3;3;3;3;5;5;5;5;5;5;5;5;2;2;2;2;0;0;0;0;0;0;5;5;5;5;5;5;5;5;5;5;5;5;5;5;5;5;5;0;0;0;Roma;Roma;yes;0;0;0;0;0;0;0;0;0;0;0;0;0;0;0;0;0; ; ; ; ; ; ; ; ; ; ; ; ; ; ; ; ; ;3;1;3;1;3;1;3;1;4;1;Donna;Female;1994;30; ;Sì;yes; ;Roma;Laurea (triennale) di primo livello;16;3;4;Prevalentemente pianeggiante;Flat;Sì;No;No;No;No;Sì;Sì;No;Sì;yes;Rome
Lavoro;Numero di volte;2;4;Auto; ; ; ; ;no;no;Private;3;2;2;3;3;3;3;3;2;2;2;4;0;0;0;5;4;4;4;1;2;2;2;5;5;5;5;5;5;5;5;5;5;5;5;4;3;5;5;4;5;3;3;3;3;3;Roma;Ardea;no;0;0;0;0;0;0;0;0;0;0;0;0;0;0;0;0;0; ; ; ; ; ; ; ; ; ; ; ; ; ; ; ; ; ;3;1;4;1;2;0;3;1;3;1;Donna;Female;1991;33; ;Sì;yes; ;Roma;Laurea magistrale o successivo;18;3;0;Prevalentemente pianeggiante;Flat;Sì;No;Sì;No;No;Sì;No;No;Sì;no;Not Rome
Non lavoro e non studio; N/A;1; ; ; ; ; ; ;no;no;N/A;0;2;2;5;0;0;0;0;5;5;5;5;0;1;1;5;5;3;3;3;2;3;4;5;5;5;5;5;3;5;3;3;3;2;5;5;3;3;5;5;4;3;3;4;5;5; ; ;yes;5;5;5;90;10;0;5;3;3;3;3;3;4;4;3;4;3;5;5;5;90;10;0;5;3;3;3;3;3;4;4;3;4;3;4;1;4;1;4;1;2;0;4;1;Donna;Female;1999;25;Roma;Sì;yes; ;Padova;Laurea magistrale o successivo;18;4;5;Prevalentemente pianeggiante;Flat;Sì;No;No;No;No;Sì;No;Sì;Sì;;
Lavoro;Numero di volte;2;5;Auto; ; ; ; ;no;no;Private;5;5;5;5;4;4;4;4;4;4;4;4;3;3;3;3;3;3;3;3;4;4;4;4;4;4;5;5;5;5;5;5;5;5;5;5;5;5;5;5;5;4;4;2;2;2;Roma;Roma;yes;1;1;1;0;0;0;1;1;1;1;1;1;1;1;1;1;1; ; ; ; ; ; ; ; ; ; ; ; ; ; ; ; ; ;2;0;3;1;3;1;2;0;3;1;Uomo;Male;1991;33; ;Sì;yes; ;Roma;Laurea magistrale o successivo;18;3;2;Prevalentemente pianeggiante;Flat;Sì;No;No;No;No;Sì;No;No;Sì;yes;Rome
Lavoro;Numero di volte;2;3;Bus/Tram;Metro; ; ; ;yes;yes;Public;0;5;5;3;0;0;0;0;5;5;5;3;0;1;0;5;5;5;5;2;0;0;0;5;5;5;4;4;4;5;5;5;5;5;5;5;5;5;5;5;5;5;5;3;3;3;Roma;Roma;yes;4;4;4;100;0;0;4;4;4;4;4;4;3;4;4;4;4; ; ; ; ; ; ; ; ; ; ; ; ; ; ; ; ; ;4;1;4;1;4;1;4;1;4;1;Donna;Female;1993;31; ;Sì;yes; ;Lecce;Laurea magistrale o successivo;18;4;3;Caratterizzata da piccole salite;Easy climbs;Sì;No;Sì;No;No;Sì;Sì;Sì;Sì;yes;Rome
Lavoro;Numero di volte;2;5;Auto;Moto/scooter; ; ; ;no;yes;Private;0;3;3;0;0;0;0;0;0;3;3;3;0;0;0;4;5;4;4;0;0;2;2;5;5;5;5;5;5;5;5;5;0;0;3;5;3;0;3;5;4;3;2;5;5;5;Roma;Roma;yes;5;5;5;85;50;50;5;5;5;5;5;5;5;5;5;5;5; ; ; ; ; ; ; ; ; ; ; ; ; ; ; ; ; ;1;0;4;1;4;1;1;0;3;1;Uomo;Male;1989;35; ;Sì;yes; ;Roma;Laurea magistrale o successivo;18;4;1;Prevalentemente pianeggiante;Flat;Sì;Sì;No;No;No;Sì;Sì;Sì;Sì;yes;Rome
Lavoro;Numero di volte;2;5;Auto; ; ; ; ;no;no;Private;0;0;0;0;0;0;0;0;1;1;1;1;1;1;1;1;3;3;3;3;3;3;3;3;3;3;4;4;4;4;4;4;5;5;4;4;4;5;4;4;3;4;4;3;3;3;Roma;Roma;yes;2;2;2;15;15;15;2;2;2;2;2;2;2;2;2;2;2; ; ; ; ; ; ; ; ; ; ; ; ; ; ; ; ; ;3;1;4;1;2;0;4;1;3;1;Uomo;Male;1990;34; ;Sì;yes; ;Marino;Media superiore;13;3;3;Prevalentemente pianeggiante;Flat;Sì;No;No;No;No;Sì;Sì;Sì;Sì;yes;Rome
Sono uno studente e lavoro;Numero di volte;2;5;Metro; ; ; ; ;yes;yes;Public;2;5;5;0;0;0;3;0;0;4;5;2;0;0;0;2;5;5;5;5;0;0;0;5;5;5;4;3;0;5;4;4;4;5;5;5;5;5;5;5;5;5;5;5;2;2;Roma;Roma;yes;5;2;2;0;0;0;0;0;0;3;3;3;5;2;2;0;0; ; ; ; ; ; ; ; ; ; ; ; ; ; ; ; ; ;2;0;2;0;1;0;2;0;4;1;Donna;Female;2000;24; ;Sì;yes; ;Roma;Media superiore;13;2;1;Prevalentemente pianeggiante;Flat;Sì;No;No;No;No;Sì;Sì;Sì;Sì;yes;Rome
Lavoro;Numero di volte;2;3;Auto; ; ; ; ;no;no;Private;3;3;3;3;1;1;1;1;1;2;2;2;1;3;3;3;2;2;2;2;2;2;2;3;3;3;3;3;3;3;3;3;4;3;3;3;4;4;4;4;4;4;4;5;0;0;Roma;Roma;yes;0;0;0;0;0;0;1;1;1;1;1;1;1;1;1;1;1; ; ; ; ; ; ; ; ; ; ; ; ; ; ; ; ; ;4;1;1;0;4;1;1;0;1;0;Uomo;Male;1992;32; ;Sì;yes; ;Roma;Laurea (triennale) di primo livello;16;3;2;Prevalentemente pianeggiante;Flat;Sì;No;No;No;No;Sì;Sì;Sì;Sì;yes;Rome
Lavoro;Numero di volte;2;7;Auto; ; ; ; ;no;no;Private;5;5;5;3;0;0;0;0;5;5;5;5;4;4;4;5;5;5;5;5;0;0;0;5;5;5;3;0;0;5;5;3;5;5;5;5;5;5;5;5;5;5;5;5;5;5;Roma;Roma;yes;5;5;5;0;0;0;3;3;3;0;0;0;0;3;3;3;3; ; ; ; ; ; ; ; ; ; ; ; ; ; ; ; ; ;1;0;4;1;1;0;3;1;1;0;Donna;Female;1991;33; ;Sì;yes; ;Roma;Laurea magistrale o successivo;18;2;0;Caratterizzata da forti pendenze;Steep slopes;Sì;No;No;No;No;Sì;Sì;Sì;Sì;yes;Rome
Lavoro;Numero di volte;2;3;Auto; ; ; ; ;no;no;Private;5;5;5;4;5;5;5;0;5;5;5;0;0;0;0;0;5;5;5;4;0;0;0;0;0;0;4;4;4;5;2;1;5;5;5;5;5;5;5;5;5;5;5;0;0;0;Roma;Roma;yes;0;0;0;0;0;0;3;3;0;3;3;0;4;4;0;4;0; ; ; ; ; ; ; ; ; ; ; ; ; ; ; ; ; ;2;0;4;1;2;0;3;1;3;1;Donna;Female;1989;35; ;Sì;yes; ;Cassino;Laurea magistrale o successivo;18;4;4;Prevalentemente pianeggiante;Flat;Sì;No;Sì;No;No;Sì;No;Sì;Sì;yes;Rome
Non lavoro e non studio; N/A;1; ; ; ; ; ; ;no;no;N/A;0;0;0;0;0;0;0;0;0;3;3;3;0;0;0;3;0;0;0;0;4;4;4;4;4;4;4;4;4;4;4;4;5;4;5;5;4;5;5;5;5;4;5;2;0;0; ; ;yes;2;0;0;0;0;0;2;0;0;3;0;0;3;2;2;2;2;2;0;0;0;0;0;2;0;0;3;0;0;3;2;2;2;2;2;0;3;1;3;1;1;0;2;0;Donna;Female;1999;25;Roma;Sì;yes; ;Roma;Media superiore;13;3;2;Caratterizzata da piccole salite;Easy climbs;Sì;No;Sì;No;No;Sì;Sì;No;Sì;;
Non lavoro e non studio; N/A;1; ; ; ; ; ; ;no;no;N/A;5;5;5;0;0;0;0;0;5;5;5;5;0;0;0;3;0;0;0;0;0;0;0;5;5;5;5;5;5;5;5;5;5;5;5;5;5;2;2;2;2;2;2;2;2;2; ; ;yes;5;5;5;1;1;1;5;5;5;5;5;5;5;5;5;5;5;5;5;5;1;1;1;5;5;5;5;5;5;5;5;5;5;5;4;1;4;1;1;0;4;1;4;1;Donna;Female;1992;32;Roma;Sì;yes;Albania;Albania;Media superiore;13;5;4;Prevalentemente pianeggiante;Flat;Sì;Sì;Sì;No;No;Sì;Sì;No;Sì;;
Lavoro;Numero di volte;2;6;Vado a piedi; ; ; ; ;yes;yes;VRU;0;0;0;0;0;0;0;0;1;1;1;1;4;4;4;4;4;4;4;4;5;5;5;5;5;5;5;5;5;5;5;5;0;0;5;5;0;0;5;5;0;0;0;5;5;5;Roma;Roma;yes;5;5;5;100;100;100;5;5;5;5;5;5;5;5;5;5;5; ; ; ; ; ; ; ; ; ; ; ; ; ; ; ; ; ;4;1;4;1;4;1;3;1;4;1;Donna;Female;1994;30; ;No;no;Albania;Albania;Media superiore;13;3;4;Prevalentemente pianeggiante;Flat;No;No;No;No;No;Sì;Sì;No;No;yes;Rome
Lavoro;Numero di volte;2;6;Moto/scooter; ; ; ; ;no;yes;Private;0;0;0;0;0;0;0;0;5;5;5;5;3;3;3;3;0;0;0;0;5;5;5;5;5;5;5;5;5;5;5;5;5;5;5;5;5;5;5;5;5;5;5;3;3;3;Roma;Roma;yes;5;5;5;0;0;0;0;0;0;0;0;0;0;0;0;0;0; ; ; ; ; ; ; ; ; ; ; ; ; ; ; ; ; ;2;0;3;1;4;1;2;0;3;1;Uomo;Male;1992;32; ;Sì;yes; ;Roma;Laurea (triennale) di primo livello;16;4;2;Caratterizzata da forti pendenze;Steep slopes;No;Sì;No;No;No;Sì;No;Sì;Sì;yes;Rome
Lavoro;Numero di volte;2;6;Auto;eBike (Bici Elettrica); ; ; ;yes;yes;VRU;5;4;4;3;0;0;0;0;4;4;4;2;0;2;0;4;4;2;2;1;0;4;4;5;5;5;5;5;5;5;5;5;4;4;4;4;4;4;4;4;4;4;4;0;0;3;Roma;Roma;yes;0;0;3;0;0;70;5;5;5;0;0;0;0;4;4;4;4; ; ; ; ; ; ; ; ; ; ; ; ; ; ; ; ; ;3;1;4;1;4;1;4;1;1;0;Donna;Female;1989;35; ;Sì;yes; ;Frosinone;Media superiore;13;3;2;Prevalentemente pianeggiante;Flat;Sì;No;Sì;Sì;No;Sì;Sì;Sì;Sì;yes;Rome
Non lavoro e non studio; N/A;1; ; ; ; ; ; ;no;no;N/A;0;0;0;3;0;0;0;0;3;3;5;4;0;0;0;5;0;0;0;3;2;2;2;3;3;3;5;5;5;5;5;5;5;5;5;5;5;5;5;5;5;5;5;3;3;3; ; ;yes;4;1;1;50;0;0;4;0;0;0;0;0;4;0;0;0;0;4;1;1;50;0;0;4;0;0;0;0;0;4;0;0;0;0;4;1;3;1;4;1;3;1;3;1;Donna;Female;1989;35;Roma;Sì;yes; ;Sicilia;Media superiore;13;4;4;Caratterizzata da piccole salite;Easy climbs;Sì;No;Sì;Sì;No;Sì;No;Sì;Sì;;
Sono uno studente e lavoro;Numero di volte;2;3;Auto; ; ; ; ;no;no;Private;0;0;0;0;0;0;0;0;4;2;2;0;0;2;2;4;1;1;1;1;0;0;0;5;5;5;4;4;4;5;5;5;5;4;4;5;5;5;4;5;4;4;4;2;3;4;Roma;Roma;yes;0;2;0;0;0;0;4;4;4;3;3;3;4;3;3;3;3; ; ; ; ; ; ; ; ; ; ; ; ; ; ; ; ; ;4;1;4;1;1;0;2;0;3;1;Donna;Female;1990;34; ;Sì;yes; ;Frascati ;Media superiore;13;4;5;Caratterizzata da piccole salite;Easy climbs;Sì;No;Sì;Sì;No;Sì;No;No;Sì;yes;Rome
Lavoro;Numero di volte;2;5;Auto;Bus/Tram; ; ; ;yes;yes;Public;0;0;0;0;4;4;4;0;0;4;4;3;0;0;0;5;0;0;0;4;5;5;5;5;5;5;5;5;5;5;5;5;5;5;5;5;5;5;5;5;5;5;5;5;5;5;Roma;Roma;yes;5;5;5;50;20;20;5;5;5;5;5;5;4;5;5;5;5; ; ; ; ; ; ; ; ; ; ; ; ; ; ; ; ; ;4;1;4;1;4;1;4;1;4;1;Donna;Female;1989;35; ;Sì;yes; ;Roma;Laurea magistrale o successivo;18;5;5;Prevalentemente pianeggiante;Flat;Sì;No;Sì;Sì;Sì;Sì;Sì;Sì;Sì;yes;Rome
Lavoro;Numero di volte;2;3;Auto; ; ; ; ;no;no;Private;0;0;0;0;0;0;0;0;2;2;2;2;0;0;0;0;3;3;3;3;0;0;0;4;4;4;4;4;4;4;4;4;4;4;2;3;3;4;3;4;4;4;4;3;3;3;Roma;Roma;yes;4;4;4;0;0;0;0;0;0;0;0;0;0;0;0;0;0; ; ; ; ; ; ; ; ; ; ; ; ; ; ; ; ; ;4;1;3;1;2;0;3;1;1;0;Uomo;Male;1990;34; ;Sì;yes; ;Roma;Laurea (triennale) di primo livello;16;4;2;Caratterizzata da piccole salite;Easy climbs;Sì;No;Sì;No;No;Sì;Sì;No;Sì;yes;Rome
Non lavoro e non studio; N/A;1; ; ; ; ; ; ;no;no;N/A;3;2;0;4;0;3;0;0;0;0;3;2;0;0;3;4;2;1;3;0;4;4;3;4;3;3;4;3;3;4;3;2;2;2;4;3;4;3;3;4;4;4;4;4;2;3; ; ;yes;4;3;3;70;50;20;4;3;2;4;3;2;3;3;2;3;2;4;3;3;70;50;20;4;3;2;4;3;2;3;3;2;3;2;3;1;2;0;4;1;1;0;2;0;Donna;Female;1996;28;Colleferro;Sì;yes; ;Colleferro;Media superiore;13;3;3;Caratterizzata da piccole salite;Easy climbs;Sì;No;No;No;No;No;No;No;Sì;;
Lavoro;Numero di volte;2;3;Auto; ; ; ; ;no;no;Private;0;0;2;2;0;0;0;0;5;5;5;3;0;0;1;5;3;3;3;2;2;2;2;5;5;5;4;4;4;4;4;4;5;5;5;5;4;5;5;5;5;4;4;4;2;2;Roma;Roma;yes;0;0;0;0;0;0;0;0;0;0;0;0;0;0;0;0;0; ; ; ; ; ; ; ; ; ; ; ; ; ; ; ; ; ;2;0;1;0;4;1;3;1;2;0;Uomo;Male;1994;30; ;Sì;yes; ;Roma;Laurea magistrale o successivo;18;3;2;Prevalentemente pianeggiante;Flat;Sì;No;Sì;No;No;Sì;No;Sì;Sì;yes;Rome
Lavoro;Numero di volte;2;1;Auto; ; ; ; ;no;no;Private;2;2;2;2;0;0;0;0;0;0;0;0;0;0;0;4;0;0;0;0;0;0;0;5;3;3;5;5;5;5;5;5;5;3;5;3;2;5;5;3;3;2;3;0;0;0;Roma;Roma;yes;0;0;0;0;0;0;0;0;0;0;0;0;0;0;0;0;0; ; ; ; ; ; ; ; ; ; ; ; ; ; ; ; ; ;3;1;3;1;2;0;2;0;1;0;Donna;Female;1989;35; ;Sì;yes; ;Roma;Laurea (triennale) di primo livello;16;4;0;Caratterizzata da forti pendenze;Steep slopes;Sì;No;No;No;No;Sì;No;No;Sì;yes;Rome
Lavoro;Numero di volte;2;4;Bus/Tram;Metro;Treno; ; ;yes;yes;Public;3;3;3;3;0;2;2;2;0;0;0;0;3;3;3;3;5;5;5;5;0;0;0;5;5;5;5;5;5;5;5;5;5;5;5;5;5;5;5;5;5;5;5;5;3;3;Roma;Roma;yes;0;0;0;0;0;0;0;0;0;0;0;0;0;0;0;0;0; ; ; ; ; ; ; ; ; ; ; ; ; ; ; ; ; ;4;1;3;1;4;1;1;0;3;1;Donna;Female;1992;32; ;Sì;yes; ;Bracciano;Media superiore;13;5;5;Prevalentemente pianeggiante;Flat;Sì;No;No;No;No;Sì;No;Sì;Sì;yes;Rome
Non lavoro e non studio; N/A;1; ; ; ; ; ; ;no;no;N/A;0;0;2;0;0;0;0;0;0;2;2;1;0;0;2;3;2;2;2;1;2;2;2;3;3;3;5;5;5;5;5;5;5;5;5;4;3;5;5;4;5;4;4;3;1;1; ; ;yes;3;0;0;0;0;0;4;1;1;4;1;1;4;1;1;1;1;3;0;0;0;0;0;4;1;1;4;1;1;4;1;1;1;1;4;1;3;1;4;1;2;0;3;1;Uomo;Male;1991;33;Roma;Sì;yes; ;Roma;Media superiore;13;3;3;Caratterizzata da piccole salite;Easy climbs;Sì;No;Sì;No;No;Sì;No;No;Sì;;
Lavoro;Numero di volte;2;5;Auto; ; ; ; ;no;no;Private;3;2;2;0;0;0;0;0;0;3;3;2;0;0;0;5;4;3;3;0;0;0;0;5;5;5;5;5;5;5;5;5;5;5;5;5;5;5;5;5;5;5;5;2;2;2;Roma;Roma;yes;0;0;0;0;0;0;0;0;0;0;0;0;0;0;0;0;0; ; ; ; ; ; ; ; ; ; ; ; ; ; ; ; ; ;1;0;3;1;2;0;3;1;2;0;Uomo;Male;1989;35; ;Sì;yes; ;Roma;Media superiore;13;4;2;Caratterizzata da forti pendenze;Steep slopes;Sì;No;Sì;No;No;Sì;No;No;Sì;yes;Rome
Lavoro;Numero di volte;2;5;Auto; ; ; ; ;no;no;Private;0;0;0;3;0;0;0;0;3;5;5;5;0;0;3;4;2;2;2;3;4;4;4;4;4;4;5;5;5;5;5;5;5;5;5;5;5;5;5;5;3;5;5;0;4;4;Pomezia;Pomezia;yes;0;0;0;0;0;0;0;0;0;0;0;0;0;0;0;0;0; ; ; ; ; ; ; ; ; ; ; ; ; ; ; ; ; ;2;0;3;1;4;1;2;0;2;0;Donna;Female;1992;32; ;Sì;yes; ;Isernia;Laurea (triennale) di primo livello;16;3;3;Caratterizzata da piccole salite;Easy climbs;Sì;No;No;No;No;Sì;Sì;Sì;Sì;yes;Not Rome
Lavoro;Numero di volte;2;2;Auto; ; ; ; ;no;no;Private;1;0;0;0;0;0;0;0;0;0;0;0;2;2;2;2;2;2;2;2;1;1;1;3;3;3;4;4;4;4;4;4;1;2;2;3;3;1;2;3;4;3;4;3;2;2;Roma;Roma;yes;2;2;2;10;10;10;3;3;3;4;3;3;4;3;3;4;4; ; ; ; ; ; ; ; ; ; ; ; ; ; ; ; ; ;2;0;3;1;2;0;3;1;1;0;Uomo;Male;1994;30; ;Sì;yes; ;Roma;Laurea magistrale o successivo;18;4;5;Prevalentemente pianeggiante;Flat;Sì;No;No;No;No;Sì;Sì;Sì;Sì;yes;Rome
Lavoro;Numero di volte;2;4;Auto; ; ; ; ;no;no;Private;0;1;1;4;0;0;0;0;5;5;5;4;0;3;3;4;5;4;5;0;0;2;2;4;4;4;3;5;5;4;5;5;3;2;3;2;3;2;3;3;3;4;2;1;0;0;Roma;Roma;yes;0;0;0;0;0;0;0;1;1;0;1;1;0;1;1;1;1; ; ; ; ; ; ; ; ; ; ; ; ; ; ; ; ; ;1;0;3;1;2;0;2;0;1;0;Uomo;Male;1999;25; ;Sì;yes; ;Roma;Laurea (triennale) di primo livello;16;4;3;Prevalentemente pianeggiante;Flat;Sì;No;Sì;No;No;Sì;Sì;No;Sì;yes;Rome
Lavoro;Numero di volte;2;7;Auto; ; ; ; ;no;no;Private;0;0;0;0;0;0;0;0;4;4;4;4;0;0;3;3;2;2;5;5;1;3;3;5;5;5;2;2;2;5;5;5;4;4;4;4;4;4;3;4;3;4;4;3;0;0;Roma;Roma;yes;4;4;4;0;0;0;5;5;5;5;4;4;5;5;4;5;4; ; ; ; ; ; ; ; ; ; ; ; ; ; ; ; ; ;1;0;3;1;2;0;1;0;1;0;Donna;Female;1999;25; ;Sì;yes; ;Roma;Media superiore;13;4;3;Caratterizzata da piccole salite;Easy climbs;Sì;No;Sì;Sì;Sì;Sì;No;No;Sì;yes;Rome
Lavoro;Numero di volte;2;5;Auto; ; ; ; ;no;no;Private;3;3;3;3;0;0;0;0;3;3;3;3;0;0;0;1;5;5;5;5;0;0;0;5;5;5;5;5;5;5;5;5;4;4;4;4;4;4;4;4;4;4;4;0;0;0;Roma;Roma;yes;3;3;3;0;0;0;3;3;3;3;3;3;2;2;2;2;2; ; ; ; ; ; ; ; ; ; ; ; ; ; ; ; ; ;1;0;4;1;1;0;2;0;2;0;Donna;Female;1988;36; ;Sì;yes; ;Roma;Media superiore;13;4;2;Caratterizzata da forti pendenze;Steep slopes;Sì;No;Sì;No;No;Sì;No;Sì;Sì;yes;Rome
Lavoro;Numero di volte;2;5;Auto; ; ; ; ;no;no;Private;5;5;5;5;0;0;0;0;5;5;5;5;0;0;0;5;0;0;0;0;5;5;5;5;5;5;5;5;5;5;5;5;5;5;5;5;5;5;5;5;5;5;5;0;0;0;Roma;Roma;yes;5;5;5;0;0;0;5;5;5;0;0;0;0;3;3;0;0; ; ; ; ; ; ; ; ; ; ; ; ; ; ; ; ; ;2;0;4;1;1;0;2;0;2;0;Donna;Female;1989;35; ;Sì;yes; ;Roma;Laurea (triennale) di primo livello;16;4;3;Prevalentemente pianeggiante;Flat;Sì;No;Sì;No;Sì;Sì;Sì;No;Sì;yes;Rome
Lavoro;Numero di volte;2;7;Auto; ; ; ; ;no;no;Private;0;0;0;4;0;0;0;0;5;5;5;5;0;0;0;3;1;1;1;2;1;1;1;1;1;1;3;3;3;3;3;3;2;2;2;3;1;2;2;2;3;1;0;2;5;5;Roma;Roma;yes;0;0;0;0;0;0;0;0;0;0;0;0;0;0;0;0;0; ; ; ; ; ; ; ; ; ; ; ; ; ; ; ; ; ;1;0;1;0;4;1;1;0;1;0;Uomo;Male;1994;30; ;Sì;yes; ;Roma;Media superiore;13;3;3;Prevalentemente pianeggiante;Flat;Sì;No;No;No;No;No;No;No;Sì;yes;Rome
Lavoro;Numero di volte;2;5;Auto; ; ; ; ;no;no;Private;0;0;0;2;0;0;0;0;3;3;3;2;0;1;1;3;2;2;2;1;3;3;3;5;5;5;5;5;5;5;5;5;5;5;5;3;3;5;5;5;3;3;3;0;2;2;Fiumicino;Fiumicino;yes;5;2;2;100;100;100;5;5;5;5;5;5;5;5;5;5;5; ; ; ; ; ; ; ; ; ; ; ; ; ; ; ; ; ;4;1;3;1;4;1;4;1;4;1;Uomo;Male;1989;35; ;Sì;yes; ;Moncalieri;Laurea magistrale o successivo;18;2;1;Prevalentemente pianeggiante;Flat;Sì;No;Sì;Sì;No;Sì;No;Sì;Sì;yes;Not Rome
Lavoro;Numero di volte;2;5;Auto;Metro; ; ; ;yes;yes;Public;3;3;3;3;0;0;0;0;4;4;4;4;0;0;0;3;4;4;4;4;0;0;0;5;5;5;4;4;4;4;4;4;5;5;5;5;5;5;5;5;5;5;5;4;4;4;Roma;Roma;yes;4;4;4;100;100;100;0;0;0;0;0;0;0;0;0;0;0; ; ; ; ; ; ; ; ; ; ; ; ; ; ; ; ; ;2;0;3;1;2;0;1;0;3;1;Donna;Female;1993;31; ;Sì;yes; ;Roma;Laurea (triennale) di primo livello;16;4;4;Caratterizzata da piccole salite;Easy climbs;Sì;No;No;No;No;Sì;Sì;Sì;Sì;yes;Rome
Lavoro;Numero di volte;2;3;Auto; ; ; ; ;no;no;Private;2;2;2;0;0;0;0;0;0;1;1;1;0;0;0;3;4;2;2;2;1;2;2;4;4;4;5;5;5;5;5;5;5;5;4;4;4;5;5;5;5;4;5;1;0;0;Roma;Roma;yes;0;0;0;0;0;0;1;1;0;1;1;0;1;2;2;1;1; ; ; ; ; ; ; ; ; ; ; ; ; ; ; ; ; ;2;0;2;0;2;0;1;0;2;0;Uomo;Male;1990;34; ;Sì;yes; ;Napoli;Laurea (triennale) di primo livello;16;3;4;Prevalentemente pianeggiante;Flat;Sì;Sì;Sì;No;No;Sì;No;No;Sì;yes;Rome
Lavoro;Numero di volte;2;5;Auto; ; ; ; ;no;no;Private;0;0;0;0;0;0;0;0;1;1;1;2;0;0;0;3;4;2;2;2;0;0;0;5;5;5;5;5;0;5;5;5;3;5;3;5;1;4;4;4;4;1;4;0;0;0;Roma;Ciciliano;no;0;2;2;0;0;0;3;5;2;5;5;3;3;3;3;3;3; ; ; ; ; ; ; ; ; ; ; ; ; ; ; ; ; ;4;1;4;1;4;1;3;1;3;1;Uomo;Male;1995;29; ;Sì;yes; ;Tivoli;Media superiore;13;4;2;Caratterizzata da piccole salite;Easy climbs;Sì;No;Sì;No;No;Sì;Sì;Sì;Sì;no;Not Rome
Lavoro;Numero di volte;2;5;Auto; ; ; ; ;no;no;Private;0;1;1;3;0;0;0;0;3;3;3;5;0;0;0;5;1;1;1;3;3;3;3;3;3;3;5;5;5;5;5;5;5;5;5;4;2;5;5;5;5;2;2;2;2;2;Roma;Roma;yes;0;0;0;0;0;0;3;3;3;0;0;0;0;0;0;0;0; ; ; ; ; ; ; ; ; ; ; ; ; ; ; ; ; ;4;1;3;1;4;1;3;1;2;0;Uomo;Male;1989;35; ;Sì;yes; ;Anzio;Media superiore;13;4;2;Caratterizzata da forti pendenze;Steep slopes;Sì;No;Sì;No;No;Sì;No;No;Sì;yes;Rome
Lavoro;Numero di volte;2;4;Bus/Tram;Metro; ; ; ;yes;yes;Public;5;5;5;5;5;5;5;5;2;2;2;2;2;2;2;2;2;2;2;2;5;5;5;5;5;5;5;5;5;5;5;5;5;5;5;5;5;5;5;5;0;5;0;1;1;1;Roma;Roma;yes;5;5;5;100;100;100;5;5;5;5;5;5;5;5;5;5;5; ; ; ; ; ; ; ; ; ; ; ; ; ; ; ; ; ;4;1;4;1;3;1;2;0;3;1;Uomo;Male;1994;30; ;Sì;yes; ;Roma;Media superiore;13;3;4;Prevalentemente pianeggiante;Flat;No;No;No;No;No;Sì;No;No;No;yes;Rome
Lavoro;Numero di volte;2;7;Vado a piedi; ; ; ; ;yes;yes;VRU;0;0;0;4;0;0;0;0;4;3;3;4;0;0;0;4;0;0;0;4;5;5;5;5;5;5;5;5;5;5;5;5;5;5;5;4;4;5;5;5;5;4;5;5;5;0;Roma;Roma;yes;5;4;3;100;50;0;5;5;3;5;5;3;5;4;4;4;4; ; ; ; ; ; ; ; ; ; ; ; ; ; ; ; ; ;4;1;3;1;4;1;4;1;2;0;Donna;Female;1999;25; ;Sì;yes; ;Genova;Laurea magistrale o successivo;18;4;1;Prevalentemente pianeggiante;Flat;Sì;Sì;Sì;No;Sì;Sì;No;No;Sì;yes;Rome
Lavoro;Numero di volte;2;6;Auto; ; ; ; ;no;no;Private;2;1;0;3;3;4;4;1;4;4;4;1;1;1;1;5;5;5;5;1;0;1;1;4;4;4;4;4;4;4;4;4;2;2;2;2;3;3;2;2;2;4;4;1;1;0;Rignano Flaminio;Rignano Flaminio;yes;1;1;0;0;0;0;1;0;0;1;0;0;1;0;0;0;0; ; ; ; ; ; ; ; ; ; ; ; ; ; ; ; ; ;1;0;2;0;1;0;1;0;1;0;Uomo;Male;1990;34; ;Sì;yes; ;Rignano Flaminio;Media superiore;13;3;3;Prevalentemente pianeggiante;Flat;Sì;No;Sì;No;No;Sì;Sì;No;Sì;yes;Not Rome
Sono uno studente e lavoro;Numero di volte;2;7;Vado a piedi; ; ; ; ;yes;yes;VRU;2;0;0;0;0;0;0;0;1;1;1;2;0;0;0;3;3;1;1;3;1;5;5;5;5;5;5;5;5;5;5;5;3;5;5;2;0;3;5;2;5;0;5;5;5;5;Roma;Roma;yes;3;3;3;100;0;0;5;5;5;5;5;5;5;5;5;5;5; ; ; ; ; ; ; ; ; ; ; ; ; ; ; ; ; ;3;1;4;1;4;1;2;0;4;1;Uomo;Male;1996;28; ;Sì;yes; ;Tropea;Laurea (triennale) di primo livello;16;1;0;Caratterizzata da forti pendenze;Steep slopes;Sì;No;Sì;Sì;No;Sì;Sì;Sì;Sì;yes;Rome
Lavoro;Numero di volte;2;6;Auto; ; ; ; ;no;no;Private;3;3;3;3;0;0;0;0;3;3;3;3;0;0;0;0;4;4;4;4;0;0;0;4;4;4;4;4;4;4;4;4;5;5;5;5;5;5;5;5;5;5;5;0;0;0;Roma;Artena;no;0;0;0;0;0;0;4;4;4;3;3;3;3;4;4;0;0; ; ; ; ; ; ; ; ; ; ; ; ; ; ; ; ; ;2;0;3;1;4;1;1;0;1;0;Donna;Female;1992;32; ;Sì;yes; ;Colleferro;Media superiore;13;4;0;Caratterizzata da piccole salite;Easy climbs;Sì;No;No;No;No;Sì;No;No;Sì;no;Not Rome
Lavoro;Numero di volte;2;3;Metro; ; ; ; ;yes;yes;Public;0;2;1;1;0;5;0;5;1;3;2;2;0;1;1;5;5;4;4;4;0;1;1;4;4;4;4;4;4;5;5;5;5;5;5;5;5;5;5;5;5;5;5;3;3;2;Roma;Roma;yes;4;3;2;20;20;20;3;3;3;4;3;3;3;4;4;3;3; ; ; ; ; ; ; ; ; ; ; ; ; ; ; ; ; ;1;0;4;1;3;1;4;1;2;0;Donna;Female;1990;34; ;Sì;yes; ;Roma;Laurea magistrale o successivo;18;4;2;Prevalentemente pianeggiante;Flat;Sì;No;Sì;No;Sì;Sì;Sì;Sì;Sì;yes;Rome
Lavoro;Numero di volte;2;5;Auto; ; ; ; ;no;no;Private;0;0;0;0;0;0;0;0;5;5;5;5;1;1;1;1;5;5;5;5;1;1;1;5;5;5;5;5;5;5;5;5;5;5;3;3;5;5;3;3;5;5;5;0;0;0;Roma;Roma;yes;5;5;5;0;0;0;0;0;0;0;0;0;0;0;0;0;0; ; ; ; ; ; ; ; ; ; ; ; ; ; ; ; ; ;4;1;3;1;2;0;1;0;3;1;Donna;Female;1989;35; ;Sì;yes; ;Velletri;Media superiore;13;5;3;Caratterizzata da piccole salite;Easy climbs;Sì;No;No;No;No;Sì;Sì;Sì;Sì;yes;Rome
Lavoro;Numero di volte;2;7;Auto; ; ; ; ;no;no;Private;2;2;2;0;0;0;0;0;5;5;5;5;0;4;4;5;0;0;0;3;2;2;2;0;0;0;5;5;5;5;5;5;5;5;5;5;5;5;5;5;5;5;5;3;1;1;Roma;Roma;yes;2;2;2;0;0;0;5;4;4;5;4;4;1;4;4;4;4; ; ; ; ; ; ; ; ; ; ; ; ; ; ; ; ; ;2;0;3;1;1;0;3;1;1;0;Uomo;Male;1994;30; ;Sì;yes; ;Roma;Media superiore;13;1;4;Prevalentemente pianeggiante;Flat;Sì;No;Sì;No;No;Sì;No;Sì;Sì;yes;Rome
Lavoro;Numero di volte;2;5;Auto; ; ; ; ;no;no;Private;5;5;5;5;0;0;0;0;5;5;5;5;0;0;0;0;3;3;3;3;5;5;5;5;5;5;5;5;5;5;5;5;5;5;5;5;5;5;5;5;5;5;5;4;4;4;Aprilia;Ardea;no;5;5;5;0;0;0;0;0;0;0;0;0;3;0;0;0;0; ; ; ; ; ; ; ; ; ; ; ; ; ; ; ; ; ;3;1;4;1;1;0;4;1;1;0;Donna;Female;1990;34; ;Sì;yes; ;Roma;Media superiore;13;0;0;Prevalentemente pianeggiante;Flat;Sì;No;Sì;No;No;Sì;Sì;Sì;Sì;no;Not Rome
Lavoro;Numero di volte;2;5;Auto; ; ; ; ;no;no;Private;5;3;5;4;0;0;0;0;1;5;5;3;0;0;2;5;4;2;2;3;5;5;5;5;5;5;5;5;5;5;5;5;5;5;5;5;2;5;5;5;3;2;2;0;0;0;Roma;Roma;yes;5;5;5;0;0;0;4;4;4;0;0;0;0;0;0;0;0; ; ; ; ; ; ; ; ; ; ; ; ; ; ; ; ; ;4;1;3;1;2;0;3;1;1;0;Donna;Female;1992;32; ;Sì;yes; ;Roma;Laurea (triennale) di primo livello;16;3;0;Prevalentemente pianeggiante;Flat;Sì;No;Sì;Sì;Sì;Sì;No;Sì;Sì;yes;Rome
Lavoro;Numero di volte;2;5;Auto; ; ; ; ;no;no;Private;0;0;0;0;0;0;0;0;3;3;3;3;3;3;3;3;5;5;5;0;0;0;0;0;0;0;4;4;4;4;4;4;5;5;5;5;3;5;5;5;1;3;3;1;1;1;Roma;Ostia;no;0;0;0;0;0;0;0;0;0;0;0;0;0;0;0;0;0; ; ; ; ; ; ; ; ; ; ; ; ; ; ; ; ; ;2;0;4;1;4;1;3;1;1;0;Donna;Female;1989;35; ;Sì;yes; ;Roma;Media superiore;13;4;2;Prevalentemente pianeggiante;Flat;Sì;No;Sì;No;No;Sì;No;No;Sì;no;Not Rome
Lavoro e studio;Numero di volte;2;6;Auto; ; ; ; ;no;no;Private;5;3;3;3;3;3;2;2;5;5;5;4;2;2;2;3;5;5;5;3;0;0;0;1;1;1;1;1;1;2;2;2;5;5;5;5;5;5;5;5;5;5;5;0;1;1;Roma;Roma;yes;1;1;1;0;0;0;4;4;4;4;4;4;4;4;4;4;4; ; ; ; ; ; ; ; ; ; ; ; ; ; ; ; ; ;4;1;2;0;4;1;4;1;3;1;Uomo;Male;1993;31; ;Sì;yes; ;Benevento;Laurea magistrale o successivo;18;4;5;Prevalentemente pianeggiante;Flat;Sì;No;No;No;No;No;No;Sì;Sì;yes;Rome
Lavoro;Numero di volte;2;5;Auto; ; ; ; ;no;no;Private;0;0;0;0;0;0;0;0;5;5;5;5;0;0;0;5;5;5;5;0;0;0;0;5;5;5;4;4;4;5;5;5;5;5;5;5;5;5;5;5;5;5;5;2;0;0;Roma;Roma;yes;0;0;0;0;0;0;0;0;0;0;0;0;0;0;0;0;0; ; ; ; ; ; ; ; ; ; ; ; ; ; ; ; ; ;1;0;2;0;1;0;1;0;1;0;Uomo;Male;1989;35; ;Sì;yes; ;Civitavecchia;Laurea magistrale o successivo;18;4;2;Prevalentemente pianeggiante;Flat;Sì;No;No;No;No;Sì;No;No;Sì;yes;Rome
Lavoro;Numero di volte;2;5;Auto; ; ; ; ;no;no;Private;5;5;5;0;5;5;5;5;5;5;5;3;0;0;0;4;5;5;5;4;4;4;4;4;4;4;2;2;2;4;4;4;4;4;4;4;2;4;4;4;4;4;0;0;0;0;Roma;Roma;yes;0;0;0;0;0;0;0;0;0;0;0;0;0;0;0;0;0; ; ; ; ; ; ; ; ; ; ; ; ; ; ; ; ; ;2;0;1;0;2;0;1;0;1;0;Uomo;Male;1998;26; ;Sì;yes; ;Roma;Media superiore;13;4;0;Prevalentemente pianeggiante;Flat;Sì;Sì;Sì;No;No;Sì;Sì;No;Sì;yes;Rome
Lavoro;Numero di volte;2;2;Metro; ; ; ; ;yes;yes;Public;0;0;0;0;0;0;0;0;0;4;0;0;0;0;0;5;0;0;5;5;3;3;3;3;3;3;5;4;4;5;4;4;5;5;5;5;5;5;5;5;5;5;5;4;3;1;Roma;Roma;yes;4;4;2;50;50;20;4;4;4;4;4;4;4;5;5;5;5; ; ; ; ; ; ; ; ; ; ; ; ; ; ; ; ; ;3;1;3;1;3;1;4;1;3;1;Donna;Female;1990;34; ;Sì;yes; ;Roma;Laurea magistrale o successivo;18;3;4;Prevalentemente pianeggiante;Flat;Sì;No;Sì;Sì;Sì;Sì;Sì;Sì;Sì;yes;Rome
Lavoro;Numero di volte;2;5;Auto; ; ; ; ;no;no;Private;3;3;3;3;3;3;3;3;5;5;5;5;2;2;2;2;5;5;5;5;5;5;5;5;5;5;5;5;5;5;5;5;4;4;3;3;5;4;3;3;5;5;5;1;1;1;Roma;Roma;yes;0;0;0;0;0;0;0;0;0;0;0;0;0;0;0;0;0; ; ; ; ; ; ; ; ; ; ; ; ; ; ; ; ; ;1;0;2;0;1;0;2;0;2;0;Uomo;Male;2004;20; ;No;no;Romania;Romania;Licenza elementare/media inferiore;8;4;4;Caratterizzata da piccole salite;Easy climbs;Sì;No;No;No;No;Sì;Sì;Sì;Sì;yes;Rome
Lavoro;Numero di volte;2;4;Auto; ; ; ; ;no;no;Private;0;0;0;0;0;0;0;0;1;4;4;0;0;0;0;4;4;4;4;0;0;0;0;5;5;5;5;5;5;5;5;5;5;5;5;5;3;5;5;5;4;3;3;2;4;4;Roma;Roma;yes;5;5;5;10;10;10;4;4;4;0;0;0;0;0;0;0;0; ; ; ; ; ; ; ; ; ; ; ; ; ; ; ; ; ;2;0;3;1;2;0;1;0;2;0;Donna;Female;1990;34; ;Sì;yes; ;Roma;Laurea magistrale o successivo;18;4;5;Prevalentemente pianeggiante;Flat;Sì;No;No;No;No;Sì;No;No;Sì;yes;Rome
Lavoro;Numero di volte;2;5;Auto; ; ; ; ;no;no;Private;0;2;3;3;0;0;0;2;2;4;5;3;2;0;1;2;5;2;2;3;4;3;3;5;4;3;5;3;3;5;4;3;5;5;4;5;4;5;5;5;5;3;4;0;0;0;Roma;Roma;yes;0;0;0;0;0;0;3;4;3;5;5;5;4;4;3;4;3; ; ; ; ; ; ; ; ; ; ; ; ; ; ; ; ; ;4;1;2;0;2;0;2;0;2;0;Donna;Female;1991;33; ;Sì;yes; ;Roma;Laurea magistrale o successivo;18;3;0;Caratterizzata da forti pendenze;Steep slopes;Sì;No;No;No;No;Sì;No;No;Sì;yes;Rome
Lavoro e studio;Numero di volte;2;1;Auto; ; ; ; ;no;no;Private;1;1;1;4;1;1;1;3;5;5;5;3;1;1;1;3;2;2;2;0;2;2;2;4;4;4;5;5;5;5;5;5;5;5;3;4;5;5;5;3;5;5;3;0;0;0;Roma;Roma;yes;0;0;0;0;0;0;0;0;0;0;0;0;0;0;0;0;0; ; ; ; ; ; ; ; ; ; ; ; ; ; ; ; ; ;4;1;4;1;4;1;1;0;3;1;Donna;Female;1995;29; ;Sì;yes; ;Roma;Laurea (triennale) di primo livello;16;4;2;Prevalentemente pianeggiante;Flat;Sì;No;Sì;No;Sì;Sì;Sì;No;Sì;yes;Rome
Lavoro e studio;Numero di volte;2;6;Bus/Tram;Metro; ; ; ;yes;yes;Public;3;1;1;0;0;0;0;0;3;5;5;3;0;2;2;4;1;4;4;5;0;2;2;5;3;3;5;4;2;5;4;2;5;5;3;2;5;5;3;3;5;5;3;2;0;0;Roma;Roma;yes;0;0;0;0;0;0;2;4;4;5;2;2;2;4;4;4;4; ; ; ; ; ; ; ; ; ; ; ; ; ; ; ; ; ;2;0;1;0;1;0;3;1;1;0;Uomo;Male;2002;22; ;Sì;yes; ;Roma;Laurea (triennale) di primo livello;16;3;5;Caratterizzata da forti pendenze;Steep slopes;Sì;Sì;Sì;No;No;Sì;Sì;Sì;Sì;yes;Rome
Lavoro;Numero di volte;2;5;Monopattino; ; ; ; ;yes;yes;VRU;3;0;0;4;0;0;0;0;2;2;2;5;0;0;0;3;0;0;0;4;5;5;5;5;5;5;5;5;5;5;5;5;4;4;5;5;2;4;5;5;3;2;5;4;5;5;Roma;Roma;yes;3;5;5;0;100;100;3;5;5;3;5;5;3;5;5;5;5; ; ; ; ; ; ; ; ; ; ; ; ; ; ; ; ; ;4;1;4;1;2;0;2;0;1;0;Uomo;Male;1996;28; ;Sì;yes; ;Roma;Media superiore;13;4;4;Caratterizzata da forti pendenze;Steep slopes;Sì;No;Sì;No;Sì;Sì;Sì;No;Sì;yes;Rome
Lavoro;Numero di volte;2;6;Bus/Tram;Metro;Treno; ; ;yes;yes;Public;1;1;1;1;1;1;1;1;4;4;4;4;3;3;3;3;3;3;3;3;4;4;4;4;4;4;5;5;5;5;5;5;5;5;5;5;5;5;5;5;3;5;5;4;4;4;Roma;Roma;yes;5;5;5;100;100;100;5;5;5;5;5;5;5;5;5;5;5; ; ; ; ; ; ; ; ; ; ; ; ; ; ; ; ; ;4;1;4;1;3;1;3;1;4;1;Donna;Female;1998;26; ;Sì;yes; ;Roma;Laurea magistrale o successivo;18;5;4;Caratterizzata da forti pendenze;Steep slopes;No;No;Sì;No;No;Sì;Sì;Sì;Sì;yes;Rome
Lavoro;Numero di volte;2;5;Auto; ; ; ; ;no;no;Private;4;4;4;5;0;0;0;0;3;3;3;0;3;3;3;4;0;0;0;0;2;2;2;2;2;2;4;4;4;4;4;4;4;4;4;5;5;4;4;4;5;5;3;5;4;4;Roma;Roma;yes;2;4;4;20;50;50;4;4;4;4;4;4;4;4;4;4;4; ; ; ; ; ; ; ; ; ; ; ; ; ; ; ; ; ;2;0;3;1;1;0;3;1;2;0;Donna;Female;1989;35; ;Sì;yes; ;Roma;Laurea (triennale) di primo livello;16;4;0;Prevalentemente pianeggiante;Flat;Sì;No;Sì;No;No;Sì;Sì;No;Sì;yes;Rome
Lavoro;Numero di volte;2;7;Auto; ; ; ; ;no;no;Private;0;0;4;4;0;0;3;0;0;2;3;2;0;0;2;4;3;3;3;4;3;3;3;0;2;4;2;2;3;5;5;5;3;2;3;2;2;3;4;4;3;0;5;2;3;3;Roma;Roma;yes;3;4;2;0;0;0;0;0;0;4;4;4;4;3;3;0;0; ; ; ; ; ; ; ; ; ; ; ; ; ; ; ; ; ;3;1;4;1;2;0;2;0;2;0;Donna;Female;1989;35; ;Sì;yes; ;Roma;Laurea magistrale o successivo;18;4;1;Prevalentemente pianeggiante;Flat;Sì;No;Sì;No;No;Sì;Sì;Sì;Sì;yes;Rome
Lavoro;Numero di volte;2;5;Auto; ; ; ; ;no;no;Private;4;4;4;3;3;3;3;3;4;4;4;4;0;0;0;5;4;4;4;1;1;1;1;5;5;5;5;5;5;5;5;5;5;5;5;5;5;5;5;5;5;5;5;5;5;5;Roma;Roma;yes;3;4;4;0;0;0;0;0;0;0;0;0;0;0;0;0;0; ; ; ; ; ; ; ; ; ; ; ; ; ; ; ; ; ;2;0;1;0;1;0;4;1;1;0;Uomo;Male;1995;29; ;Sì;yes; ;Matera;Laurea (triennale) di primo livello;16;5;4;Caratterizzata da piccole salite;Easy climbs;Sì;No;Sì;No;No;No;Sì;No;Sì;yes;Rome
Lavoro;Numero di volte;2;5;Moto/scooter; ; ; ; ;no;yes;Private;0;0;0;0;0;0;0;0;3;3;3;3;1;1;1;1;3;3;3;3;3;3;3;3;3;3;3;3;3;3;3;3;4;4;4;4;4;4;4;4;5;4;4;3;3;3;Roma;Roma;yes;3;3;3;0;0;0;3;3;3;3;3;3;3;3;3;3;3; ; ; ; ; ; ; ; ; ; ; ; ; ; ; ; ; ;3;1;4;1;4;1;3;1;2;0;Donna;Female;1997;27; ;Sì;yes; Spagna;Tenerife;Laurea (triennale) di primo livello;16;4;5;Prevalentemente pianeggiante;Flat;No;Sì;Sì;No;No;Sì;Sì;Sì;Sì;yes;Rome
Non lavoro e non studio; N/A;1; ; ; ; ; ; ;no;no;N/A;0;0;0;4;0;0;0;0;0;0;0;0;0;0;0;3;0;0;0;3;3;3;3;5;5;5;5;5;5;5;5;5;5;5;5;5;5;5;5;5;5;5;5;3;2;2; ; ;yes;5;4;4;100;10;10;5;5;5;4;4;4;5;5;5;5;5;5;4;4;100;10;10;5;5;5;4;4;4;5;5;5;5;5;4;1;3;1;4;1;3;1;2;0;Donna;Female;1991;33;Velletri;Sì;yes; ;Velletri;Media superiore;13;4;3;Caratterizzata da piccole salite;Easy climbs;Sì;No;No;No;Sì;Sì;Sì;Sì;Sì;;
Lavoro e studio;Numero di volte;2;5;Auto; ; ; ; ;no;no;Private;0;0;0;0;0;0;0;0;2;2;2;0;0;0;0;1;0;0;0;0;1;2;2;5;5;5;5;5;5;5;5;5;5;5;4;5;4;4;4;5;5;4;5;1;0;0;Roma;Guidonia;no;1;1;1;0;0;0;5;5;5;5;5;5;3;3;3;3;3; ; ; ; ; ; ; ; ; ; ; ; ; ; ; ; ; ;4;1;4;1;1;0;4;1;4;1;Donna;Female;1989;35; ;Sì;yes; ;Roma;Laurea magistrale o successivo;18;5;4;Prevalentemente pianeggiante;Flat;Sì;No;Sì;No;No;Sì;Sì;No;Sì;no;Not Rome
Lavoro;Numero di volte;2;4;Bus/Tram;Metro; ; ; ;yes;yes;Public;0;0;0;4;0;0;0;0;3;3;3;1;1;1;1;5;2;1;1;4;3;3;3;5;5;5;5;5;5;5;5;5;5;5;5;5;4;5;5;5;5;4;4;3;3;3;Roma;Velletri;no;0;0;0;0;0;0;0;0;0;0;0;0;0;0;0;0;0; ; ; ; ; ; ; ; ; ; ; ; ; ; ; ; ; ;4;1;3;1;4;1;4;1;4;1;Donna;Female;1996;28; ;Sì;yes; ;Velletri;Laurea magistrale o successivo;18;4;2;Caratterizzata da forti pendenze;Steep slopes;Sì;No;Sì;Sì;No;Sì;Sì;No;Sì;no;Not Rome
Lavoro;Numero di volte;2;4;Bici; ; ; ; ;yes;yes;VRU;0;0;0;0;0;0;0;0;3;3;3;3;0;0;0;0;0;0;0;0;2;2;2;5;5;5;5;5;5;5;5;5;5;5;5;5;2;5;5;5;4;2;2;4;4;4;Roma;Roma;yes;5;5;5;100;100;100;5;5;5;5;5;5;5;5;5;5;5; ; ; ; ; ; ; ; ; ; ; ; ; ; ; ; ; ;4;1;4;1;4;1;4;1;3;1;Uomo;Male;1993;31; ;Sì;yes; ;Taranto;Laurea magistrale o successivo;18;2;5;Prevalentemente pianeggiante;Flat;Sì;No;Sì;No;No;Sì;Sì;Sì;Sì;yes;Rome
Lavoro;Numero di volte;2;5;Auto; ; ; ; ;no;no;Private;3;3;3;1;0;0;0;0;2;2;2;1;0;0;0;3;2;2;2;4;3;3;3;5;5;5;5;3;3;5;3;3;0;3;4;4;3;0;3;4;5;3;0;2;4;4;Roma;Roma;yes;2;0;0;0;0;0;3;2;2;3;2;2;3;2;2;2;2; ; ; ; ; ; ; ; ; ; ; ; ; ; ; ; ; ;1;0;4;1;4;1;1;0;4;1;Uomo;Male;2000;24; ;Sì;yes; ;Roma;Media superiore;13;2;2;Prevalentemente pianeggiante;Flat;Sì;Sì;No;No;No;Sì;No;No;Sì;yes;Rome
Lavoro;0 (Mai, lavoro da casa, sto sempre a casa);3;0; ; ; ; ; ;no;no;N/A;3;2;2;4;1;2;3;1;3;3;3;3;1;1;1;4;4;4;4;1;1;1;5;5;4;4;5;5;3;5;5;3;5;5;4;4;4;5;5;5;3;3;3;1;1;1;Roma;Roma;yes;4;4;4;0;0;0;3;3;3;3;3;3;3;4;4;4;4;4;4;4;0;0;0;3;3;3;3;3;3;3;4;4;4;4;2;0;4;1;4;1;1;0;4;1;Uomo;Male;1990;34;Roma;Sì;yes; ;Ozieri;Media superiore;13;2;0;Caratterizzata da piccole salite;Easy climbs;Sì;No;No;No;No;Sì;Sì;No;Sì;yes;Rome
Lavoro;Numero di volte;2;5;Auto; ; ; ; ;no;no;Private;3;5;4;5;5;5;5;5;5;5;5;4;0;0;0;5;5;5;5;5;0;0;0;5;5;5;3;3;3;5;5;1;2;2;5;5;5;2;5;4;3;4;3;0;4;4;Roma;Fiumicino;no;0;0;0;0;0;0;0;0;0;0;0;0;0;0;0;0;0; ; ; ; ; ; ; ; ; ; ; ; ; ; ; ; ; ;1;0;4;1;1;0;1;0;4;1;Uomo;Male;1989;35; ;Sì;yes; ;Roma;Media superiore;13;0;0;Prevalentemente pianeggiante;Flat;Sì;Sì;Sì;Sì;Sì;Sì;Sì;Sì;Sì;no;Not Rome
Lavoro;Numero di volte;2;3;Auto;Bus/Tram; ; ; ;yes;yes;Public;3;1;1;5;0;0;0;0;0;3;3;0;1;1;1;4;4;4;0;3;4;4;4;4;4;4;4;4;4;4;4;4;3;5;3;5;3;5;5;5;4;3;5;3;3;3;Roma;Roma;yes;3;4;4;20;20;80;5;5;5;5;5;5;5;5;5;5;5; ; ; ; ; ; ; ; ; ; ; ; ; ; ; ; ; ;3;1;3;1;4;1;3;1;2;0;Uomo;Male;1990;34; ;Sì;yes; ;Roma;Laurea magistrale o successivo;18;4;1;Caratterizzata da piccole salite;Easy climbs;Sì;No;Sì;No;Sì;Sì;Sì;Sì;Sì;yes;Rome
Lavoro;Numero di volte;2;5;Auto; ; ; ; ;no;no;Private;5;5;5;0;0;0;0;0;4;5;5;3;0;0;0;4;4;4;4;3;0;0;0;4;4;4;3;3;3;3;3;3;5;5;5;5;5;5;5;5;5;5;5;0;0;0;Roma;Roma;yes;0;0;0;0;0;0;0;4;4;0;0;0;0;0;0;0;0; ; ; ; ; ; ; ; ; ; ; ; ; ; ; ; ; ;1;0;3;1;4;1;3;1;1;0;Donna;Female;1995;29; ;Sì;yes; ;Roma;Media superiore;13;4;3;Prevalentemente pianeggiante;Flat;Sì;No;No;Sì;Sì;Sì;Sì;Sì;Sì;yes;Rome
Lavoro;Numero di volte;2;4;Auto; ; ; ; ;no;no;Private;4;4;4;4;4;4;4;4;4;4;4;4;4;4;4;4;5;5;5;5;5;5;5;2;2;2;5;5;5;5;5;5;5;5;5;5;5;5;5;5;5;5;5;5;5;5;Roma;Roma;yes;0;0;0;0;0;0;0;0;0;0;0;0;0;0;0;0;0; ; ; ; ; ; ; ; ; ; ; ; ; ; ; ; ; ;1;0;1;0;1;0;1;0;1;0;Uomo;Male;1995;29; ;Sì;yes; ;Roma;Laurea magistrale o successivo;18;0;0;Caratterizzata da forti pendenze;Steep slopes;Sì;No;Sì;No;No;Sì;No;Sì;Sì;yes;Rome
Lavoro e studio;Numero di volte;2;6;Auto; ; ; ; ;no;no;Private;1;1;3;1;0;0;0;1;1;2;2;2;0;0;2;3;3;3;3;3;0;0;0;2;0;0;4;4;4;4;4;4;5;5;5;5;5;5;5;5;5;5;5;0;0;0;Roma;Roma;yes;5;5;5;0;0;0;0;0;0;0;0;0;0;0;0;0;0; ; ; ; ; ; ; ; ; ; ; ; ; ; ; ; ; ;3;1;4;1;3;1;4;1;4;1;Uomo;Male;1991;33; ;Sì;yes; ;Roma;Media superiore;13;3;1;Caratterizzata da piccole salite;Easy climbs;Sì;No;Sì;No;No;Sì;No;No;Sì;yes;Rome
Lavoro;Numero di volte;2;2;Metro; ; ; ; ;yes;yes;Public;0;0;0;0;0;0;0;0;3;3;3;3;3;3;3;3;3;3;3;5;5;5;5;5;5;5;5;5;5;5;5;5;5;5;5;5;5;5;5;5;4;5;5;0;0;0;Roma;Monte Compatri;no;5;5;5;100;100;100;5;5;5;5;5;5;5;5;5;5;5; ; ; ; ; ; ; ; ; ; ; ; ; ; ; ; ; ;4;1;3;1;4;1;4;1;4;1;Uomo;Male;1989;35; ;Sì;yes; ;Roma;Laurea magistrale o successivo;18;5;5;Prevalentemente pianeggiante;Flat;Sì;No;Sì;No;No;Sì;Sì;No;Sì;no;Not Rome
Sono uno studente;Numero di volte;2;5;Auto;Bus/Tram;Metro;Treno; ;yes;yes;Public;0;4;4;0;0;0;0;0;0;0;0;0;0;4;4;5;4;0;0;0;3;3;3;5;3;3;5;5;4;5;5;4;5;5;5;5;5;5;5;5;5;5;5;0;2;2;Roma;Roma;yes;0;0;0;0;0;0;2;2;2;0;0;0;0;0;0;0;0; ; ; ; ; ; ; ; ; ; ; ; ; ; ; ; ; ;4;1;1;0;4;1;1;0;2;0;Uomo;Male;2001;23; ;Sì;yes; ;Roma;Media superiore;13;4;1;Caratterizzata da forti pendenze;Steep slopes;No;No;No;No;No;Sì;Sì;Sì;No;yes;Rome
Sono uno studente e lavoro;Numero di volte;2;5;Auto; ; ; ; ;no;no;Private;3;5;5;0;0;0;0;0;4;4;4;4;0;0;2;5;5;5;5;4;0;0;0;5;5;5;5;5;5;5;5;5;5;5;4;4;4;5;5;4;5;4;4;0;0;0;Roma;Roma;yes;0;0;0;0;0;0;0;0;0;0;0;0;0;0;0;0;0; ; ; ; ; ; ; ; ; ; ; ; ; ; ; ; ; ;4;1;3;1;1;0;4;1;2;0;Donna;Female;1997;27; ;Sì;yes; ;Velletri;Laurea magistrale o successivo;18;4;4;Prevalentemente pianeggiante;Flat;Sì;No;Sì;Sì;No;Sì;Sì;Sì;Sì;yes;Rome
Non lavoro e non studio; N/A;1; ; ; ; ; ; ;no;no;N/A;5;3;4;1;5;0;0;2;5;5;5;4;1;1;1;4;1;1;1;1;1;4;4;1;1;1;4;4;1;5;5;3;4;4;5;4;4;4;0;4;5;5;4;2;1;1; ; ;yes;5;0;0;50;0;0;5;5;0;4;4;0;1;4;0;2;2;5;0;0;50;0;0;5;5;0;4;4;0;1;4;0;2;2;1;0;4;1;1;0;1;0;4;1;Donna;Female;1989;35;Velletri;Sì;yes; ;Velletri;Licenza elementare/media inferiore;8;3;3;Caratterizzata da piccole salite;Easy climbs;No;No;Sì;No;No;Sì;No;No;Sì;;
Lavoro;Numero di volte;2;5;Auto; ; ; ; ;no;no;Private;4;2;2;2;2;2;2;2;3;3;3;4;2;2;2;4;5;5;5;4;2;2;2;4;4;4;4;4;4;4;4;4;3;3;3;3;3;3;3;3;3;3;3;2;2;2;Roma;Fiumicino;no;2;1;2;20;20;20;4;4;4;3;3;3;2;3;3;3;3; ; ; ; ; ; ; ; ; ; ; ; ; ; ; ; ; ;1;0;4;1;3;1;4;1;2;0;Uomo;Male;1997;27; ;Sì;yes; ;Roma;Laurea (triennale) di primo livello;16;3;2;Prevalentemente pianeggiante;Flat;Sì;No;No;No;No;No;No;No;Sì;no;Not Rome
Lavoro;Numero di volte;2;5;Auto; ; ; ; ;no;no;Private;0;0;0;0;0;0;0;0;0;0;0;0;0;0;0;0;0;0;0;0;5;5;5;5;5;5;5;5;5;5;5;5;5;5;5;5;5;5;5;5;3;5;5;5;5;5;Roma;Roma;yes;5;5;5;1;1;1;0;0;0;0;0;0;0;0;0;0;0; ; ; ; ; ; ; ; ; ; ; ; ; ; ; ; ; ;4;1;4;1;4;1;1;0;1;0;Donna;Female;1991;33; ;Sì;yes; ;Roma;Media superiore;13;1;1;Prevalentemente pianeggiante;Flat;Sì;No;Sì;No;No;Sì;No;No;Sì;yes;Rome
Lavoro;Numero di volte;2;5;Auto; ; ; ; ;no;no;Private;5;5;5;2;0;0;0;0;3;3;3;3;4;4;4;4;5;5;5;2;0;0;0;2;2;2;4;2;2;5;2;2;5;5;5;5;5;5;5;5;5;5;5;1;1;1;Roma;Roma;yes;0;0;0;0;0;0;0;0;0;0;0;0;0;4;4;0;0; ; ; ; ; ; ; ; ; ; ; ; ; ; ; ; ; ;1;0;3;1;1;0;1;0;1;0;Uomo;Male;1992;32; ;Sì;yes; ;Roma;Laurea magistrale o successivo;18;4;3;Caratterizzata da piccole salite;Easy climbs;Sì;No;No;No;No;Sì;No;No;Sì;yes;Rome
Lavoro;Numero di volte;2;3;Moto/scooter; ; ; ; ;no;yes;Private;0;0;0;0;1;1;1;0;4;4;4;1;0;0;0;3;2;2;2;4;0;0;0;1;1;1;5;4;4;5;4;4;5;5;5;5;3;5;5;5;5;3;4;0;0;0;Roma;Roma;yes;0;0;0;0;0;0;0;0;0;0;0;0;0;0;0;0;0; ; ; ; ; ; ; ; ; ; ; ; ; ; ; ; ; ;1;0;1;0;4;1;1;0;1;0;Uomo;Male;1989;35; ;Sì;yes; ;Roma;Laurea (triennale) di primo livello;16;3;2;Caratterizzata da piccole salite;Easy climbs;Sì;Sì;No;No;No;Sì;Sì;No;Sì;yes;Rome
Lavoro;Numero di volte;2;3;Auto; ; ; ; ;no;no;Private;5;2;2;1;0;0;0;0;1;1;1;3;0;1;1;4;4;3;3;1;0;0;0;5;5;5;4;4;4;4;4;4;5;5;4;5;3;5;4;4;4;3;3;2;2;2;Roma;Roma;yes;0;0;0;0;0;0;0;0;0;0;0;0;0;0;0;0;0; ; ; ; ; ; ; ; ; ; ; ; ; ; ; ; ; ;2;0;3;1;3;1;2;0;1;0;Uomo;Male;2002;22; ;Sì;yes; ;Roma;Media superiore;13;3;3;Prevalentemente pianeggiante;Flat;Sì;No;No;Sì;Sì;Sì;Sì;Sì;Sì;yes;Rome
Lavoro;Numero di volte;2;6;Auto; ; ; ; ;no;no;Private;1;1;1;2;1;1;1;1;2;2;2;2;1;1;2;3;0;0;0;0;3;3;3;5;5;5;5;5;5;5;5;5;5;4;5;2;4;4;5;2;2;5;4;5;4;4;Monterotondo;Monterotondo ;no;1;1;1;0;0;0;0;0;0;0;0;0;0;0;0;3;3; ; ; ; ; ; ; ; ; ; ; ; ; ; ; ; ; ;4;1;2;0;3;1;2;0;1;0;Uomo;Male;1994;30; ;Sì;yes; ;Monterotondo ;Licenza elementare/media inferiore;8;4;4;Caratterizzata da piccole salite;Easy climbs;Sì;No;No;No;No;Sì;Sì;Sì;Sì;no;Not Rome
Lavoro;Numero di volte;2;5;Auto; ; ; ; ;no;no;Private;0;0;0;0;0;0;0;0;1;1;1;1;0;0;0;3;4;4;3;5;2;2;2;5;5;5;5;5;5;5;5;5;5;5;5;5;2;5;5;5;5;2;0;3;4;4;Roma;Roma;yes;1;4;5;10;60;100;2;2;2;2;2;2;0;2;2;2;2; ; ; ; ; ; ; ; ; ; ; ; ; ; ; ; ; ;1;0;2;0;1;0;3;1;1;0;Donna;Female;1993;31; ;Sì;yes; ;Tivoli;Laurea magistrale o successivo;18;5;5;Prevalentemente pianeggiante;Flat;Sì;No;No;No;Sì;Sì;Sì;Sì;Sì;yes;Rome
Lavoro;Numero di volte;2;5;Auto; ; ; ; ;no;no;Private;3;0;0;0;2;2;2;0;3;3;3;4;0;0;0;4;5;4;4;3;0;0;0;5;5;5;5;5;4;5;5;3;5;5;5;5;5;5;5;5;5;5;5;3;0;0;Roma;Roma;yes;1;0;0;0;0;0;0;0;0;0;0;0;1;0;0;0;0; ; ; ; ; ; ; ; ; ; ; ; ; ; ; ; ; ;1;0;4;1;1;0;2;0;1;0;Uomo;Male;1998;26; ;Sì;yes; ;Roma;Laurea (triennale) di primo livello;16;4;3;Caratterizzata da piccole salite;Easy climbs;Sì;No;Sì;Sì;Sì;Sì;Sì;Sì;Sì;yes;Rome
Lavoro;0 (Mai, lavoro da casa, sto sempre a casa);3;0; ; ; ; ; ;no;no;N/A;0;0;0;4;0;0;0;0;2;2;2;3;0;0;0;4;1;1;1;1;3;3;3;3;3;3;5;5;5;5;5;5;5;5;5;5;4;5;5;5;5;4;4;4;4;4;Roma;Roma;yes;0;0;0;0;0;0;0;0;0;0;0;0;0;0;0;0;0;0;0;0;0;0;0;0;0;0;0;0;0;0;0;0;0;0;1;0;3;1;3;1;1;0;1;0;Donna;Female;1989;35;Roma;Sì;yes; ;Roma;Laurea magistrale o successivo;18;3;2;Caratterizzata da piccole salite;Easy climbs;Sì;No;No;No;No;Sì;No;No;Sì;yes;Rome
Sono uno studente e lavoro;Numero di volte;2;5;Auto; ; ; ; ;no;no;Private;5;5;5;0;0;0;0;0;0;0;0;0;0;0;0;0;0;0;0;0;0;0;0;0;0;0;0;0;0;0;0;0;0;0;0;0;0;0;0;0;0;0;0;0;0;0;Pomezia;Roma;no;0;0;0;0;0;0;0;0;0;0;0;0;0;0;0;0;0; ; ; ; ; ; ; ; ; ; ; ; ; ; ; ; ; ;1;0;1;0;1;0;1;0;1;0;Donna;Female;1994;30; ;Sì;yes; ;foligno;Laurea (triennale) di primo livello;16;5;2;Prevalentemente pianeggiante;Flat;Sì;No;No;No;No;Sì;Sì;Sì;Sì;no;Rome
Lavoro;Numero di volte;2;5;Auto; ; ; ; ;no;no;Private;4;4;4;5;0;0;0;0;4;4;4;3;0;0;0;3;4;4;4;4;5;5;5;5;5;5;5;5;5;5;5;5;2;2;2;2;0;2;2;2;5;0;2;0;3;3;Roma;Roma;yes;0;0;0;0;0;0;0;0;0;0;0;0;0;0;0;0;0; ; ; ; ; ; ; ; ; ; ; ; ; ; ; ; ; ;1;0;4;1;4;1;1;0;4;1;Uomo;Male;1990;34; ;Sì;yes; ;Roma;Licenza elementare/media inferiore;8;4;0;Caratterizzata da piccole salite;Easy climbs;Sì;No;No;No;No;Sì;No;No;Sì;yes;Rome
Lavoro;Numero di volte;2;4;Bici; ; ; ; ;yes;yes;VRU;0;0;0;0;0;0;0;0;4;4;4;4;5;5;5;5;3;3;3;3;5;5;5;5;5;5;5;5;0;5;5;0;5;5;5;5;5;5;5;5;5;5;5;5;5;5;Roma;Roma;yes;5;5;5;100;100;100;5;5;5;5;5;5;5;5;5;5;5; ; ; ; ; ; ; ; ; ; ; ; ; ; ; ; ; ;4;1;3;1;4;1;4;1;3;1;Uomo;Male;1995;29; ;Sì;yes; ;Roma;Media superiore;13;5;5;Prevalentemente pianeggiante;Flat;No;No;Sì;No;No;Sì;Sì;Sì;No;yes;Rome
Lavoro e studio;Numero di volte;2;3;Treno; ; ; ; ;yes;yes;Public;0;0;0;0;0;0;0;0;3;4;5;2;0;2;4;4;0;0;0;3;0;0;0;5;5;3;5;5;0;5;5;0;5;3;4;3;4;5;3;4;5;3;4;5;5;2;Roma;Roma;yes;0;0;0;0;0;0;1;3;3;2;2;2;3;3;3;3;3; ; ; ; ; ; ; ; ; ; ; ; ; ; ; ; ; ;2;0;3;1;3;1;2;0;3;1;Uomo;Male;1989;35; ;Sì;yes; ;L'Aquila ;Media superiore;13;3;4;Prevalentemente pianeggiante;Flat;Sì;No;Sì;No;No;Sì;No;No;Sì;yes;Rome
Lavoro;Numero di volte;2;6;Auto; ; ; ; ;no;no;Private;0;0;0;5;0;0;0;0;5;5;5;0;5;5;5;0;5;5;5;1;0;0;0;0;0;0;2;2;2;2;2;2;5;5;5;5;5;5;5;5;5;5;5;0;0;0;Roma;Roma;yes;0;0;0;0;0;0;0;0;0;0;0;0;0;0;0;0;0; ; ; ; ; ; ; ; ; ; ; ; ; ; ; ; ; ;2;0;1;0;3;1;1;0;1;0;Donna;Female;1990;34; ;Sì;yes; ;Roma;Laurea (triennale) di primo livello;16;3;4;Prevalentemente pianeggiante;Flat;Sì;No;No;No;No;No;No;No;Sì;yes;Rome
Lavoro;Numero di volte;2;5;Bus/Tram;Metro; ; ; ;yes;yes;Public;0;0;0;3;0;0;0;0;0;4;4;4;0;2;2;5;4;4;4;4;4;4;4;5;5;5;5;5;5;5;5;5;5;5;5;5;5;5;5;5;5;5;5;4;5;5;Roma;Roma;yes;4;4;4;20;20;20;4;4;4;4;4;4;4;4;4;4;4; ; ; ; ; ; ; ; ; ; ; ; ; ; ; ; ; ;3;1;3;1;3;1;3;1;3;1;Donna;Female;1992;32; ;Sì;yes; ;Roma;Laurea magistrale o successivo;18;4;4;Prevalentemente pianeggiante;Flat;Sì;No;Sì;Sì;No;Sì;No;Sì;Sì;yes;Rome
Lavoro;Numero di volte;2;2;Bus/Tram;Treno; ; ; ;yes;yes;Public;0;0;0;0;0;0;0;0;0;0;0;0;0;0;0;0;5;3;3;3;0;3;3;5;5;5;5;5;5;5;5;5;5;5;5;5;5;3;3;3;3;3;3;0;0;0;Roma;Guidonia;no;5;5;5;100;100;100;5;5;5;3;3;3;3;5;5;5;5; ; ; ; ; ; ; ; ; ; ; ; ; ; ; ; ; ;4;1;4;1;2;0;4;1;4;1;Donna;Female;1989;35; ;Sì;yes; ;Roma;Laurea magistrale o successivo;18;3;0;Prevalentemente pianeggiante;Flat;Sì;No;Sì;No;No;Sì;Sì;No;Sì;no;Not Rome
Non lavoro e non studio; N/A;1; ; ; ; ; ; ;no;no;N/A;0;0;0;0;0;0;0;0;3;3;3;3;3;3;3;3;3;3;3;3;5;5;5;5;5;5;5;5;5;5;5;5;5;5;5;5;5;5;5;5;5;5;5;5;5;5; ; ;yes;5;5;5;80;80;80;5;5;5;5;5;5;5;5;5;5;5;5;5;5;80;80;80;5;5;5;5;5;5;5;5;5;5;5;4;1;4;1;1;0;4;1;4;1;Donna;Female;1997;27;Artena;Sì;yes; ;Roma;Media superiore;13;1;1;Caratterizzata da forti pendenze;Steep slopes;Sì;No;No;No;No;Sì;Sì;Sì;Sì;;
Lavoro;Numero di volte;2;6;Auto;Bus/Tram; ; ; ;yes;yes;Public;3;3;3;3;0;0;0;0;0;5;0;2;0;0;0;5;4;3;3;2;5;5;5;5;5;5;5;5;5;5;5;5;3;5;5;4;4;3;4;3;3;2;3;3;0;3;Roma;Roma;yes;2;1;0;20;0;0;5;5;5;5;5;5;3;0;0;0;0; ; ; ; ; ; ; ; ; ; ; ; ; ; ; ; ; ;2;0;3;1;3;1;2;0;3;1;Donna;Female;1990;34; ;Sì;yes; ;Roma;Media superiore;13;4;4;Prevalentemente pianeggiante;Flat;Sì;No;No;No;No;Sì;No;No;Sì;yes;Rome
Non lavoro e non studio; N/A;1; ; ; ; ; ; ;no;no;N/A;5;5;5;3;0;0;0;0;5;5;5;4;0;0;0;4;2;1;1;0;0;0;0;5;5;4;5;5;4;5;5;4;5;5;4;5;5;5;4;5;5;5;4;0;0;0; ; ;yes;0;0;0;0;0;0;0;0;0;0;0;0;0;0;0;0;0;0;0;0;0;0;0;0;0;0;0;0;0;0;0;0;0;0;1;0;3;1;2;0;1;0;3;1;Donna;Female;1992;32;Civitavecchia;Sì;yes; ;Napoli;Licenza elementare/media inferiore;8;5;3;Prevalentemente pianeggiante;Flat;No;No;No;No;No;No;No;No;No;;
Lavoro;Numero di volte;2;5;Metro; ; ; ; ;yes;yes;Public;0;0;0;0;0;0;0;5;5;5;3;0;4;4;4;5;5;5;5;5;0;0;0;4;4;4;5;5;5;5;5;5;5;5;5;5;5;5;5;5;5;5;4;3;2;2;Roma;Roma;yes;5;0;0;100;0;0;5;3;2;5;3;2;5;3;2;3;2; ; ; ; ; ; ; ; ; ; ; ; ; ; ; ; ; ;4;1;4;1;4;1;3;1;3;1;Donna;Female;1992;32; ;Sì;yes; ;Calabria;Laurea (triennale) di primo livello;16;1;2;Prevalentemente pianeggiante;Flat;No;No;No;Sì;No;Sì;No;No;Sì;yes;Rome
Lavoro;Numero di volte;2;5;Auto; ; ; ; ;no;no;Private;1;1;1;1;1;1;1;1;1;1;1;1;2;2;2;2;2;2;2;2;4;4;4;4;4;4;5;5;5;5;5;5;5;5;5;5;5;5;5;5;5;5;5;4;4;4;Fiumicino;Fiumicino;yes;3;3;3;30;30;30;5;5;5;5;5;5;5;5;5;5;5; ; ; ; ; ; ; ; ; ; ; ; ; ; ; ; ; ;2;0;2;0;3;1;4;1;3;1;Donna;Female;1989;35; ;Sì;yes; ;Roma;Laurea magistrale o successivo;18;4;3;Caratterizzata da piccole salite;Easy climbs;Sì;No;Sì;No;No;Sì;No;No;Sì;yes;Not Rome
Lavoro;Numero di volte;2;5;Auto; ; ; ; ;no;no;Private;0;0;0;0;0;0;0;0;0;0;0;0;0;0;0;5;2;2;2;2;3;3;3;5;5;5;5;5;5;5;5;5;5;5;5;5;5;4;4;4;4;4;4;2;2;2;Castelli Romani;Marino;no;0;0;0;0;0;0;3;3;3;0;0;0;0;4;4;3;3; ; ; ; ; ; ; ; ; ; ; ; ; ; ; ; ; ;2;0;3;1;1;0;2;0;1;0;Donna;Female;1992;32; ;Sì;yes; ;Lecce;Laurea magistrale o successivo;18;4;0;Prevalentemente pianeggiante;Flat;Sì;No;No;No;No;Sì;No;Sì;Sì;no;Not Rome
Lavoro;Numero di volte;2;4;Bus/Tram; ; ; ; ;yes;yes;Public;4;2;2;5;3;3;4;1;4;4;4;2;3;3;3;4;3;3;3;4;3;3;3;5;5;5;5;5;5;5;5;5;3;3;3;3;3;3;3;3;3;3;3;5;0;0;Roma;San Cesareo;no;5;0;0;100;0;0;5;0;0;5;0;0;5;0;0;0;0; ; ; ; ; ; ; ; ; ; ; ; ; ; ; ; ; ;4;1;4;1;4;1;1;0;3;1;Donna;Female;1989;35; ;No;no;Romania ;Romania;Media superiore;13;4;4;Prevalentemente pianeggiante;Flat;Sì;No;Sì;No;No;Sì;No;No;Sì;no;Not Rome
Lavoro;Numero di volte;2;5;Auto; ; ; ; ;no;no;Private;2;3;3;5;1;3;3;0;5;3;3;4;0;1;1;5;2;2;2;0;3;3;3;5;5;4;5;5;5;5;5;5;5;5;4;3;3;4;4;4;4;4;3;5;2;2;Roma;Roma;yes;0;1;1;0;0;0;0;0;0;0;0;0;2;3;3;3;3; ; ; ; ; ; ; ; ; ; ; ; ; ; ; ; ; ;4;1;3;1;1;0;1;0;1;0;Donna;Female;1998;26; ;Sì;yes; ;Roma;Media superiore;13;3;0;Prevalentemente pianeggiante;Flat;Sì;No;No;No;No;Sì;Sì;No;Sì;yes;Rome
Lavoro e studio;Numero di volte;2;5;Auto; ; ; ; ;no;no;Private;0;0;0;0;0;0;0;0;2;3;3;1;0;0;0;1;1;1;1;1;2;2;2;5;2;2;5;3;3;5;3;3;5;3;4;5;4;5;4;5;4;4;3;0;2;2;Roma;Roma;yes;0;0;0;0;0;0;0;0;0;0;0;0;0;0;0;0;0; ; ; ; ; ; ; ; ; ; ; ; ; ; ; ; ; ;3;1;2;0;1;0;4;1;1;0;Donna;Female;1992;32; ;Sì;yes; ;Frassati;Laurea magistrale o successivo;18;3;3;Prevalentemente pianeggiante;Flat;Sì;No;No;No;No;Sì;No;No;Sì;yes;Rome
Sono uno studente e lavoro;0 (Mai, lavoro da casa, sto sempre a casa);3;0; ; ; ; ; ;no;no;N/A;0;0;0;0;0;0;0;0;5;5;5;3;0;0;1;4;0;0;0;4;4;4;4;5;5;5;4;4;4;4;4;4;4;5;4;5;5;5;5;5;5;5;5;4;0;0;Roma;Roma;yes;4;4;4;60;0;0;4;1;1;4;1;1;4;0;0;0;0;4;4;4;60;0;0;4;1;1;4;1;1;4;0;0;0;0;4;1;3;1;4;1;2;0;4;1;Donna;Female;1995;29;Roma;Sì;yes; ;Roma;Laurea magistrale o successivo;18;2;5;Caratterizzata da piccole salite;Easy climbs;Sì;No;No;No;No;Sì;No;Sì;Sì;yes;Rome
Lavoro;Numero di volte;2;5;Auto; ; ; ; ;no;no;Private;2;2;2;2;0;0;0;0;2;4;4;4;0;0;0;4;3;0;0;0;3;3;3;4;4;4;5;5;5;5;5;5;5;5;5;5;5;5;5;5;5;5;5;5;2;2;Roma;Roma;yes;3;4;4;0;0;0;4;4;4;4;4;4;4;4;4;4;4; ; ; ; ; ; ; ; ; ; ; ; ; ; ; ; ; ;2;0;3;1;3;1;3;1;1;0;Donna;Female;1992;32; ;Sì;yes; ;Roma;Laurea (triennale) di primo livello;16;4;3;Prevalentemente pianeggiante;Flat;Sì;No;Sì;No;No;Sì;Sì;Sì;Sì;yes;Rome
Lavoro;Numero di volte;2;6;Auto; ; ; ; ;no;no;Private;3;5;5;0;0;2;3;0;4;4;4;5;0;0;0;5;3;3;3;2;0;2;2;3;3;3;5;5;5;5;5;5;5;5;3;4;5;5;3;4;5;5;5;3;3;3;Roma;Roma;yes;0;0;0;0;0;0;0;0;0;0;0;0;0;0;0;0;0; ; ; ; ; ; ; ; ; ; ; ; ; ; ; ; ; ;1;0;3;1;1;0;1;0;3;1;Donna;Female;1992;32; ;Sì;yes; ;Roma;Media superiore;13;2;1;Prevalentemente pianeggiante;Flat;Sì;No;Sì;No;No;Sì;Sì;Sì;Sì;yes;Rome
Non lavoro e non studio; N/A;1; ; ; ; ; ; ;no;no;N/A;2;2;2;3;0;0;0;0;3;3;3;2;0;0;0;3;1;1;1;4;3;3;3;3;3;3;2;2;2;4;4;4;4;4;4;4;4;4;4;4;4;4;4;4;4;2; ; ;yes;4;4;4;70;20;10;5;2;1;3;3;3;5;2;2;2;2;4;4;4;70;20;10;5;2;1;3;3;3;5;2;2;2;2;4;1;4;1;1;0;2;0;4;1;Uomo;Male;2000;24;Roma;Sì;yes; ;Roma;Media superiore;13;4;4;Prevalentemente pianeggiante;Flat;No;No;No;No;No;Sì;Sì;No;No;;
Lavoro;Numero di volte;2;3;Metro; ; ; ; ;yes;yes;Public;3;4;4;4;1;1;1;1;4;4;4;4;0;1;1;4;4;2;2;2;1;4;4;3;3;3;4;4;4;4;4;4;4;4;4;4;4;4;4;4;4;4;4;1;2;2;Roma;Roma;yes;0;0;0;0;0;0;0;4;4;0;4;4;0;4;4;4;4; ; ; ; ; ; ; ; ; ; ; ; ; ; ; ; ; ;2;0;4;1;2;0;3;1;4;1;Donna;Female;1997;27; ;Sì;yes; ;Frosinone;Laurea magistrale o successivo;18;3;5;Prevalentemente pianeggiante;Flat;Sì;No;Sì;No;No;Sì;Sì;Sì;Sì;yes;Rome
Lavoro;Numero di volte;2;5;Metro;Treno; ; ; ;yes;yes;Public;0;0;0;0;0;0;0;0;0;3;0;0;0;2;2;4;0;0;0;4;4;4;4;4;4;4;4;4;4;4;4;4;4;4;5;3;3;4;5;3;3;3;3;4;4;4;Roma;Roma;yes;5;5;5;100;100;100;5;5;5;5;5;5;5;3;3;3;3; ; ; ; ; ; ; ; ; ; ; ; ; ; ; ; ; ;4;1;4;1;4;1;4;1;4;1;Uomo;Male;2000;24; ;Sì;yes; ;Roma;Media superiore;13;4;5;Prevalentemente pianeggiante;Flat;Sì;No;Sì;Sì;Sì;Sì;Sì;Sì;Sì;yes;Rome
Lavoro;Numero di volte;2;5;Auto; ; ; ; ;no;no;Private;0;0;0;5;1;1;1;2;5;5;5;0;0;0;0;1;4;4;4;5;5;5;5;5;5;5;5;5;5;5;5;5;5;5;5;5;5;5;5;5;5;5;5;1;1;1;Roma;Roma;yes;0;0;0;0;0;0;5;5;5;5;5;5;4;4;4;4;4; ; ; ; ; ; ; ; ; ; ; ; ; ; ; ; ; ;4;1;3;1;2;0;4;1;1;0;Donna;Female;1994;30; ;Sì;yes; ;Alatri;Laurea (triennale) di primo livello;16;3;0;Prevalentemente pianeggiante;Flat;Sì;No;Sì;No;No;Sì;No;No;Sì;yes;Rome
Lavoro;Numero di volte;2;3;Metro; ; ; ; ;yes;yes;Public;0;0;0;0;0;0;0;0;5;5;5;5;0;0;0;0;3;3;3;3;5;5;5;5;5;5;5;5;5;5;5;5;5;5;5;5;4;5;5;5;4;4;4;2;2;2;Roma;Roma;yes;5;5;5;100;100;100;5;5;5;5;5;5;5;5;5;5;5; ; ; ; ; ; ; ; ; ; ; ; ; ; ; ; ; ;4;1;4;1;4;1;2;0;4;1;Donna;Female;1989;35; ;Sì;yes; ;Ghilarza;Laurea magistrale o successivo;18;4;5;Prevalentemente pianeggiante;Flat;Sì;Sì;Sì;No;No;Sì;Sì;Sì;Sì;yes;Rome
Lavoro;Numero di volte;2;5;Auto; ; ; ; ;no;no;Private;0;3;3;0;0;0;0;0;4;4;4;4;0;0;0;4;4;4;4;2;3;3;3;3;2;2;5;5;5;5;5;5;5;5;5;5;5;5;5;5;5;5;5;0;0;0;Roma;Roma;yes;0;0;0;0;0;0;0;0;0;0;0;0;0;0;0;0;0; ; ; ; ; ; ; ; ; ; ; ; ; ; ; ; ; ;1;0;3;1;4;1;1;0;3;1;Donna;Female;1989;35; ;Sì;yes; ;Roma;Licenza elementare/media inferiore;8;3;3;Prevalentemente pianeggiante;Flat;Sì;No;No;No;No;No;No;No;Sì;yes;Rome
Lavoro;Numero di volte;2;5;Auto; ; ; ; ;no;no;Private;0;5;5;0;4;0;0;0;5;5;5;0;0;0;0;5;5;5;5;3;0;0;0;4;4;4;5;5;1;5;5;1;5;5;5;5;5;5;5;5;5;5;5;5;0;0;Roma;Roma;yes;5;0;0;100;0;0;5;5;5;5;5;5;5;5;5;5;5; ; ; ; ; ; ; ; ; ; ; ; ; ; ; ; ; ;4;1;1;0;4;1;4;1;4;1;Donna;Female;1990;34; ;Sì;yes; ;Roma;Licenza elementare/media inferiore;8;4;5;Caratterizzata da piccole salite;Easy climbs;Sì;No;No;No;No;Sì;Sì;No;Sì;yes;Rome
Lavoro e studio;Numero di volte;2;6;Auto;Monopattino; ; ; ;yes;yes;VRU;0;0;0;0;0;0;0;0;2;2;2;2;2;2;2;2;3;3;3;3;4;4;4;1;1;1;5;5;5;5;5;5;5;5;5;5;3;5;5;5;4;3;3;4;4;4;Roma;Roma;yes;4;4;4;85;85;85;4;4;4;4;4;4;4;4;4;4;4; ; ; ; ; ; ; ; ; ; ; ; ; ; ; ; ; ;3;1;2;0;3;1;3;1;1;0;Uomo;Male;1998;26; ;Sì;yes; ;Sassari;Laurea magistrale o successivo;18;4;5;Prevalentemente pianeggiante;Flat;Sì;No;No;No;Sì;Sì;Sì;Sì;Sì;yes;Rome
Lavoro;Numero di volte;2;5;Auto; ; ; ; ;no;no;Private;5;5;5;3;0;0;0;0;4;4;4;4;0;0;0;0;3;3;3;3;3;3;3;5;5;5;5;5;5;5;5;5;5;5;5;5;5;5;5;5;5;5;5;0;0;0;Roma;Roma;yes;5;0;0;0;0;0;3;3;3;3;3;3;3;3;3;3;3; ; ; ; ; ; ; ; ; ; ; ; ; ; ; ; ; ;1;0;2;0;2;0;1;0;1;0;Donna;Female;1999;25; ;Sì;yes; ;Roma;Media superiore;13;3;2;Caratterizzata da piccole salite;Easy climbs;Sì;Sì;Sì;No;No;Sì;No;Sì;Sì;yes;Rome
Lavoro e studio;Numero di volte;2;5;Auto; ; ; ; ;no;no;Private;1;0;0;1;1;0;0;0;0;1;1;2;0;0;0;4;4;3;3;3;0;2;2;5;5;4;5;5;5;5;5;5;1;1;1;3;3;3;3;4;3;4;5;2;0;0;Roma;Roma;yes;0;0;0;0;0;0;0;0;0;0;0;0;0;0;0;1;1; ; ; ; ; ; ; ; ; ; ; ; ; ; ; ; ; ;1;0;1;0;2;0;2;0;2;0;Uomo;Male;1991;33; ;Sì;yes; ;Roma;Laurea (triennale) di primo livello;16;3;4;Caratterizzata da piccole salite;Easy climbs;Sì;No;Sì;No;No;Sì;No;No;Sì;yes;Rome
Lavoro e studio;Numero di volte;2;4;Auto;Moto/scooter; ; ; ;no;yes;Private;1;1;1;1;0;0;0;0;2;2;2;3;0;0;0;4;2;2;2;2;1;2;2;4;1;1;3;5;4;5;5;3;0;1;0;2;3;2;2;4;3;4;4;2;2;2;Roma;Roma;yes;0;0;0;0;0;0;0;0;0;0;0;0;0;0;0;0;0; ; ; ; ; ; ; ; ; ; ; ; ; ; ; ; ; ;2;0;2;0;2;0;2;0;2;0;Uomo;Male;1989;35; ;Sì;yes; ;Roma;Laurea (triennale) di primo livello;16;3;3;Prevalentemente pianeggiante;Flat;Sì;Sì;Sì;No;No;Sì;Sì;No;Sì;yes;Rome
Lavoro;Numero di volte;2;5;Auto;Bus/Tram;Vado a piedi; ; ;yes;yes;VRU;1;1;1;2;1;1;1;1;1;1;1;2;0;0;0;3;4;1;1;3;0;1;1;4;4;2;4;3;2;4;5;1;0;0;2;2;3;1;3;1;4;4;4;2;1;1;Roma;Roma;yes;0;0;0;0;0;0;1;1;0;1;1;0;1;1;0;0;1; ; ; ; ; ; ; ; ; ; ; ; ; ; ; ; ; ;1;0;3;1;1;0;2;0;2;0;Donna;Female;1988;36; ;Sì;yes; ;Roma;Laurea (triennale) di primo livello;16;4;4;Caratterizzata da forti pendenze;Steep slopes;Sì;No;Sì;No;No;Sì;Sì;No;Sì;yes;Rome
Lavoro;Numero di volte;2;3;Auto; ; ; ; ;no;no;Private;2;4;4;0;0;0;0;0;3;4;4;4;0;3;3;5;5;4;4;5;0;3;3;5;4;4;5;5;5;5;5;5;5;5;5;5;5;5;5;5;5;5;4;0;3;3;Roma;Marino;no;5;3;3;0;0;0;5;5;5;4;4;4;4;4;5;4;5; ; ; ; ; ; ; ; ; ; ; ; ; ; ; ; ; ;2;0;4;1;1;0;3;1;1;0;Donna;Female;1989;35; ;Sì;yes; ;Roma;Laurea magistrale o successivo;18;5;0;Caratterizzata da piccole salite;Easy climbs;Sì;No;Sì;No;No;Sì;Sì;Sì;Sì;no;Not Rome
Lavoro;Numero di volte;2;5;Auto; ; ; ; ;no;no;Private;3;0;0;4;0;0;0;0;2;4;4;4;0;0;0;5;4;4;4;2;1;1;1;5;5;5;5;5;5;5;5;5;4;5;4;4;2;5;4;4;5;2;2;3;2;2;Roma;Roma;yes;3;1;1;0;20;20;5;5;5;2;2;2;2;2;2;2;2; ; ; ; ; ; ; ; ; ; ; ; ; ; ; ; ; ;2;0;3;1;2;0;3;1;3;1;Uomo;Male;1996;28; ;Sì;yes; ;brescia;Laurea (triennale) di primo livello;16;3;3;Prevalentemente pianeggiante;Flat;Sì;No;No;No;No;Sì;Sì;Sì;Sì;yes;Rome
Lavoro;Numero di volte;2;5;Bus/Tram;Metro; ; ; ;yes;yes;Public;1;4;4;5;0;0;0;0;1;1;1;1;1;1;3;3;4;4;3;3;1;1;1;5;5;5;4;4;4;4;4;4;5;5;5;5;5;5;5;5;5;5;5;2;2;2;Roma;Roma;yes;4;3;3;80;0;0;4;4;4;4;4;4;3;4;4;3;3; ; ; ; ; ; ; ; ; ; ; ; ; ; ; ; ; ;3;1;4;1;4;1;3;1;3;1;Donna;Female;1994;30; ;Sì;yes; ;Roma;Media superiore;13;4;5;Prevalentemente pianeggiante;Flat;Sì;No;No;No;No;Sì;No;Sì;Sì;yes;Rome
Lavoro;0 (Mai, lavoro da casa, sto sempre a casa);3;0; ; ; ; ; ;no;no;N/A;2;3;3;3;0;0;0;0;0;0;3;0;0;0;0;5;3;3;3;3;0;0;0;5;5;5;5;5;5;5;5;5;4;5;3;3;2;4;3;3;2;2;1;3;3;3;Roma;Roma;yes;3;0;0;40;0;0;3;0;0;3;0;0;3;0;0;0;0;3;0;0;40;0;0;3;0;0;3;0;0;3;0;0;0;0;4;1;1;0;4;1;1;0;1;0;Uomo;Male;1991;33;Roma;Sì;yes; ;Roma;Laurea magistrale o successivo;18;4;5;Prevalentemente pianeggiante;Flat;Sì;No;No;No;No;Sì;Sì;Sì;Sì;yes;Rome
Lavoro e studio;Numero di volte;2;5;Metro; ; ; ; ;yes;yes;Public;0;0;0;0;0;0;0;0;2;2;2;2;0;0;0;0;2;2;2;2;5;5;5;5;5;5;5;5;5;5;5;5;5;5;4;4;5;5;4;4;3;5;5;4;4;4;Roma;Roma;yes;4;4;4;100;100;100;5;5;5;5;5;5;5;5;5;5;5; ; ; ; ; ; ; ; ; ; ; ; ; ; ; ; ; ;4;1;3;1;4;1;4;1;3;1;Uomo;Male;1990;34; ;Sì;yes; ;Bari;Laurea magistrale o successivo;18;4;2;Caratterizzata da piccole salite;Easy climbs;Sì;No;Sì;No;No;Sì;Sì;Sì;Sì;yes;Rome
Lavoro;Numero di volte;2;5;Auto; ; ; ; ;no;no;Private;0;0;0;0;0;0;0;0;2;2;2;2;2;2;2;2;3;3;3;3;0;0;0;0;0;0;2;2;2;2;2;2;4;4;5;5;3;4;5;5;1;3;3;2;2;2;Roma;Roma;yes;0;0;0;0;0;0;0;0;0;0;0;0;0;0;0;0;0; ; ; ; ; ; ; ; ; ; ; ; ; ; ; ; ; ;1;0;1;0;1;0;1;0;1;0;Uomo;Male;1990;34; ;Sì;yes; ;Roma;Laurea magistrale o successivo;18;5;2;Prevalentemente pianeggiante;Flat;Sì;Sì;No;No;No;No;No;No;Sì;yes;Rome
Lavoro;0 (Mai, lavoro da casa, sto sempre a casa);3;0; ; ; ; ; ;no;no;N/A;2;2;2;3;5;5;5;0;0;3;3;0;0;0;0;3;4;4;4;3;0;0;0;5;5;5;5;5;5;5;5;5;2;2;5;3;2;2;2;5;2;3;2;0;0;0;Roma;Roma;yes;5;5;5;100;0;0;4;4;4;4;4;4;3;5;5;4;4;5;5;5;100;0;0;4;4;4;4;4;4;3;5;5;4;4;4;1;4;1;4;1;3;1;4;1;Uomo;Male;1991;33;Roma;Sì;yes; ;Grottaminarda;Laurea (triennale) di primo livello;16;2;5;Prevalentemente pianeggiante;Flat;Sì;No;No;No;No;Sì;Sì;Sì;Sì;yes;Rome
Lavoro;Numero di volte;2;5;Auto; ; ; ; ;no;no;Private;0;5;5;3;0;0;0;0;2;2;2;0;0;0;0;5;4;3;3;0;3;5;5;5;5;5;5;5;5;5;5;5;0;2;4;4;2;0;4;4;4;2;3;0;0;0;Cassino;Cassino ;no;3;3;3;0;0;0;0;0;0;0;0;0;0;0;0;0;0; ; ; ; ; ; ; ; ; ; ; ; ; ; ; ; ; ;4;1;3;1;4;1;3;1;3;1;Donna;Female;1990;34; ;Sì;yes; ;Salerno ;Media superiore;13;3;1;Prevalentemente pianeggiante;Flat;Sì;No;No;No;No;Sì;Sì;Sì;Sì;no;Not Rome
Lavoro;Numero di volte;2;1;Auto; ; ; ; ;no;no;Private;4;4;4;3;0;0;0;0;4;4;4;3;0;1;1;4;3;3;3;2;2;2;2;4;4;4;4;4;4;4;4;4;5;5;5;4;3;5;5;4;4;3;3;3;3;3;Pomezia;Roma;no;0;0;0;0;0;0;3;3;3;0;0;0;0;0;0;0;0; ; ; ; ; ; ; ; ; ; ; ; ; ; ; ; ; ;3;1;3;1;2;0;3;1;3;1;Donna;Female;1995;29; ;Sì;yes; ;Roma;Laurea magistrale o successivo;18;3;4;Prevalentemente pianeggiante;Flat;Sì;No;No;No;No;Sì;No;No;Sì;no;Rome
Lavoro e studio;Numero di volte;2;6;Auto; ; ; ; ;no;no;Private;3;3;3;3;3;3;3;3;5;5;5;5;1;1;1;1;1;1;1;1;5;5;5;5;5;5;5;5;5;5;5;5;5;5;5;4;5;5;5;4;2;5;5;5;5;5;Roma;Roma;yes;5;5;5;0;0;0;0;0;0;0;0;0;0;0;0;0;0; ; ; ; ; ; ; ; ; ; ; ; ; ; ; ; ; ;4;1;4;1;4;1;4;1;1;0;Uomo;Male;1989;35; ;Sì;yes; ;Benevento;Laurea (triennale) di primo livello;16;1;3;Prevalentemente pianeggiante;Flat;Sì;No;Sì;Sì;Sì;Sì;Sì;Sì;Sì;yes;Rome
Non lavoro e non studio; N/A;1; ; ; ; ; ; ;no;no;N/A;5;5;3;3;0;0;0;3;0;3;5;0;0;0;2;5;0;0;0;4;1;2;2;5;5;3;5;5;5;5;5;2;1;0;5;5;2;5;5;5;5;2;2;3;0;0; ; ;yes;3;0;0;100;1;0;3;0;0;3;0;0;3;0;0;0;0;3;0;0;100;1;0;3;0;0;3;0;0;3;0;0;0;0;4;1;4;1;4;1;2;0;3;1;Donna;Female;1988;36;Anzio;Sì;yes; ;Anzio;Media superiore;13;3;4;Prevalentemente pianeggiante;Flat;Sì;No;Sì;No;No;Sì;Sì;No;Sì;;
Lavoro;Numero di volte;2;3;Auto; ; ; ; ;no;no;Private;3;2;2;5;0;0;0;0;4;3;3;2;0;2;2;2;1;1;1;4;5;5;5;4;4;4;5;5;5;5;5;5;4;3;5;4;3;4;5;4;3;3;3;4;3;3;Roma;Roma;yes;2;2;2;0;10;20;4;4;4;3;3;3;4;4;4;4;4; ; ; ; ; ; ; ; ; ; ; ; ; ; ; ; ; ;4;1;3;1;4;1;4;1;4;1;Uomo;Male;1992;32; ;Sì;yes; ;Roma;Laurea magistrale o successivo;18;2;3;Prevalentemente pianeggiante;Flat;Sì;Sì;Sì;Sì;Sì;Sì;Sì;Sì;Sì;yes;Rome
Lavoro;Numero di volte;2;5;Auto; ; ; ; ;no;no;Private;2;2;2;2;2;2;2;2;3;3;3;3;1;1;1;1;1;1;1;1;3;3;3;3;3;3;5;5;5;5;5;5;2;2;3;3;2;2;3;3;4;2;2;2;2;2;Roma;Roma;yes;0;0;0;0;0;0;0;0;0;0;0;0;0;0;0;0;0; ; ; ; ; ; ; ; ; ; ; ; ; ; ; ; ; ;3;1;4;1;1;0;1;0;4;1;Uomo;Male;1990;34; ;Sì;yes; ;Erice;Laurea magistrale o successivo;18;3;1;Prevalentemente pianeggiante;Flat;Sì;No;Sì;Sì;No;Sì;Sì;Sì;Sì;yes;Rome
Lavoro;0 (Mai, lavoro da casa, sto sempre a casa);3;0; ; ; ; ; ;no;no;N/A;0;0;0;0;0;0;0;0;3;4;5;1;0;1;2;3;0;0;0;0;2;2;2;5;5;5;5;5;5;5;5;5;5;5;5;4;3;5;5;4;5;3;3;3;3;0;Roma;Roma;yes;3;3;0;20;20;0;4;4;4;3;3;0;4;2;0;3;0;3;3;0;20;20;0;4;4;4;3;3;0;4;2;0;3;0;1;0;3;1;1;0;3;1;2;0;Donna;Female;1989;35;Roma;Sì;yes; ;Roma;Laurea magistrale o successivo;18;3;3;Prevalentemente pianeggiante;Flat;Sì;No;Sì;No;No;Sì;No;No;Sì;yes;Rome
Lavoro;Numero di volte;2;5;Auto; ; ; ; ;no;no;Private;0;0;0;0;0;0;0;0;1;3;3;3;0;0;0;4;4;3;3;1;0;2;2;5;5;5;5;5;5;5;5;5;2;2;2;3;2;2;2;3;3;2;4;5;5;5;Roma;Roma;yes;4;4;4;50;80;80;4;4;4;4;4;4;4;4;4;4;4; ; ; ; ; ; ; ; ; ; ; ; ; ; ; ; ; ;4;1;4;1;4;1;4;1;3;1;Uomo;Male;1994;30; ;Sì;yes; ;Roma;Laurea magistrale o successivo;18;4;3;Prevalentemente pianeggiante;Flat;Sì;No;Sì;No;No;Sì;Sì;Sì;Sì;yes;Rome
Lavoro;Numero di volte;2;5;Monopattino; ; ; ; ;yes;yes;VRU;5;5;5;5;0;0;0;0;5;5;5;5;3;3;3;3;5;5;5;5;5;5;5;5;5;5;5;5;5;5;5;5;5;5;5;5;5;5;5;5;5;5;5;2;2;2;Roma;Roma;yes;5;5;5;100;100;100;5;5;5;5;5;5;5;5;5;5;5; ; ; ; ; ; ; ; ; ; ; ; ; ; ; ; ; ;4;1;4;1;4;1;4;1;4;1;Uomo;Male;1989;35; ;Sì;yes; ;Roma;Laurea magistrale o successivo;18;2;2;Caratterizzata da forti pendenze;Steep slopes;Sì;No;Sì;No;Sì;Sì;Sì;Sì;Sì;yes;Rome
Lavoro;Numero di volte;2;4;Auto; ; ; ; ;no;no;Private;0;0;0;0;0;0;0;0;5;5;5;0;0;0;5;3;5;5;5;2;1;2;1;5;5;5;4;4;3;3;3;3;4;4;3;5;2;4;4;4;4;1;3;1;1;1;Roma;Roma;yes;1;1;1;0;0;0;1;1;1;1;1;1;1;1;1;1;1; ; ; ; ; ; ; ; ; ; ; ; ; ; ; ; ; ;4;1;2;0;3;1;3;1;1;0;Uomo;Male;1989;35; ;Sì;yes; ;Roma;Laurea magistrale o successivo;18;4;5;Prevalentemente pianeggiante;Flat;Sì;No;No;No;No;Sì;Sì;Sì;Sì;yes;Rome
Lavoro;Numero di volte;2;4;Auto; ; ; ; ;no;no;Private;0;0;0;0;0;0;0;0;2;3;3;3;0;0;0;4;5;2;2;1;3;3;3;5;5;5;5;5;5;5;5;5;3;3;3;4;4;3;3;5;4;4;3;4;2;2;Roma;Roma;yes;3;0;0;50;0;0;3;0;0;3;0;0;3;0;0;0;0; ; ; ; ; ; ; ; ; ; ; ; ; ; ; ; ; ;2;0;4;1;2;0;1;0;3;1;Donna;Female;1991;33; ;Sì;yes; ;Roma;Laurea (triennale) di primo livello;16;4;4;Prevalentemente pianeggiante;Flat;Sì;No;No;No;No;Sì;No;No;Sì;yes;Rome
Lavoro;Numero di volte;2;5;Auto; ; ; ; ;no;no;Private;5;5;5;5;1;1;1;1;5;5;5;5;1;1;1;1;3;3;3;3;5;5;5;5;5;5;5;5;5;5;5;5;5;5;5;5;5;5;5;5;5;5;5;3;3;3;Guidonia;Guidonia;yes;2;2;2;30;30;30;4;4;4;4;4;4;4;4;4;4;4; ; ; ; ; ; ; ; ; ; ; ; ; ; ; ; ; ;3;1;2;0;2;0;2;0;3;1;Donna;Female;2000;24; ;No;no;Romania;Romania;Media superiore;13;4;3;Caratterizzata da piccole salite;Easy climbs;Sì;No;No;No;No;Sì;Sì;Sì;Sì;yes;Not Rome
Lavoro;Numero di volte;2;5;Auto;Bus/Tram;Metro; ; ;yes;yes;Public;5;5;5;0;3;3;3;3;3;5;5;2;2;2;2;4;5;5;5;0;0;0;0;3;3;3;4;4;4;4;4;4;5;5;5;5;3;5;5;5;5;3;3;3;2;2;Roma;Roma;yes;0;0;0;0;0;0;0;0;0;0;0;0;0;0;0;0;0; ; ; ; ; ; ; ; ; ; ; ; ; ; ; ; ; ;1;0;1;0;2;0;1;0;1;0;Uomo;Male;1993;31; ;Sì;yes; ;Roma;Laurea magistrale o successivo;18;4;2;Prevalentemente pianeggiante;Flat;Sì;No;No;No;No;Sì;Sì;Sì;Sì;yes;Rome
Sono uno studente;Numero di volte;2;4;Metro; ; ; ; ;yes;yes;Public;5;3;3;1;1;0;0;0;0;0;0;0;0;4;3;2;5;5;4;2;0;2;3;5;2;2;4;4;4;5;5;5;4;4;4;4;4;5;5;5;5;4;5;5;5;5;Roma;Roma;yes;5;5;5;100;50;50;5;5;5;2;2;2;4;5;5;5;5; ; ; ; ; ; ; ; ; ; ; ; ; ; ; ; ; ;4;1;3;1;3;1;1;0;4;1;Donna;Female;1997;27; ;Sì;yes; ;Isernia;Laurea magistrale o successivo;18;3;2;Prevalentemente pianeggiante;Flat;No;No;No;No;No;Sì;Sì;No;Sì;yes;Rome
Lavoro e studio;Numero di volte;2;6;Bici;Monopattino; ; ; ;yes;yes;VRU;1;1;1;3;0;0;0;1;3;3;3;3;0;0;0;3;3;3;2;3;4;4;4;5;5;5;4;4;0;4;4;0;4;3;3;4;3;4;3;3;3;3;3;5;2;0;Roma;Roma;yes;5;5;0;20;20;0;5;5;2;1;4;4;2;4;4;4;4; ; ; ; ; ; ; ; ; ; ; ; ; ; ; ; ; ;3;1;4;1;3;1;4;1;4;1;Uomo;Male;1990;34; ;Sì;yes; ;Basilicata;Media superiore;13;3;1;Prevalentemente pianeggiante;Flat;Sì;No;No;No;No;Sì;Sì;No;Sì;yes;Rome
Non lavoro e non studio; N/A;1; ; ; ; ; ; ;no;no;N/A;3;3;3;3;3;3;3;3;5;5;5;5;2;2;2;2;5;5;5;5;2;2;2;2;2;2;4;4;4;4;4;4;5;5;5;5;5;5;5;5;5;5;5;0;0;0; ; ;yes;0;0;0;0;0;0;0;0;0;0;0;0;0;0;0;0;0;0;0;0;0;0;0;0;0;0;0;0;0;0;0;0;0;0;1;0;4;1;3;1;4;1;4;1;Uomo;Male;1997;27;Roma;Sì;yes; ;Roma;Media superiore;13;4;4;Caratterizzata da forti pendenze;Steep slopes;Sì;No;Sì;No;No;Sì;Sì;Sì;Sì;;
Lavoro;Numero di volte;2;5;eBike (Bici Elettrica); ; ; ; ;yes;yes;VRU;3;5;0;0;0;0;0;0;5;5;5;3;0;0;0;4;5;3;3;4;3;3;3;5;5;5;5;5;5;5;5;5;3;5;5;4;5;3;5;4;5;5;5;5;5;5;Roma;Roma;yes;5;5;5;100;100;100;5;5;5;5;5;5;5;5;5;5;5; ; ; ; ; ; ; ; ; ; ; ; ; ; ; ; ; ;4;1;4;1;4;1;4;1;2;0;Uomo;Male;1997;27; ;Sì;yes; ;Giugliano;Media superiore;13;3;4;Caratterizzata da forti pendenze;Steep slopes;Sì;No;Sì;Sì;No;Sì;No;Sì;Sì;yes;Rome
Lavoro;Numero di volte;2;5;Auto; ; ; ; ;no;no;Private;1;4;4;5;0;0;0;0;5;5;5;3;0;0;0;5;5;5;5;1;1;1;1;5;5;5;5;5;5;5;5;5;5;5;5;3;3;5;5;3;5;3;4;1;1;1;Guidonia;Monterotondo;no;1;1;1;0;0;0;1;1;1;1;1;1;1;1;1;1;1; ; ; ; ; ; ; ; ; ; ; ; ; ; ; ; ; ;4;1;4;1;2;0;3;1;3;1;Donna;Female;1993;31; ;Sì;yes; ;Aversa;Media superiore;13;4;2;Caratterizzata da forti pendenze;Steep slopes;Sì;No;No;No;No;Sì;No;No;Sì;no;Not Rome
Lavoro;Numero di volte;2;3;Auto; ; ; ; ;no;no;Private;0;0;0;0;0;0;0;0;5;5;5;5;0;0;0;0;1;1;1;1;5;5;5;5;5;5;5;5;5;5;5;5;5;5;5;5;4;5;5;5;3;4;4;5;5;5;Roma;Roma;yes;0;0;0;0;0;0;0;0;0;0;0;0;0;0;0;0;0; ; ; ; ; ; ; ; ; ; ; ; ; ; ; ; ; ;4;1;3;1;4;1;4;1;1;0;Donna;Female;1995;29; ;Sì;yes; ;Roma;Laurea magistrale o successivo;18;3;2;Prevalentemente pianeggiante;Flat;Sì;No;Sì;No;Sì;Sì;Sì;Sì;Sì;yes;Rome
Lavoro;Numero di volte;2;5;Vado a piedi; ; ; ; ;yes;yes;VRU;3;3;1;3;3;3;3;3;1;4;4;2;1;1;1;4;2;3;3;2;4;4;4;4;4;4;5;5;5;5;5;5;3;3;3;3;2;3;3;3;3;2;1;5;0;0;Roma;Roma;yes;5;5;5;100;0;0;5;5;5;5;5;5;5;5;5;5;5; ; ; ; ; ; ; ; ; ; ; ; ; ; ; ; ; ;3;1;4;1;2;0;1;0;3;1;Donna;Female;1988;36; ;Sì;yes; ;Roma;Laurea magistrale o successivo;18;3;5;Caratterizzata da forti pendenze;Steep slopes;Sì;No;Sì;No;No;Sì;No;No;Sì;yes;Rome
Lavoro;Numero di volte;2;6;Auto; ; ; ; ;no;no;Private;5;5;5;0;0;0;0;0;5;5;5;0;0;0;0;5;5;5;5;5;0;0;0;5;5;5;5;5;5;5;5;5;5;5;5;5;5;5;5;5;4;5;5;0;0;0;Roma;Roma;yes;0;0;0;0;0;0;0;0;0;0;0;0;0;0;0;0;0; ; ; ; ; ; ; ; ; ; ; ; ; ; ; ; ; ;1;0;4;1;4;1;1;0;1;0;Donna;Female;1989;35; ;Sì;yes; ;Roma;Media superiore;13;4;0;Prevalentemente pianeggiante;Flat;Sì;Sì;No;No;No;Sì;Sì;Sì;Sì;yes;Rome
Lavoro;Numero di volte;2;5;Auto; ; ; ; ;no;no;Private;1;4;4;2;1;1;1;1;2;4;4;2;0;0;0;3;2;1;1;0;3;2;2;5;5;5;5;5;5;5;5;5;1;5;3;5;2;5;5;5;5;4;2;3;3;3;Roma;Roma;yes;4;4;0;80;0;0;5;0;0;3;0;0;3;0;0;0;0; ; ; ; ; ; ; ; ; ; ; ; ; ; ; ; ; ;1;0;2;0;3;1;1;0;3;1;Uomo;Male;1991;33; ;Sì;yes; ;Roma;Media superiore;13;3;1;Prevalentemente pianeggiante;Flat;Sì;No;No;No;No;Sì;Sì;Sì;Sì;yes;Rome
Lavoro;Numero di volte;2;6;Bus/Tram; ; ; ; ;yes;yes;Public;3;2;2;0;0;0;0;0;5;5;5;4;0;0;1;3;5;3;3;2;0;2;2;5;5;4;5;5;5;5;5;5;5;5;5;5;5;5;5;5;5;5;5;5;5;5;Roma;Roma;yes;5;5;5;100;0;100;5;5;5;5;5;5;5;5;5;5;5; ; ; ; ; ; ; ; ; ; ; ; ; ; ; ; ; ;4;1;3;1;4;1;2;0;4;1;Donna;Female;2001;23; ;Sì;yes; ;Roma;Laurea (triennale) di primo livello;16;4;4;Prevalentemente pianeggiante;Flat;Sì;No;No;No;Sì;Sì;Sì;No;Sì;yes;Rome
Lavoro;Numero di volte;2;3;Bus/Tram;Metro;Treno; ; ;yes;yes;Public;3;5;5;5;0;0;0;0;0;3;3;3;0;0;0;4;3;3;3;3;1;3;3;5;5;5;5;5;5;5;5;5;5;5;5;5;2;5;5;5;5;2;2;5;0;0;Roma;Roma;yes;5;0;0;100;0;0;4;4;4;4;4;4;4;4;4;4;4; ; ; ; ; ; ; ; ; ; ; ; ; ; ; ; ; ;4;1;3;1;4;1;1;0;3;1;Donna;Female;1991;33; ;Sì;yes;Argentina;Argentina;Laurea magistrale o successivo;18;3;3;Caratterizzata da piccole salite;Easy climbs;No;No;No;No;No;Sì;Sì;Sì;Sì;yes;Rome
Lavoro;Numero di volte;2;5;Auto; ; ; ; ;no;no;Private;3;1;1;4;0;0;0;0;5;5;5;2;0;0;0;2;5;3;3;1;1;3;3;5;5;5;5;5;5;5;5;5;3;2;4;5;1;3;4;5;2;1;1;1;3;3;Guidonia;Fonte Nuova;no;1;3;3;10;50;50;1;3;3;1;3;3;1;3;3;3;3; ; ; ; ; ; ; ; ; ; ; ; ; ; ; ; ; ;1;0;4;1;4;1;3;1;1;0;Uomo;Male;1989;35; ;Sì;yes;Perù;Perù;Media superiore;13;4;2;Caratterizzata da piccole salite;Easy climbs;Sì;No;No;No;No;Sì;Sì;Sì;Sì;no;Not Rome
Lavoro;Numero di volte;2;7;Bus/Tram;eBike (Bici Elettrica); ; ; ;yes;yes;VRU;0;0;0;2;0;0;0;0;0;1;1;4;0;0;2;5;3;3;3;4;1;1;1;3;3;3;5;5;5;5;5;5;5;5;4;4;5;5;5;4;5;5;5;3;2;2;Roma;Roma;yes;5;5;5;100;100;100;5;5;5;5;5;5;5;5;5;5;5; ; ; ; ; ; ; ; ; ; ; ; ; ; ; ; ; ;4;1;4;1;4;1;4;1;4;1;Donna;Female;1993;31; ;Sì;yes; ;Padova;Licenza elementare/media inferiore;8;2;4;Caratterizzata da piccole salite;Easy climbs;No;No;Sì;Sì;Sì;Sì;Sì;Sì;No;yes;Rome
Non lavoro e non studio; N/A;1; ; ; ; ; ; ;no;no;N/A;5;0;0;5;0;0;0;0;5;5;5;5;0;0;0;5;0;0;0;0;5;5;5;5;5;5;5;5;5;5;5;5;5;5;2;2;2;5;2;2;2;2;1;1;1;1; ; ;yes;1;1;1;10;10;10;1;1;1;1;1;1;1;1;1;1;1;1;1;1;10;10;10;1;1;1;1;1;1;1;1;1;1;1;1;0;1;0;4;1;4;1;1;0;Uomo;Male;1989;35;Roma;Sì;yes; ;Roma;Media superiore;13;2;1;Prevalentemente pianeggiante;Flat;Sì;No;No;No;No;Sì;Sì;Sì;Sì;;
Lavoro;Numero di volte;2;5;Auto; ; ; ; ;no;no;Private;2;0;5;0;0;0;0;0;0;3;5;0;0;0;4;3;0;4;2;0;1;3;3;5;5;5;5;5;5;5;5;5;1;1;2;2;2;1;1;3;3;3;3;1;1;0;Roma;Roma;yes;0;0;0;0;0;0;0;0;0;0;0;0;0;0;0;0;0; ; ; ; ; ; ; ; ; ; ; ; ; ; ; ; ; ;1;0;1;0;2;0;1;0;1;0;Uomo;Male;1999;25; ;Sì;yes; ;Anzio;Laurea (triennale) di primo livello;16;3;4;Prevalentemente pianeggiante;Flat;Sì;No;Sì;No;No;Sì;Sì;No;Sì;yes;Rome
Lavoro;Numero di volte;2;5;Auto;Metro; ; ; ;yes;yes;Public;5;5;5;0;0;0;0;0;3;2;2;1;0;0;0;4;5;4;4;2;0;1;1;5;5;5;5;5;5;5;5;5;5;5;5;4;3;5;5;4;5;3;3;4;1;1;Roma;Roma;yes;4;1;1;50;0;0;4;1;1;4;1;1;4;1;1;1;1; ; ; ; ; ; ; ; ; ; ; ; ; ; ; ; ; ;3;1;4;1;4;1;1;0;2;0;Donna;Female;1995;29; ;Sì;yes; ;Roma;Laurea (triennale) di primo livello;16;3;4;Prevalentemente pianeggiante;Flat;Sì;No;No;No;No;Sì;No;No;Sì;yes;Rome
Lavoro;Numero di volte;2;5;Auto; ; ; ; ;no;no;Private;3;4;4;5;0;0;0;0;2;3;3;3;0;0;0;5;5;2;2;3;3;3;3;3;3;3;5;5;5;5;5;5;5;5;5;5;5;5;5;5;5;5;5;1;1;1;Roma;Fiumicino;no;0;0;0;0;0;0;0;0;0;0;0;0;0;0;0;0;0; ; ; ; ; ; ; ; ; ; ; ; ; ; ; ; ; ;4;1;3;1;2;0;3;1;2;0;Donna;Female;1997;27; ;Sì;yes; ;Roma;Laurea (triennale) di primo livello;16;3;1;Prevalentemente pianeggiante;Flat;Sì;No;Sì;Sì;Sì;Sì;Sì;Sì;Sì;no;Not Rome
Lavoro;Numero di volte;2;5;Metro; ; ; ; ;yes;yes;Public;4;2;0;5;0;0;0;0;3;4;4;0;0;0;0;4;0;0;0;4;3;3;3;5;5;5;5;5;5;5;5;5;4;5;5;5;5;3;5;3;4;4;5;4;4;4;Roma;Roma;yes;5;5;5;100;0;0;5;5;5;5;5;5;5;0;0;4;4; ; ; ; ; ; ; ; ; ; ; ; ; ; ; ; ; ;1;0;4;1;1;0;2;0;4;1;Donna;Female;1995;29; ;Sì;yes; ;Alghero;Media superiore;13;4;5;Caratterizzata da forti pendenze;Steep slopes;Sì;No;No;No;No;Sì;No;Sì;Sì;yes;Rome
Lavoro;Numero di volte;2;5;Auto; ; ; ; ;no;no;Private;0;0;0;0;0;0;0;0;0;0;0;0;0;0;0;0;3;3;3;3;5;5;5;5;5;5;5;5;5;5;5;5;0;0;3;3;2;0;3;3;2;2;2;5;5;5;Roma;Roma;yes;0;0;0;0;0;0;0;0;0;0;0;0;0;0;0;0;0; ; ; ; ; ; ; ; ; ; ; ; ; ; ; ; ; ;3;1;3;1;4;1;4;1;2;0;Uomo;Male;1992;32; ;Sì;yes; ;Roma;Media superiore;13;3;5;Prevalentemente pianeggiante;Flat;Sì;Sì;Sì;Sì;Sì;Sì;Sì;Sì;Sì;yes;Rome
Lavoro;Numero di volte;2;3;Auto;Metro; ; ; ;yes;yes;Public;2;3;3;4;0;0;0;0;0;3;3;1;0;0;0;4;3;2;2;2;3;4;4;5;5;5;5;5;5;5;5;5;5;4;3;5;2;5;3;5;3;2;3;3;1;1;Roma;Roma;yes;4;0;0;50;0;0;4;0;0;4;0;0;4;0;0;0;0; ; ; ; ; ; ; ; ; ; ; ; ; ; ; ; ; ;1;0;4;1;4;1;4;1;4;1;Donna;Female;1991;33; ;Sì;yes; ;Roma;Laurea magistrale o successivo;18;3;4;Prevalentemente pianeggiante;Flat;Sì;No;No;No;No;Sì;Sì;Sì;Sì;yes;Rome
Lavoro;Numero di volte;2;7;Bus/Tram; ; ; ; ;yes;yes;Public;0;0;0;0;0;0;0;0;5;5;5;5;5;5;5;5;5;5;5;5;4;4;4;3;3;3;5;5;5;5;5;5;5;5;5;5;5;5;5;5;5;5;5;3;3;3;Roma;Roma;yes;5;5;5;100;100;100;5;5;5;5;5;5;5;5;5;5;5; ; ; ; ; ; ; ; ; ; ; ; ; ; ; ; ; ;4;1;1;0;4;1;4;1;1;0;Donna;Female;2002;22; ;Sì;yes; ;Roma;Licenza elementare/media inferiore;8;3;2;Prevalentemente pianeggiante;Flat;No;No;No;No;No;Sì;Sì;Sì;Sì;yes;Rome
Lavoro;Numero di volte;2;5;Metro; ; ; ; ;yes;yes;Public;1;4;4;5;0;0;1;0;5;5;5;4;0;2;2;4;1;1;1;5;2;2;1;5;4;3;5;5;0;5;5;0;5;5;5;5;5;5;5;5;5;5;5;5;5;5;Roma;Roma;yes;5;5;5;15;0;10;5;5;5;5;5;5;5;5;5;5;5; ; ; ; ; ; ; ; ; ; ; ; ; ; ; ; ; ;4;1;4;1;4;1;1;0;1;0;Uomo;Male;1993;31; ;Sì;yes; ;Taranto;Laurea magistrale o successivo;18;4;4;Caratterizzata da piccole salite;Easy climbs;Sì;Sì;No;No;No;Sì;Sì;Sì;Sì;yes;Rome
Lavoro;Numero di volte;2;5;Auto; ; ; ; ;no;no;Private;0;0;5;3;0;0;0;0;1;3;3;3;0;0;1;4;4;4;4;1;1;1;1;5;5;5;5;5;5;5;5;5;5;5;5;5;2;5;5;5;4;2;2;0;0;0;Roma;Anzio;no;0;0;0;0;0;0;0;0;0;0;0;0;0;0;0;0;0; ; ; ; ; ; ; ; ; ; ; ; ; ; ; ; ; ;2;0;3;1;1;0;3;1;3;1;Uomo;Male;1991;33; ;Sì;yes; ;Roma;Media superiore;13;1;4;Prevalentemente pianeggiante;Flat;Sì;Sì;Sì;No;No;Sì;No;No;Sì;no;Not Rome
Lavoro;Numero di volte;2;5;Auto; ; ; ; ;no;no;Private;1;5;5;1;0;0;0;0;5;1;1;0;0;0;0;4;5;5;5;1;1;1;1;5;5;5;5;5;5;5;5;5;1;1;5;5;0;1;5;5;5;0;3;1;1;1;Roma;Roma;yes;1;1;1;0;0;0;1;1;1;1;1;1;1;1;1;1;1; ; ; ; ; ; ; ; ; ; ; ; ; ; ; ; ; ;4;1;1;0;2;0;3;1;2;0;Uomo;Male;1998;26; ;Sì;yes; ;Roma;Media superiore;13;3;2;Prevalentemente pianeggiante;Flat;Sì;No;No;No;No;Sì;Sì;Sì;Sì;yes;Rome
Lavoro;Numero di volte;2;5;Auto; ; ; ; ;no;no;Private;5;5;5;5;0;0;0;0;1;1;1;1;4;4;4;4;4;4;4;4;4;4;4;4;4;4;5;5;5;5;5;5;5;5;5;5;5;5;5;5;5;5;5;0;0;0;Roma;Roma;yes;4;4;4;0;0;0;0;0;0;0;0;0;0;0;0;0;0; ; ; ; ; ; ; ; ; ; ; ; ; ; ; ; ; ;1;0;4;1;1;0;2;0;2;0;Uomo;Male;1993;31; ;Sì;yes; ;Roma;Media superiore;13;3;1;Caratterizzata da piccole salite;Easy climbs;Sì;No;Sì;No;No;Sì;Sì;Sì;Sì;yes;Rome
Lavoro;Numero di volte;2;5;Bus/Tram; ; ; ; ;yes;yes;Public;0;0;0;0;0;0;0;0;0;0;0;0;0;0;0;5;4;2;2;0;0;2;2;5;5;5;5;5;5;5;5;5;2;2;1;4;1;2;1;4;4;1;1;1;2;2;Pomezia;Roma;no;1;2;2;0;0;0;0;0;0;0;0;0;0;0;0;0;0; ; ; ; ; ; ; ; ; ; ; ; ; ; ; ; ; ;4;1;4;1;1;0;4;1;1;0;Uomo;Male;1994;30; ;Sì;yes; ;Roma;Laurea magistrale o successivo;18;3;2;Caratterizzata da forti pendenze;Steep slopes;Sì;Sì;Sì;No;No;Sì;Sì;Sì;Sì;no;Rome
Lavoro e studio;Numero di volte;2;5;Bus/Tram;Metro;Treno; ; ;yes;yes;Public;4;4;4;4;4;4;4;4;4;4;4;4;4;4;4;4;5;5;5;5;1;1;1;1;1;1;5;5;5;5;5;5;5;5;4;4;5;5;4;4;3;5;5;5;5;5;Roma;Roma;yes;5;5;5;100;100;100;5;5;5;5;5;5;5;5;5;5;5; ; ; ; ; ; ; ; ; ; ; ; ; ; ; ; ; ;4;1;3;1;1;0;3;1;4;1;Uomo;Male;2000;24; ;Sì;yes; ;Anzio;Media superiore;13;4;2;Prevalentemente pianeggiante;Flat;Sì;No;No;No;No;Sì;Sì;Sì;Sì;yes;Rome
Lavoro;Numero di volte;2;3;Auto; ; ; ; ;no;no;Private;0;0;0;2;0;0;0;0;0;3;0;3;0;0;0;5;0;1;0;2;3;3;3;5;5;5;5;5;5;5;5;5;3;3;2;4;4;3;2;3;3;3;3;3;3;3;Roma;Roma;yes;4;4;4;0;0;0;0;0;0;0;0;0;0;4;4;4;4; ; ; ; ; ; ; ; ; ; ; ; ; ; ; ; ; ;4;1;3;1;4;1;2;0;3;1;Donna;Female;1990;34; ;Sì;yes; ;Ancona;Laurea magistrale o successivo;18;4;3;Caratterizzata da piccole salite;Easy climbs;Sì;No;No;No;No;Sì;No;No;Sì;yes;Rome
Lavoro;Numero di volte;2;2;Auto; ; ; ; ;no;no;Private;5;4;5;2;2;2;2;0;2;5;5;0;0;0;0;2;5;4;4;1;0;0;1;5;4;4;5;5;0;5;5;0;5;5;4;5;3;5;5;5;5;0;4;2;3;2;Roma;Roma;yes;0;1;1;0;10;10;1;1;1;1;1;1;1;1;1;1;1; ; ; ; ; ; ; ; ; ; ; ; ; ; ; ; ; ;2;0;3;1;2;0;1;0;1;0;Uomo;Male;1991;33; ;Sì;yes; ;Avellino ;Laurea (triennale) di primo livello;16;4;1;Caratterizzata da forti pendenze;Steep slopes;Sì;No;No;No;No;Sì;Sì;Sì;Sì;yes;Rome
Lavoro;Numero di volte;2;4;Vado a piedi; ; ; ; ;yes;yes;VRU;0;4;4;2;0;0;0;0;5;5;5;0;0;0;0;3;0;0;0;2;4;4;4;4;4;4;4;4;4;5;5;5;4;4;4;4;4;4;4;4;4;4;4;3;3;3;Roma;Roma;yes;3;3;3;100;30;0;5;5;3;5;5;3;5;5;3;5;4; ; ; ; ; ; ; ; ; ; ; ; ; ; ; ; ; ;4;1;3;1;3;1;3;1;4;1;Donna;Female;1992;32; ;Sì;yes; ;Roma;Laurea (triennale) di primo livello;16;4;3;Caratterizzata da piccole salite;Easy climbs;Sì;No;Sì;No;No;Sì;No;No;Sì;yes;Rome
Lavoro;Numero di volte;2;6;Auto; ; ; ; ;no;no;Private;1;1;1;1;0;0;0;0;0;0;0;0;0;0;0;5;2;2;2;2;0;3;3;5;0;0;5;5;5;5;5;5;5;5;5;5;5;3;3;3;3;3;3;0;0;0;Roma;Roma;yes;0;0;0;0;0;0;5;0;0;4;0;0;4;0;0;2;2; ; ; ; ; ; ; ; ; ; ; ; ; ; ; ; ; ;1;0;4;1;3;1;1;0;1;0;Donna;Female;1991;33; ;Sì;yes; ;Roma;Media superiore;13;3;0;Caratterizzata da piccole salite;Easy climbs;Sì;No;Sì;No;No;Sì;Sì;No;Sì;yes;Rome
Lavoro;Numero di volte;2;6;Auto; ; ; ; ;no;no;Private;0;0;0;3;0;0;0;3;0;0;0;5;0;0;0;5;0;0;0;0;3;3;3;5;5;5;5;5;5;5;5;5;3;3;5;5;2;3;5;3;2;2;4;0;0;0;Roma;Ladispoli;no;0;0;0;0;0;0;0;0;0;0;0;0;0;0;0;0;0; ; ; ; ; ; ; ; ; ; ; ; ; ; ; ; ; ;3;1;2;0;1;0;3;1;1;0;Uomo;Male;1990;34; ;Sì;yes; ;Brindisi;Licenza elementare/media inferiore;8;3;0;Prevalentemente pianeggiante;Flat;Sì;Sì;No;No;No;Sì;Sì;Sì;Sì;no;Not Rome
Lavoro;Numero di volte;2;6;Bus/Tram; ; ; ; ;yes;yes;Public;0;0;0;0;0;0;0;0;0;0;0;0;2;2;2;2;0;0;0;0;1;1;1;0;0;0;0;0;0;1;1;1;2;2;0;0;0;1;1;1;1;0;0;1;1;1;Roma;Roma;yes;0;0;0;0;0;0;4;4;4;2;2;2;1;2;2;2;2; ; ; ; ; ; ; ; ; ; ; ; ; ; ; ; ; ;4;1;4;1;4;1;1;0;1;0;Donna;Female;1989;35; ;Sì;yes; ;Roma;Laurea (triennale) di primo livello;16;3;4;Prevalentemente pianeggiante;Flat;Sì;No;No;No;No;Sì;Sì;No;Sì;yes;Rome
Sono uno studente;Numero di volte;2;4;Moto/scooter; ; ; ; ;no;yes;Private;5;3;4;5;0;0;0;0;5;5;5;3;0;0;0;5;5;5;5;4;1;1;1;5;5;5;4;4;4;5;5;5;3;3;3;3;3;3;3;3;3;3;3;2;2;2;Roma;Roma;yes;3;3;3;0;0;0;4;4;4;4;4;4;5;4;4;4;4; ; ; ; ; ; ; ; ; ; ; ; ; ; ; ; ; ;3;1;4;1;4;1;2;0;3;1;Uomo;Male;1998;26; ;Sì;yes; ;Roma;Laurea (triennale) di primo livello;16;4;3;Caratterizzata da forti pendenze;Steep slopes;No;Sì;No;No;No;Sì;Sì;No;Sì;yes;Rome
Lavoro;Numero di volte;2;5;Metro; ; ; ; ;yes;yes;Public;2;4;3;1;0;0;0;0;0;4;4;3;0;0;0;5;1;3;3;4;1;2;3;0;0;1;4;3;3;4;4;3;4;4;4;3;4;3;4;3;3;3;4;3;2;2;Roma;Roma;yes;0;0;1;0;0;10;2;4;2;3;3;3;2;4;4;4;4; ; ; ; ; ; ; ; ; ; ; ; ; ; ; ; ; ;2;0;3;1;3;1;2;0;2;0;Uomo;Male;1991;33; ;Sì;yes; ;Roma;Laurea (triennale) di primo livello;16;3;3;Caratterizzata da piccole salite;Easy climbs;Sì;No;Sì;No;No;Sì;No;No;Sì;yes;Rome
Non lavoro e non studio; N/A;1; ; ; ; ; ; ;no;no;N/A;0;0;0;0;0;0;0;0;1;0;0;2;0;0;0;5;5;3;3;3;1;2;2;5;5;5;5;5;5;5;5;5;3;3;5;3;2;3;5;3;2;2;5;3;3;3; ; ;yes;3;3;3;100;100;0;3;3;3;3;3;3;5;3;3;3;3;3;3;3;100;100;0;3;3;3;3;3;3;5;3;3;3;3;2;0;4;1;4;1;3;1;3;1;Uomo;Male;1988;36;Roma;Sì;yes; ;Roma;Media superiore;13;4;3;Prevalentemente pianeggiante;Flat;Sì;No;Sì;No;No;Sì;No;Sì;Sì;;
Lavoro;Numero di volte;2;6;Auto;Bus/Tram;Metro; ; ;yes;yes;Public;0;3;3;1;0;0;0;0;0;0;0;3;0;0;0;4;3;3;2;0;0;0;0;5;5;5;5;5;5;5;5;5;5;5;5;5;4;5;5;5;3;4;4;5;2;2;Albano Laziale;Ariccia;no;3;0;0;10;0;0;4;4;4;4;0;0;4;0;0;0;0; ; ; ; ; ; ; ; ; ; ; ; ; ; ; ; ; ;2;0;2;0;3;1;2;0;3;1;Donna;Female;1993;31; ;Sì;yes; ;Genzano;Laurea magistrale o successivo;18;4;3;Caratterizzata da forti pendenze;Steep slopes;Sì;No;Sì;No;Sì;Sì;Sì;No;Sì;no;Not Rome
Lavoro;Numero di volte;2;2;Metro; ; ; ; ;yes;yes;Public;0;0;0;0;0;0;0;0;4;4;4;4;0;0;4;4;0;0;0;5;5;5;5;5;5;5;5;5;5;5;5;5;5;5;5;5;3;5;5;5;5;3;4;5;5;5;Roma;Roma;yes;5;5;5;99;99;99;5;5;5;5;5;5;5;5;5;5;5; ; ; ; ; ; ; ; ; ; ; ; ; ; ; ; ; ;3;1;3;1;3;1;3;1;2;0;Uomo;Male;1994;30; ;Sì;yes; ;Genzano;Media superiore;13;5;3;Prevalentemente pianeggiante;Flat;Sì;Sì;Sì;No;No;Sì;Sì;No;Sì;yes;Rome
Lavoro;Numero di volte;2;5;Bici; ; ; ; ;yes;yes;VRU;3;3;3;3;0;0;0;0;3;3;3;3;0;0;0;5;3;3;3;3;5;5;5;5;5;5;5;5;5;5;5;5;3;3;3;3;3;3;3;3;3;3;3;0;0;0;Roma;Roma;yes;0;0;0;0;0;0;0;0;0;0;0;0;0;0;0;0;0; ; ; ; ; ; ; ; ; ; ; ; ; ; ; ; ; ;1;0;1;0;1;0;1;0;1;0;Donna;Female;1993;31; ;Sì;yes; ;Roma;Media superiore;13;2;0;Prevalentemente pianeggiante;Flat;Sì;No;Sì;No;No;Sì;No;No;Sì;yes;Rome
Lavoro e studio;Numero di volte;2;4;Bus/Tram;Metro; ; ; ;yes;yes;Public;0;0;0;0;0;0;0;0;0;0;0;0;0;0;0;5;0;0;0;0;0;0;0;5;5;5;5;5;5;5;5;5;5;5;0;0;5;5;5;5;5;5;5;3;2;0;Roma;Castel Gandolfo;no;3;1;0;100;0;0;4;2;0;4;2;0;4;2;0;2;2; ; ; ; ; ; ; ; ; ; ; ; ; ; ; ; ; ;3;1;3;1;4;1;2;0;4;1;Donna;Female;1992;32; ;Sì;yes; ;Roma;Laurea (triennale) di primo livello;16;3;3;Prevalentemente pianeggiante;Flat;Sì;No;No;No;No;Sì;Sì;No;Sì;no;Not Rome
Lavoro;Numero di volte;2;2;Treno; ; ; ; ;yes;yes;Public;0;0;0;0;0;0;0;0;3;3;3;3;0;0;0;0;3;3;3;3;3;3;3;3;3;3;4;4;4;4;4;4;4;4;4;4;4;4;4;4;4;4;4;3;3;3;Roma;Roma;yes;2;2;2;50;50;50;3;3;3;3;3;3;3;3;3;3;3; ; ; ; ; ; ; ; ; ; ; ; ; ; ; ; ; ;1;0;4;1;4;1;3;1;1;0;Donna;Female;1994;30; ;Sì;yes; ;Roma;Laurea magistrale o successivo;18;3;1;Prevalentemente pianeggiante;Flat;Sì;No;No;Sì;No;Sì;Sì;Sì;Sì;yes;Rome
Lavoro;Numero di volte;2;5;Bus/Tram; ; ; ; ;yes;yes;Public;5;3;1;3;0;0;0;0;0;0;0;0;0;0;3;3;3;3;3;2;2;2;2;5;3;2;5;4;1;5;5;1;3;2;3;3;3;5;4;4;3;2;4;5;2;2;Roma;Roma;yes;5;1;1;100;0;0;4;5;1;5;3;3;4;3;3;1;1; ; ; ; ; ; ; ; ; ; ; ; ; ; ; ; ; ;4;1;3;1;4;1;2;0;2;0;Donna;Female;1991;33; ;Sì;yes; ;Roma;Laurea (triennale) di primo livello;16;5;3;Prevalentemente pianeggiante;Flat;Sì;No;No;No;No;Sì;No;No;Sì;yes;Rome
Lavoro;Numero di volte;2;4;Moto/scooter; ; ; ; ;no;yes;Private;0;0;0;4;0;0;0;0;0;3;3;2;0;0;3;3;0;2;2;5;3;3;3;5;5;5;4;4;4;4;4;4;5;5;5;5;1;5;5;5;2;1;2;5;3;3;Roma;Roma;yes;1;2;2;1;1;1;4;4;4;4;4;4;4;4;4;4;4; ; ; ; ; ; ; ; ; ; ; ; ; ; ; ; ; ;3;1;4;1;4;1;3;1;3;1;Uomo;Male;1989;35; ;Sì;yes; ;Roma;Laurea magistrale o successivo;18;2;3;Prevalentemente pianeggiante;Flat;Sì;Sì;Sì;No;No;Sì;Sì;No;Sì;yes;Rome
Lavoro;Numero di volte;2;6;Auto; ; ; ; ;no;no;Private;2;2;2;0;0;0;0;0;3;3;3;1;0;0;0;4;2;2;2;0;2;2;2;5;5;5;5;5;5;5;5;5;5;5;5;4;4;5;5;4;4;4;4;0;0;0;Roma;Guidonia;no;0;0;0;0;0;0;0;0;0;0;0;0;0;0;0;0;0; ; ; ; ; ; ; ; ; ; ; ; ; ; ; ; ; ;2;0;3;1;1;0;2;0;2;0;Uomo;Male;2001;23; ;Sì;yes; ;Roma;Media superiore;13;4;1;Prevalentemente pianeggiante;Flat;Sì;Sì;Sì;No;No;Sì;Sì;Sì;Sì;no;Not Rome
Lavoro e studio;Numero di volte;2;5;Metro; ; ; ; ;yes;yes;Public;3;3;2;4;0;0;0;3;4;4;4;4;0;0;0;3;1;1;1;4;4;4;4;5;5;5;5;5;5;5;5;5;4;4;5;5;5;4;5;5;5;5;4;4;3;3;Roma;Roma;yes;4;4;4;100;0;0;5;5;5;5;5;5;5;5;5;5;5; ; ; ; ; ; ; ; ; ; ; ; ; ; ; ; ; ;3;1;4;1;3;1;4;1;4;1;Donna;Female;1998;26; ;Sì;yes; ;Roma;Media superiore;13;4;3;Caratterizzata da piccole salite;Easy climbs;Sì;No;Sì;No;Sì;Sì;Sì;No;Sì;yes;Rome
Lavoro;Numero di volte;2;4;Moto/scooter; ; ; ; ;no;yes;Private;2;2;2;2;1;1;1;1;2;2;2;2;1;1;1;4;3;3;3;3;1;1;1;5;5;5;3;3;3;4;4;4;5;5;5;5;5;5;5;5;5;5;5;2;2;2;Roma;Roma;yes;2;2;2;1;1;1;3;3;3;2;2;2;2;3;3;2;2; ; ; ; ; ; ; ; ; ; ; ; ; ; ; ; ; ;1;0;3;1;1;0;2;0;4;1;Uomo;Male;1993;31; ;Sì;yes; ;Roma;Media superiore;13;3;5;Caratterizzata da forti pendenze;Steep slopes;Sì;Sì;Sì;No;Sì;Sì;Sì;Sì;Sì;yes;Rome
Lavoro;Numero di volte;2;5;Moto/scooter; ; ; ; ;no;yes;Private;0;0;0;0;0;0;0;0;5;5;3;3;0;0;0;4;3;3;3;4;3;3;3;5;5;5;5;5;5;5;5;5;5;5;5;5;5;5;5;5;5;5;5;0;0;0;Roma;Roma;yes;2;0;0;0;0;0;4;4;4;4;4;4;4;4;4;4;4; ; ; ; ; ; ; ; ; ; ; ; ; ; ; ; ; ;1;0;3;1;1;0;3;1;2;0;Uomo;Male;1991;33; ;Sì;yes; ;Chiaromonte;Laurea (triennale) di primo livello;16;0;1;Caratterizzata da piccole salite;Easy climbs;Sì;Sì;No;Sì;Sì;Sì;Sì;Sì;Sì;yes;Rome
Lavoro;Numero di volte;2;5;Auto; ; ; ; ;no;no;Private;0;0;0;0;0;0;0;0;3;3;3;3;0;0;0;0;5;5;5;5;2;2;2;2;2;2;5;5;5;5;5;5;5;5;3;3;5;5;3;3;3;5;5;3;0;0;Roma;Roma;yes;0;0;0;0;0;0;0;0;0;0;0;0;0;0;0;0;0; ; ; ; ; ; ; ; ; ; ; ; ; ; ; ; ; ;4;1;4;1;3;1;2;0;1;0;Donna;Female;1989;35; ;Sì;yes; ;Roma;Laurea magistrale o successivo;18;4;0;Prevalentemente pianeggiante;Flat;Sì;No;No;No;No;No;No;No;Sì;yes;Rome
Lavoro;Numero di volte;2;2;Metro; ; ; ; ;yes;yes;Public;0;0;2;3;2;3;2;4;2;5;5;1;0;0;0;3;2;3;3;3;0;5;5;5;5;4;4;4;4;5;5;5;4;3;4;4;3;4;4;3;3;3;4;1;2;2;Roma;Roma;yes;0;0;0;0;0;0;1;4;3;1;3;3;3;4;4;4;4; ; ; ; ; ; ; ; ; ; ; ; ; ; ; ; ; ;2;0;2;0;3;1;1;0;4;1;Donna;Female;1991;33; ;No;no;Romania;Romania;Laurea (triennale) di primo livello;16;3;4;Caratterizzata da piccole salite;Easy climbs;Sì;No;No;No;No;Sì;No;No;Sì;yes;Rome
Non lavoro e non studio; N/A;1; ; ; ; ; ; ;no;no;N/A;0;0;0;3;0;0;0;0;4;4;4;4;0;0;0;5;3;3;3;3;0;0;0;5;5;5;5;5;5;5;5;5;5;5;5;5;5;5;5;5;5;5;5;5;5;5; ; ;yes;5;5;5;100;50;0;5;5;5;5;5;5;5;5;5;5;5;5;5;5;100;50;0;5;5;5;5;5;5;5;5;5;5;5;4;1;4;1;4;1;4;1;4;1;Donna;Female;1988;36;Fiano Romano;No;no;Brasile;Brasile;Laurea magistrale o successivo;18;4;2;Caratterizzata da piccole salite;Easy climbs;Sì;No;Sì;No;No;Sì;Sì;No;Sì;;
Lavoro;Numero di volte;2;5;Treno; ; ; ; ;yes;yes;Public;2;4;4;3;0;0;0;0;5;5;5;4;2;2;2;4;4;4;4;2;4;4;4;1;1;1;4;4;4;5;5;5;4;4;4;4;4;4;4;4;4;4;4;3;3;3;Roma;Ostia;no;3;3;3;100;20;0;3;3;3;4;4;4;3;4;4;4;4; ; ; ; ; ; ; ; ; ; ; ; ; ; ; ; ; ;4;1;3;1;4;1;3;1;3;1;Donna;Female;1998;26; ;Sì;yes; ;Roma;Laurea (triennale) di primo livello;16;4;4;Caratterizzata da piccole salite;Easy climbs;No;No;Sì;No;No;Sì;Sì;Sì;Sì;no;Not Rome
Lavoro;Numero di volte;2;6;Bus/Tram;Metro;Vado a piedi; ; ;yes;yes;VRU;0;0;0;2;0;0;0;0;3;3;3;2;0;0;2;4;0;0;0;3;3;3;3;4;4;4;5;5;5;5;5;5;5;5;4;4;4;5;5;5;5;5;5;5;5;5;Roma;Roma;yes;5;5;5;100;50;50;5;5;5;4;3;3;3;4;4;4;4; ; ; ; ; ; ; ; ; ; ; ; ; ; ; ; ; ;4;1;3;1;4;1;4;1;4;1;Donna;Female;1991;33; ;Sì;yes; ;Roma;Laurea magistrale o successivo;18;3;4;Prevalentemente pianeggiante;Flat;Sì;No;Sì;Sì;Sì;Sì;Sì;Sì;Sì;yes;Rome
Lavoro;Numero di volte;2;7;Auto;Moto/scooter; ; ; ;no;yes;Private;0;0;0;0;0;0;0;0;4;4;4;4;2;2;2;2;5;5;5;5;2;2;2;2;2;2;5;5;5;5;5;5;5;5;5;5;5;5;5;5;2;5;5;0;0;0;Roma;Roma;yes;0;0;0;0;0;0;0;0;0;0;0;0;0;0;0;0;0; ; ; ; ; ; ; ; ; ; ; ; ; ; ; ; ; ;4;1;3;1;4;1;1;0;4;1;Donna;Female;1989;35; ;Sì;yes; ;Isernia;Laurea (triennale) di primo livello;16;3;5;Caratterizzata da piccole salite;Easy climbs;Sì;Sì;No;No;No;Sì;No;No;Sì;yes;Rome
Lavoro;Numero di volte;2;1;Auto; ; ; ; ;no;no;Private;1;1;4;4;1;1;1;1;5;3;5;5;0;0;0;5;2;2;3;5;5;5;5;4;4;4;5;5;5;5;5;5;5;5;5;5;5;5;5;5;5;4;3;3;4;3;Roma;Roma;yes;0;0;0;0;0;0;3;3;3;1;1;1;2;4;4;4;4; ; ; ; ; ; ; ; ; ; ; ; ; ; ; ; ; ;2;0;4;1;4;1;1;0;3;1;Donna;Female;1993;31; ;Sì;yes; ;Roma;Laurea magistrale o successivo;18;4;2;Prevalentemente pianeggiante;Flat;Sì;No;No;No;No;Sì;Sì;Sì;Sì;yes;Rome
Lavoro;Numero di volte;2;5;Bus/Tram; ; ; ; ;yes;yes;Public;0;0;0;3;0;0;0;0;0;5;2;2;0;0;0;1;1;2;2;1;3;3;3;3;3;3;5;5;5;5;5;5;0;5;5;5;3;5;5;5;3;3;5;5;0;0;Roma;Roma;yes;5;0;0;100;0;0;5;5;5;5;5;5;5;0;0;0;0; ; ; ; ; ; ; ; ; ; ; ; ; ; ; ; ; ;3;1;3;1;4;1;1;0;4;1;Donna;Female;1999;25; ;Sì;yes; ;Taranto;Laurea magistrale o successivo;18;5;2;Prevalentemente pianeggiante;Flat;No;No;No;No;No;No;No;No;Sì;yes;Rome
Sono uno studente e lavoro;Numero di volte;2;4;Vado a piedi; ; ; ; ;yes;yes;VRU;0;0;0;0;0;0;0;0;1;1;2;3;0;0;1;2;3;3;3;3;2;2;2;5;5;5;1;1;1;5;5;5;4;4;5;3;2;4;4;5;5;2;2;4;3;3;Roma;Albano Laziale;no;5;4;3;100;2;0;4;4;4;1;1;1;1;1;1;1;1; ; ; ; ; ; ; ; ; ; ; ; ; ; ; ; ; ;4;1;3;1;4;1;3;1;3;1;Uomo;Male;1997;27; ;Sì;yes; ;Roma;Laurea (triennale) di primo livello;16;3;3;Prevalentemente pianeggiante;Flat;Sì;No;Sì;Sì;No;Sì;No;Sì;Sì;no;Not Rome
Lavoro e studio;Numero di volte;2;5;Bus/Tram;Metro; ; ; ;yes;yes;Public;2;0;0;1;0;0;0;0;0;1;1;1;0;0;0;3;4;4;4;4;1;1;1;4;3;3;3;3;3;4;4;1;1;1;1;1;2;3;3;3;3;4;4;3;3;3;Roma;Roma;yes;5;1;1;40;0;0;2;1;0;2;1;1;2;1;1;1;1; ; ; ; ; ; ; ; ; ; ; ; ; ; ; ; ; ;4;1;4;1;4;1;2;0;3;1;Donna;Female;1991;33; ;Sì;yes; ;Roma;Laurea (triennale) di primo livello;16;4;4;Prevalentemente pianeggiante;Flat;Sì;No;Sì;No;No;Sì;No;No;Sì;yes;Rome
Lavoro;Numero di volte;2;6;Treno; ; ; ; ;yes;yes;Public;0;0;0;5;0;0;0;3;1;3;5;2;0;0;1;3;5;4;3;2;0;1;2;5;5;2;5;4;0;5;4;0;2;3;4;5;2;0;5;3;5;3;2;1;2;3;Roma;Roma;yes;0;1;0;0;0;0;0;2;0;0;2;0;0;2;0;2;0; ; ; ; ; ; ; ; ; ; ; ; ; ; ; ; ; ;1;0;4;1;4;1;2;0;1;0;Uomo;Male;1989;35; ;Sì;yes; ;Lucca;Media superiore;13;4;0;Prevalentemente pianeggiante;Flat;Sì;Sì;Sì;No;No;Sì;No;No;Sì;yes;Rome
Lavoro e studio;Numero di volte;2;6;Vado a piedi; ; ; ; ;yes;yes;VRU;0;0;0;0;0;0;0;0;0;3;3;0;0;0;0;3;0;0;0;0;5;5;5;5;5;5;5;5;5;5;5;5;5;4;5;5;4;5;5;5;5;5;3;5;0;0;Roma;Roma;yes;5;3;3;100;0;0;5;4;4;5;4;4;5;5;5;0;0; ; ; ; ; ; ; ; ; ; ; ; ; ; ; ; ; ;4;1;3;1;4;1;3;1;4;1;Donna;Female;1995;29; ;Sì;yes; ;Velletri;Media superiore;13;5;3;Prevalentemente pianeggiante;Flat;No;No;Sì;No;No;Sì;No;No;Sì;yes;Rome
Lavoro;Numero di volte;2;4;Metro; ; ; ; ;yes;yes;Public;0;0;0;0;0;0;0;0;3;3;3;3;4;4;4;4;4;4;4;4;2;2;2;2;2;2;3;3;3;3;3;3;4;4;5;5;2;4;5;5;5;2;2;1;1;1;Tivoli;Ariccia;no;4;4;4;100;100;100;4;4;4;4;4;4;4;4;4;4;4; ; ; ; ; ; ; ; ; ; ; ; ; ; ; ; ; ;4;1;4;1;4;1;4;1;2;0;Uomo;Male;1991;33; ;Sì;yes; ;Velletri;Laurea magistrale o successivo;18;4;1;Caratterizzata da forti pendenze;Steep slopes;Sì;No;Sì;No;No;Sì;Sì;Sì;Sì;no;Not Rome
Sono uno studente e lavoro;Numero di volte;2;5;eBike (Bici Elettrica); ; ; ; ;yes;yes;VRU;0;0;0;1;0;0;0;0;1;1;1;1;0;0;1;2;4;1;1;2;0;2;2;5;3;3;3;4;4;4;4;4;0;0;1;2;2;2;2;2;3;3;4;3;3;3;Roma;Roma;yes;1;1;3;1;0;100;1;0;4;0;0;4;3;1;4;3;5; ; ; ; ; ; ; ; ; ; ; ; ; ; ; ; ; ;3;1;3;1;4;1;3;1;2;0;Donna;Female;1992;32; ;Sì;yes; ;Roma;Media superiore;13;4;3;Prevalentemente pianeggiante;Flat;No;No;Sì;Sì;No;Sì;Sì;Sì;Sì;yes;Rome
Lavoro;Numero di volte;2;7;Bus/Tram; ; ; ; ;yes;yes;Public;1;1;0;4;0;0;0;0;4;4;4;1;0;0;0;4;3;1;1;2;4;4;4;5;5;5;5;5;5;5;5;5;5;5;5;5;4;5;5;5;4;3;3;3;2;2;Roma;Albano Laziale;no;4;1;1;100;0;0;4;0;0;0;0;0;0;0;0;0;0; ; ; ; ; ; ; ; ; ; ; ; ; ; ; ; ; ;3;1;3;1;3;1;4;1;4;1;Donna;Female;1990;34; ;Sì;yes; ;Roma;Laurea magistrale o successivo;18;4;3;Caratterizzata da piccole salite;Easy climbs;Sì;No;No;Sì;No;Sì;No;Sì;Sì;no;Not Rome
Lavoro;Numero di volte;2;6;Auto; ; ; ; ;no;no;Private;2;2;2;2;2;2;2;2;3;3;3;3;5;5;5;5;5;5;5;5;1;1;1;5;5;5;5;5;5;5;5;5;4;4;4;4;3;4;4;4;3;3;3;0;0;0;Roma;Roma;yes;0;0;0;0;0;0;0;0;0;0;0;0;0;0;0;0;0; ; ; ; ; ; ; ; ; ; ; ; ; ; ; ; ; ;3;1;3;1;3;1;3;1;2;0;Donna;Female;1989;35; ;Sì;yes; ;Roma;Laurea (triennale) di primo livello;16;3;2;Prevalentemente pianeggiante;Flat;Sì;No;Sì;No;No;Sì;Sì;Sì;Sì;yes;Rome
Lavoro;Numero di volte;2;0;Treno; ; ; ; ;yes;yes;Public;0;2;5;4;0;0;0;0;4;4;4;4;1;1;1;5;2;2;2;3;2;2;2;4;4;4;4;4;4;5;5;5;5;5;5;5;0;5;5;5;5;1;1;1;1;1;Torino;Roma;no;4;4;4;0;0;0;1;1;1;1;1;1;1;1;1;1;1; ; ; ; ; ; ; ; ; ; ; ; ; ; ; ; ; ;4;1;3;1;4;1;3;1;2;0;Uomo;Male;1990;34; ;Sì;yes; ;Roma;Media superiore;13;4;3;Prevalentemente pianeggiante;Flat;Sì;No;No;No;No;Sì;Sì;Sì;Sì;no;Rome
Lavoro e studio;Numero di volte;2;7;Bus/Tram;Metro;Treno; ; ;yes;yes;Public;2;5;5;5;0;0;0;0;5;3;3;5;0;0;0;4;0;0;0;0;2;2;2;5;5;5;5;5;5;5;5;5;5;5;5;5;5;5;5;5;5;4;5;5;5;5;Roma;Roma;yes;0;0;0;0;0;0;1;1;1;1;1;1;1;1;1;1;1; ; ; ; ; ; ; ; ; ; ; ; ; ; ; ; ; ;4;1;3;1;2;0;1;0;3;1;Donna;Female;2005;19; ;Sì;yes; ;Roma;Licenza elementare/media inferiore;8;3;2;Caratterizzata da piccole salite;Easy climbs;No;No;No;No;No;Sì;No;No;No;yes;Rome
Lavoro;Numero di volte;2;5;Treno; ; ; ; ;yes;yes;Public;1;1;1;1;1;1;1;1;5;5;5;5;3;3;3;3;2;2;2;2;5;5;5;5;5;5;5;5;5;5;5;5;4;4;4;4;4;4;4;4;4;4;4;4;4;4;Roma;Capena;no;4;4;4;80;80;80;5;5;5;4;4;4;4;5;5;5;5; ; ; ; ; ; ; ; ; ; ; ; ; ; ; ; ; ;3;1;3;1;3;1;4;1;3;1;Uomo;Male;1999;25; ;Sì;yes; ;Roma;Media superiore;13;3;4;Prevalentemente pianeggiante;Flat;No;No;No;No;No;Sì;Sì;No;Sì;no;Not Rome
Lavoro;Numero di volte;2;5;Vado a piedi; ; ; ; ;yes;yes;VRU;0;2;2;4;0;0;0;0;4;4;4;1;0;0;1;4;1;3;3;4;4;3;3;5;5;5;4;3;3;5;5;5;3;3;3;3;2;4;4;4;3;3;2;3;3;3;Roma;Roma;yes;3;3;3;100;50;0;3;3;3;2;2;2;3;3;3;3;3; ; ; ; ; ; ; ; ; ; ; ; ; ; ; ; ; ;4;1;4;1;4;1;3;1;2;0;Uomo;Male;1993;31; ;Sì;yes; ;Roma;Laurea (triennale) di primo livello;16;4;3;Caratterizzata da piccole salite;Easy climbs;Sì;No;Sì;No;No;Sì;No;No;Sì;yes;Rome
Lavoro;Numero di volte;2;6;Bus/Tram;Metro;Treno; ; ;yes;yes;Public;3;4;4;3;3;3;3;3;4;4;5;4;1;1;1;4;3;3;3;3;3;3;3;4;4;4;4;4;4;5;5;5;4;4;4;4;4;4;4;4;5;5;5;4;4;4;Roma;Roma;yes;3;3;3;50;0;0;3;3;3;3;3;3;3;3;3;3;3; ; ; ; ; ; ; ; ; ; ; ; ; ; ; ; ; ;4;1;1;0;3;1;3;1;3;1;Uomo;Male;1989;35; ;Sì;yes; ;Roma;Media superiore;13;4;3;Prevalentemente pianeggiante;Flat;Sì;No;Sì;No;No;Sì;No;No;Sì;yes;Rome
Lavoro;Numero di volte;2;5;Bus/Tram;Metro; ; ; ;yes;yes;Public;0;0;3;0;0;0;0;0;2;3;3;3;1;1;4;4;2;2;2;0;3;3;2;4;4;4;5;5;5;5;5;5;5;5;4;4;4;5;5;5;5;4;4;3;3;2;Roma;Roma;yes;4;1;1;100;0;0;4;3;3;0;0;0;0;0;0;0;0; ; ; ; ; ; ; ; ; ; ; ; ; ; ; ; ; ;4;1;3;1;3;1;4;1;3;1;Uomo;Male;2002;22; ;No;no;Albania;Albania;Media superiore;13;4;4;Prevalentemente pianeggiante;Flat;No;No;Sì;No;Sì;Sì;Sì;Sì;Sì;yes;Rome
Lavoro;Numero di volte;2;5;Bus/Tram;Metro; ; ; ;yes;yes;Public;0;0;0;0;0;0;0;0;0;2;5;0;0;0;0;4;3;4;0;4;3;2;0;5;2;1;5;5;5;5;5;5;3;0;3;0;3;5;5;5;3;1;4;4;4;4;Roma;Roma;yes;5;5;5;100;100;100;0;0;0;3;3;3;5;0;0;0;0; ; ; ; ; ; ; ; ; ; ; ; ; ; ; ; ; ;4;1;3;1;4;1;1;0;3;1;Donna;Female;1994;30; ;Sì;yes; ;Roma;Laurea magistrale o successivo;18;4;5;Prevalentemente pianeggiante;Flat;No;No;No;No;No;Sì;No;No;Sì;yes;Rome
Lavoro;Numero di volte;2;7;Bici;Monopattino; ; ; ;yes;yes;VRU;0;0;0;0;0;0;0;0;5;5;5;5;2;2;2;2;0;0;0;0;5;5;5;5;5;5;4;4;4;4;4;4;4;4;5;3;3;4;5;3;3;3;5;5;5;5;Roma;Roma;yes;5;5;5;100;100;100;5;5;5;5;5;5;5;5;5;5;5; ; ; ; ; ; ; ; ; ; ; ; ; ; ; ; ; ;4;1;4;1;3;1;2;0;3;1;Uomo;Male;1993;31; ;Sì;yes; ;Roma;Laurea magistrale o successivo;18;4;3;Caratterizzata da piccole salite;Easy climbs;Sì;Sì;Sì;No;Sì;Sì;Sì;Sì;Sì;yes;Rome
Sono uno studente;Numero di volte;2;5;Bus/Tram;Metro;Treno; ; ;yes;yes;Public;0;0;0;0;0;0;0;0;5;5;5;5;0;0;5;5;2;2;2;5;2;2;2;5;5;5;5;5;5;5;5;5;5;5;5;5;5;5;5;5;5;2;5;3;3;3;Roma;Tolfa;no;0;2;2;0;0;0;0;3;3;0;3;3;0;3;3;3;3; ; ; ; ; ; ; ; ; ; ; ; ; ; ; ; ; ;4;1;4;1;4;1;3;1;3;1;Donna;Female;1997;27; ;Sì;yes; ;Civitavecchia;Media superiore;13;5;4;Caratterizzata da piccole salite;Easy climbs;Sì;No;Sì;No;No;Sì;No;No;Sì;no;Not Rome
Lavoro;Numero di volte;2;5;Monopattino; ; ; ; ;yes;yes;VRU;1;1;1;1;1;1;1;1;4;4;4;4;3;3;3;3;2;2;2;2;5;5;5;5;5;5;5;5;5;5;5;5;5;5;5;5;5;5;5;5;5;5;5;5;5;5;Roma;Roma;yes;5;5;5;100;100;100;4;4;4;4;4;4;4;4;4;4;4; ; ; ; ; ; ; ; ; ; ; ; ; ; ; ; ; ;3;1;4;1;4;1;4;1;3;1;Uomo;Male;1998;26; ;Sì;yes; ;Roma;Media superiore;13;4;4;Caratterizzata da piccole salite;Easy climbs;No;No;No;No;Sì;Sì;Sì;No;Sì;yes;Rome
Lavoro;Numero di volte;2;7;Vado a piedi; ; ; ; ;yes;yes;VRU;0;5;5;4;0;0;0;3;4;4;4;4;1;1;1;4;3;3;3;3;3;3;3;5;5;5;4;4;4;5;5;5;4;4;4;4;4;5;5;5;5;4;4;4;0;0;Appio Latino;Roma;no;4;4;4;100;0;0;4;4;4;4;4;4;4;4;4;4;4; ; ; ; ; ; ; ; ; ; ; ; ; ; ; ; ; ;4;1;4;1;4;1;2;0;3;1;Donna;Female;1994;30; ;Sì;yes; ;Roma;Laurea (triennale) di primo livello;16;4;4;Caratterizzata da piccole salite;Easy climbs;Sì;No;Sì;No;No;Sì;No;No;Sì;no;Rome
Non lavoro e non studio; N/A;1; ; ; ; ; ; ;no;no;N/A;0;2;2;5;0;0;0;0;3;3;3;5;0;0;0;5;2;2;2;1;1;2;2;5;5;5;5;4;4;5;4;4;4;4;5;0;5;4;5;0;4;5;4;5;3;3; ; ;yes;5;1;1;50;0;0;5;0;0;5;0;0;5;0;0;0;0;5;1;1;50;0;0;5;0;0;5;0;0;5;0;0;0;0;2;0;3;1;1;0;1;0;2;0;Donna;Female;1999;25;Roma;Sì;yes; ;Roma;Laurea (triennale) di primo livello;16;3;4;Caratterizzata da piccole salite;Easy climbs;Sì;No;No;No;No;No;No;No;Sì;;
Sono uno studente e lavoro;Numero di volte;2;5;Auto;Bus/Tram;Vado a piedi; ; ;yes;yes;VRU;0;0;0;1;0;0;0;0;1;1;1;0;0;0;0;2;1;1;1;2;2;2;2;3;3;3;5;5;5;5;5;5;3;3;5;3;2;4;5;3;3;2;2;4;4;4;Sant'Oreste;Sant'Oreste;yes;4;2;2;30;10;0;4;2;0;4;2;0;4;2;0;2;0; ; ; ; ; ; ; ; ; ; ; ; ; ; ; ; ; ;3;1;3;1;4;1;2;0;3;1;Donna;Female;1991;33; ;Sì;yes; ;Roma;Laurea (triennale) di primo livello;16;4;4;Caratterizzata da forti pendenze;Steep slopes;Sì;No;Sì;No;No;Sì;No;No;Sì;yes;Not Rome
Lavoro;Numero di volte;2;2;Metro; ; ; ; ;yes;yes;Public;4;4;4;0;1;1;1;0;4;4;4;0;1;1;1;3;2;2;2;4;1;1;1;3;3;3;3;3;3;3;3;3;2;2;3;3;1;2;3;3;4;3;2;3;1;2;Roma;Roma;yes;2;2;2;50;0;0;2;2;2;3;3;3;2;1;1;1;1; ; ; ; ; ; ; ; ; ; ; ; ; ; ; ; ; ;3;1;3;1;3;1;2;0;3;1;Uomo;Male;1988;36; ;Sì;yes; ;Roma;Laurea magistrale o successivo;18;4;4;Prevalentemente pianeggiante;Flat;Sì;No;No;No;No;Sì;No;No;Sì;yes;Rome
Lavoro;Numero di volte;2;3;Treno; ; ; ; ;yes;yes;Public;0;0;0;2;0;0;0;0;4;4;4;3;0;0;1;3;1;1;1;1;2;2;2;5;5;5;5;5;5;5;5;5;5;5;5;5;5;5;5;5;5;5;5;4;3;2;Roma;Roma;yes;3;3;3;60;30;30;4;4;4;4;4;4;2;4;4;4;4; ; ; ; ; ; ; ; ; ; ; ; ; ; ; ; ; ;3;1;4;1;3;1;3;1;3;1;Donna;Female;1996;28; ;Sì;yes; ;Roma;Laurea (triennale) di primo livello;16;4;4;Caratterizzata da piccole salite;Easy climbs;Sì;No;Sì;No;Sì;Sì;Sì;No;Sì;yes;Rome
Lavoro;Numero di volte;2;6;Auto;Bus/Tram;Metro; ; ;yes;yes;Public;5;5;5;5;2;2;2;2;2;2;2;2;0;0;0;2;4;4;4;4;0;0;0;4;4;4;0;0;0;4;4;4;0;0;1;2;2;2;3;3;3;3;4;3;3;2;Roma;Roma;yes;3;2;0;50;0;0;3;0;0;3;0;0;3;0;0;0;0; ; ; ; ; ; ; ; ; ; ; ; ; ; ; ; ; ;3;1;3;1;4;1;1;0;3;1;Donna;Female;2004;20; ;Sì;yes; ;Roma;Laurea (triennale) di primo livello;16;3;3;Prevalentemente pianeggiante;Flat;Sì;No;Sì;No;No;Sì;No;No;Sì;yes;Rome
Non lavoro e non studio; N/A;1; ; ; ; ; ; ;no;no;N/A;0;0;0;0;0;0;0;0;4;5;5;5;0;0;3;5;0;4;4;4;2;5;5;5;5;5;4;4;4;4;4;4;5;5;5;5;5;5;5;5;5;5;5;5;0;0; ; ;yes;5;0;0;100;0;0;3;3;3;3;3;3;3;3;3;3;3;5;0;0;100;0;0;3;3;3;3;3;3;3;3;3;3;3;4;1;2;0;4;1;1;0;3;1;Donna;Female;1994;30;Ladispoli;Sì;yes; ;Roma;Media superiore;13;3;4;Prevalentemente pianeggiante;Flat;Sì;No;No;No;No;No;No;No;Sì;;
Sono uno studente e lavoro;0 (Mai, lavoro da casa, sto sempre a casa);3;0; ; ; ; ; ;no;no;N/A;1;0;0;1;0;0;0;0;0;1;1;2;0;0;1;3;3;0;0;3;0;2;2;5;4;4;3;3;2;5;5;0;0;0;0;0;2;1;2;2;1;2;4;4;4;4;Roma;Roma;yes;2;2;1;60;1;0;1;1;0;1;1;0;1;1;0;1;0;2;2;1;60;1;0;1;1;0;1;1;0;1;1;0;1;0;2;0;3;1;3;1;2;0;2;0;Uomo;Male;1999;25;Roma;Sì;yes; ;Roma;Laurea (triennale) di primo livello;16;4;3;Prevalentemente pianeggiante;Flat;Sì;Sì;Sì;No;No;Sì;No;No;Sì;yes;Rome
Non lavoro e non studio; N/A;1; ; ; ; ; ; ;no;no;N/A;3;3;3;5;0;0;0;0;0;0;0;0;4;4;4;2;5;5;5;5;1;1;1;3;3;3;5;5;5;5;5;5;0;3;0;5;5;4;5;3;5;4;5;5;1;1; ; ;yes;3;4;4;75;50;0;3;3;3;5;5;5;5;4;4;4;4;3;4;4;75;50;0;3;3;3;5;5;5;5;4;4;4;4;3;1;4;1;3;1;2;0;4;1;Uomo;Male;1993;31;Roma;Sì;yes; ;Cagliari;Media superiore;13;5;5;Caratterizzata da piccole salite;Easy climbs;Sì;No;No;No;Sì;No;Sì;Sì;No;;
Lavoro;Numero di volte;2;5;Auto;Bus/Tram; ; ; ;yes;yes;Public;0;0;0;0;0;0;0;0;3;3;3;3;3;3;3;3;1;1;1;1;4;0;0;4;0;0;5;5;5;5;5;5;5;5;5;5;4;5;5;5;4;4;4;4;0;0;Roma;Roma;yes;0;0;0;0;0;0;0;0;0;0;0;0;0;0;0;0;0; ; ; ; ; ; ; ; ; ; ; ; ; ; ; ; ; ;4;1;4;1;3;1;1;0;1;0;Donna;Female;1998;26; ;Sì;yes; ;Roma;Laurea magistrale o successivo;18;4;4;Prevalentemente pianeggiante;Flat;Sì;No;No;No;No;Sì;No;No;Sì;yes;Rome
Lavoro;Numero di volte;2;5;Auto;Moto/scooter;eBike (Bici Elettrica); ; ;yes;yes;VRU;3;3;0;4;0;0;0;0;1;4;4;3;1;0;0;3;1;1;1;5;3;3;3;3;3;3;4;4;4;4;4;4;5;5;5;4;5;5;5;4;5;5;5;2;3;3;Roma;Roma;yes;0;3;3;0;10;10;0;3;3;0;3;3;0;0;0;0;0; ; ; ; ; ; ; ; ; ; ; ; ; ; ; ; ; ;4;1;3;1;4;1;3;1;3;1;Uomo;Male;1991;33; ;Sì;yes; ;Viterbo;Laurea magistrale o successivo;18;5;3;Prevalentemente pianeggiante;Flat;Sì;Sì;Sì;Sì;Sì;Sì;Sì;Sì;Sì;yes;Rome
Lavoro;Numero di volte;2;2;Bus/Tram;Metro;Treno; ; ;yes;yes;Public;0;0;0;0;0;0;0;0;4;4;4;4;1;1;1;1;1;1;1;1;5;5;5;5;5;5;5;5;5;5;5;5;4;4;4;4;4;4;4;4;4;4;4;3;3;3;Roma;Roma;yes;5;5;5;100;100;100;5;5;5;5;5;5;5;5;5;5;5; ; ; ; ; ; ; ; ; ; ; ; ; ; ; ; ; ;4;1;3;1;4;1;2;0;2;0;Uomo;Male;1993;31; ;Sì;yes; ;Roma;Laurea magistrale o successivo;18;3;4;Prevalentemente pianeggiante;Flat;Sì;No;No;No;No;No;No;No;Sì;yes;Rome
Sono uno studente;0 (Mai, lavoro da casa, sto sempre a casa);3;0; ; ; ; ; ;no;no;N/A;0;3;3;0;0;0;0;0;4;4;3;3;0;0;0;4;3;3;3;4;3;3;3;2;2;2;5;5;5;5;5;5;5;5;5;5;5;5;5;5;5;5;5;4;0;0;Roma;Roma;yes;4;0;0;10;0;0;4;0;0;4;0;0;4;0;0;0;0;4;0;0;10;0;0;4;0;0;4;0;0;4;0;0;0;0;4;1;3;1;3;1;1;0;3;1;Donna;Female;1998;26;Roma;Sì;yes; ;Roma;Media superiore;13;4;5;Caratterizzata da piccole salite;Easy climbs;Sì;No;No;No;No;No;Sì;Sì;Sì;yes;Rome
Lavoro;Numero di volte;2;6;Metro; ; ; ; ;yes;yes;Public;5;5;5;3;1;1;1;1;3;3;3;0;0;1;1;1;3;3;3;3;3;3;3;3;3;3;3;3;3;3;3;3;2;2;5;3;2;4;4;3;3;4;5;3;3;3;Roma;Roma;yes;3;3;3;80;10;10;5;5;5;3;3;3;3;1;1;1;1; ; ; ; ; ; ; ; ; ; ; ; ; ; ; ; ; ;2;0;3;1;3;1;1;0;3;1;Uomo;Male;2000;24; ;Sì;yes; ;Roma;Media superiore;13;2;1;Prevalentemente pianeggiante;Flat;Sì;Sì;No;No;No;Sì;Sì;Sì;Sì;yes;Rome
Lavoro;Numero di volte;2;5;Auto;Bus/Tram;Metro;Treno; ;yes;yes;Public;0;0;0;0;0;0;0;0;2;5;5;3;0;0;0;0;1;1;1;1;1;1;1;5;5;5;5;5;5;5;5;5;0;3;5;5;2;5;5;2;5;1;5;3;0;0;Roma;Roma;yes;5;5;5;70;70;70;5;5;5;5;5;5;5;5;5;5;5; ; ; ; ; ; ; ; ; ; ; ; ; ; ; ; ; ;4;1;3;1;4;1;4;1;4;1;Donna;Female;1989;35; ;Sì;yes; ;Milano;Laurea magistrale o successivo;18;4;4;Prevalentemente pianeggiante;Flat;Sì;Sì;Sì;Sì;Sì;Sì;Sì;No;Sì;yes;Rome
Lavoro;0 (Mai, lavoro da casa, sto sempre a casa);3;0; ; ; ; ; ;no;no;N/A;0;0;0;0;0;0;0;0;4;4;4;4;2;2;2;2;2;2;2;2;4;4;4;3;3;3;5;5;5;5;5;5;5;5;5;5;5;5;5;5;5;5;5;4;4;4;Roma;Roma;yes;4;4;4;90;90;90;5;5;5;5;5;5;5;5;5;5;5;4;4;4;90;90;90;5;5;5;5;5;5;5;5;5;5;5;4;1;3;1;4;1;4;1;3;1;Donna;Female;1991;33;Roma;Sì;yes; ;Roma;Laurea magistrale o successivo;18;3;4;Caratterizzata da piccole salite;Easy climbs;Sì;No;Sì;Sì;No;Sì;No;Sì;Sì;yes;Rome
Lavoro e studio;Numero di volte;2;6;Vado a piedi; ; ; ; ;yes;yes;VRU;0;0;0;0;0;0;0;0;3;3;3;3;3;3;3;3;4;4;4;4;1;1;1;4;4;4;5;5;5;5;5;5;4;4;4;4;4;4;4;4;4;4;4;4;4;4;Roma;Roma;yes;5;5;5;100;100;100;5;5;5;5;5;5;5;5;5;5;5; ; ; ; ; ; ; ; ; ; ; ; ; ; ; ; ; ;4;1;2;0;4;1;1;0;2;0;Donna;Female;1993;31; ;Sì;yes; ;Foggia;Media superiore;13;4;4;Caratterizzata da forti pendenze;Steep slopes;No;No;No;No;No;No;No;No;No;yes;Rome
Non lavoro e non studio; N/A;1; ; ; ; ; ; ;no;no;N/A;0;2;2;3;0;0;0;0;2;5;5;3;0;0;1;5;5;5;5;2;1;1;1;4;4;4;5;5;5;5;5;5;5;5;5;4;4;5;5;5;5;4;4;3;2;2; ; ;yes;3;0;0;20;0;0;3;3;3;3;0;0;3;0;0;0;0;3;0;0;20;0;0;3;3;3;3;0;0;3;0;0;0;0;4;1;3;1;4;1;2;0;3;1;Uomo;Male;1989;35;Roma;Sì;yes; ;Roma;Media superiore;13;3;3;Caratterizzata da piccole salite;Easy climbs;Sì;No;Sì;No;No;Sì;No;Sì;Sì;;
Lavoro;Numero di volte;2;6;Auto;Bus/Tram; ; ; ;yes;yes;Public;3;3;3;1;0;0;0;0;2;3;3;3;0;2;2;4;5;3;3;2;0;2;2;5;4;4;5;5;3;5;5;3;4;4;5;5;0;4;5;5;4;0;2;1;1;1;Roma;Roma;yes;0;0;0;0;0;0;0;0;0;0;0;0;0;0;0;0;0; ; ; ; ; ; ; ; ; ; ; ; ; ; ; ; ; ;1;0;1;0;3;1;2;0;3;1;Uomo;Male;1990;34; ;Sì;yes; ;Roma;Media superiore;13;2;3;Caratterizzata da piccole salite;Easy climbs;Sì;Sì;Sì;No;No;Sì;Sì;Sì;Sì;yes;Rome
Lavoro;Numero di volte;2;5;Auto;Bus/Tram;Metro; ; ;yes;yes;Public;1;1;1;2;1;1;1;1;1;1;1;2;0;0;1;3;3;0;1;3;0;1;1;5;5;5;2;4;4;4;4;2;1;1;1;1;4;1;1;1;2;4;4;2;2;2;Roma;Roma;yes;3;1;1;10;1;0;1;1;0;1;1;0;1;1;0;1;0; ; ; ; ; ; ; ; ; ; ; ; ; ; ; ; ; ;3;1;3;1;2;0;2;0;2;0;Uomo;Male;1990;34; ;Sì;yes; ;Roma;Laurea (triennale) di primo livello;16;3;2;Caratterizzata da piccole salite;Easy climbs;Sì;No;Sì;No;No;Sì;No;No;Sì;yes;Rome
Lavoro;Numero di volte;2;6;Metro;Vado a piedi; ; ; ;yes;yes;VRU;1;1;1;1;0;0;0;1;0;0;2;3;0;0;1;2;3;3;2;1;0;2;2;5;5;5;1;2;2;4;5;3;1;1;1;1;1;1;1;3;3;2;3;4;1;1;Roma;Roma;yes;5;0;0;70;0;0;5;0;0;5;0;0;0;0;0;0;0; ; ; ; ; ; ; ; ; ; ; ; ; ; ; ; ; ;4;1;3;1;4;1;1;0;2;0;Donna;Female;1989;35; ;Sì;yes; ;Roma;Laurea (triennale) di primo livello;16;3;4;Caratterizzata da piccole salite;Easy climbs;Sì;No;Sì;No;No;Sì;Sì;No;Sì;yes;Rome
Lavoro;Numero di volte;2;5;Auto;Bus/Tram;Metro; ; ;yes;yes;Public;1;1;1;2;2;0;1;1;1;1;1;3;0;0;0;5;5;1;1;2;0;3;3;4;4;4;2;2;2;5;5;5;1;0;0;3;3;3;3;3;4;2;4;1;1;1;Frascati;Frascati;yes;0;0;0;0;0;0;0;0;0;0;0;0;0;0;0;0;0; ; ; ; ; ; ; ; ; ; ; ; ; ; ; ; ; ;2;0;2;0;2;0;1;0;2;0;Uomo;Male;1994;30; ;Sì;yes; ;Frascati;Media superiore;13;2;4;Caratterizzata da piccole salite;Easy climbs;Sì;No;Sì;No;No;Sì;Sì;No;Sì;yes;Not Rome
Lavoro;0 (Mai, lavoro da casa, sto sempre a casa);3;0; ; ; ; ; ;no;no;N/A;2;0;0;0;0;0;0;2;0;0;0;1;0;0;0;3;3;0;0;1;2;2;2;3;4;4;3;3;3;5;5;3;2;3;2;2;3;4;3;4;3;4;4;1;1;1;Ardea;Roma;no;1;1;1;7;1;1;1;1;1;1;1;1;1;1;1;1;1;1;1;1;7;1;1;1;1;1;1;1;1;1;1;1;1;1;3;1;3;1;3;1;2;0;3;1;Uomo;Male;1988;36;Roma;Sì;yes; ;Roma;Laurea (triennale) di primo livello;16;3;4;Caratterizzata da piccole salite;Easy climbs;Sì;No;No;No;No;Sì;No;No;Sì;no;Rome
Lavoro e studio;Numero di volte;2;3;Vado a piedi; ; ; ; ;yes;yes;VRU;0;3;3;2;0;0;0;0;0;4;4;2;0;0;0;4;2;1;1;4;4;2;2;5;4;4;5;5;5;5;5;5;4;5;4;4;3;4;4;4;3;3;3;5;2;2;Roma;Roma;yes;5;2;2;100;0;0;2;5;5;2;5;5;5;4;4;4;4; ; ; ; ; ; ; ; ; ; ; ; ; ; ; ; ; ;4;1;2;0;4;1;3;1;4;1;Donna;Female;1996;28; ;Sì;yes; ;Lecce;Laurea magistrale o successivo;18;3;5;Caratterizzata da piccole salite;Easy climbs;No;No;Sì;No;No;Sì;Sì;Sì;Sì;yes;Rome
Lavoro;Numero di volte;2;5;Auto;Bus/Tram; ; ; ;yes;yes;Public;0;0;0;2;0;0;0;0;5;5;5;0;0;0;0;3;1;1;1;0;1;1;1;4;4;3;5;5;5;5;5;5;5;5;5;4;4;5;5;5;5;4;4;4;4;4;Roma;Roma;yes;3;1;1;0;0;0;4;4;4;3;0;0;0;0;0;0;0; ; ; ; ; ; ; ; ; ; ; ; ; ; ; ; ; ;4;1;3;1;3;1;2;0;3;1;Donna;Female;1990;34; ;Sì;yes; ;Roma;Media superiore;13;4;5;Prevalentemente pianeggiante;Flat;Sì;No;Sì;No;No;Sì;Sì;Sì;Sì;yes;Rome
Lavoro;Numero di volte;2;5;Auto;Metro;Vado a piedi; ; ;yes;yes;VRU;3;1;0;2;0;0;0;1;0;1;1;2;0;0;0;5;5;3;3;3;1;2;2;5;5;4;2;2;1;4;4;4;1;1;1;1;3;0;3;2;3;3;3;3;0;0;Roma;Roma;yes;5;0;0;70;0;0;5;0;0;5;0;0;5;0;0;0;0; ; ; ; ; ; ; ; ; ; ; ; ; ; ; ; ; ;3;1;3;1;4;1;1;0;2;0;Uomo;Male;1988;36; ;Sì;yes; ;Roma;Laurea (triennale) di primo livello;16;3;3;Caratterizzata da piccole salite;Easy climbs;Sì;No;Sì;No;No;Sì;No;No;Sì;yes;Rome
Sono uno studente e lavoro;Numero di volte;2;5;Auto;Bus/Tram; ; ; ;yes;yes;Public;3;2;2;4;0;0;0;0;2;4;4;4;0;0;0;4;3;2;2;0;1;2;2;5;5;5;5;5;5;5;5;5;5;5;4;5;5;5;4;5;4;5;5;4;2;2;Roma;Frascati;no;2;2;2;0;0;0;2;2;2;2;2;2;2;2;2;2;2; ; ; ; ; ; ; ; ; ; ; ; ; ; ; ; ; ;1;0;4;1;1;0;1;0;3;1;Donna;Female;1999;25; ;Sì;yes; ;Roma;Laurea (triennale) di primo livello;16;4;1;Prevalentemente pianeggiante;Flat;Sì;No;No;No;No;Sì;Sì;Sì;Sì;no;Not Rome
Non lavoro e non studio; N/A;1; ; ; ; ; ; ;no;no;N/A;5;5;5;5;0;0;0;0;5;5;5;5;0;0;0;3;5;5;5;0;5;5;5;5;5;5;5;5;5;5;5;5;5;5;5;5;5;5;5;5;5;5;5;0;0;0; ; ;yes;0;0;0;0;0;0;0;0;0;0;0;0;0;0;0;0;0;0;0;0;0;0;0;0;0;0;0;0;0;0;0;0;0;0;4;1;4;1;4;1;1;0;1;0;Uomo;Male;1990;34;Roma;Sì;yes; ;Roma;Laurea (triennale) di primo livello;16;5;0;Prevalentemente pianeggiante;Flat;Sì;No;No;No;No;Sì;Sì;Sì;Sì;;
Lavoro;Numero di volte;2;3;Auto;Bus/Tram; ; ; ;yes;yes;Public;4;4;3;4;0;0;0;0;2;4;4;2;0;0;1;4;4;3;4;2;0;1;3;5;5;4;5;5;3;5;5;2;0;4;4;5;5;5;5;5;3;3;4;2;2;2;Roma;Roma;yes;1;0;0;5;0;0;1;1;1;1;1;1;1;1;1;2;2; ; ; ; ; ; ; ; ; ; ; ; ; ; ; ; ; ;1;0;3;1;1;0;2;0;1;0;Uomo;Male;1998;26; ;Sì;yes; ;Roma;Media superiore;13;3;1;Prevalentemente pianeggiante;Flat;Sì;No;Sì;No;No;Sì;No;No;Sì;yes;Rome
Lavoro;Numero di volte;2;5;Auto;Bus/Tram; ; ; ;yes;yes;Public;0;0;0;4;0;0;0;0;3;5;5;3;0;0;2;4;0;0;0;0;0;0;0;4;4;4;4;4;4;4;4;4;3;3;3;4;5;4;3;4;4;5;5;3;2;2;Roma;Roma;yes;3;0;0;5;0;0;3;0;0;3;0;0;3;0;0;0;0; ; ; ; ; ; ; ; ; ; ; ; ; ; ; ; ; ;3;1;3;1;3;1;4;1;1;0;Uomo;Male;1991;33; ;Sì;yes; ;Bologna;Media superiore;13;4;3;Prevalentemente pianeggiante;Flat;Sì;No;Sì;No;No;Sì;No;No;Sì;yes;Rome
Lavoro;Numero di volte;2;5;Auto;Metro; ; ; ;yes;yes;Public;3;0;2;1;1;0;0;0;2;1;1;2;0;0;0;3;3;3;3;2;0;2;2;5;2;2;0;0;0;3;5;1;1;1;1;1;2;1;3;2;1;3;3;3;1;0;Roma;Tolfa;no;0;0;0;0;0;0;0;0;0;0;0;0;0;0;0;0;0; ; ; ; ; ; ; ; ; ; ; ; ; ; ; ; ; ;2;0;1;0;3;1;1;0;2;0;Uomo;Male;1988;36; ;Sì;yes; ;Roma;Laurea (triennale) di primo livello;16;2;3;Caratterizzata da piccole salite;Easy climbs;Sì;No;Sì;No;Sì;Sì;No;Sì;Sì;no;Not Rome
Lavoro;Numero di volte;2;5;Auto;Vado a piedi; ; ; ;yes;yes;VRU;0;0;0;0;0;0;0;0;2;2;2;2;0;0;0;0;2;2;2;2;3;3;3;3;3;3;5;5;5;5;5;5;5;5;5;5;2;5;5;5;4;2;2;4;4;4;Roma;Roma;yes;5;5;5;0;0;0;0;0;0;0;0;0;0;0;0;0;0; ; ; ; ; ; ; ; ; ; ; ; ; ; ; ; ; ;4;1;4;1;3;1;3;1;2;0;Uomo;Male;1994;30; ;Sì;yes; ;Roma;Laurea magistrale o successivo;18;4;3;Caratterizzata da forti pendenze;Steep slopes;Sì;No;No;No;No;Sì;No;No;Sì;yes;Rome
Sono uno studente e lavoro;Numero di volte;2;5;Bus/Tram;Metro; ; ; ;yes;yes;Public;5;2;2;1;0;0;0;0;4;4;4;2;0;0;0;3;3;3;3;2;2;2;2;4;4;4;5;5;5;5;5;5;5;5;4;4;4;5;5;4;5;5;5;3;3;3;Roma;Roma;yes;5;5;5;100;30;30;4;4;4;4;4;4;3;3;3;3;3; ; ; ; ; ; ; ; ; ; ; ; ; ; ; ; ; ;4;1;3;1;4;1;3;1;2;0;Donna;Female;2001;23; ;Sì;yes; ;Latina;Laurea (triennale) di primo livello;16;3;5;Prevalentemente pianeggiante;Flat;Sì;No;Sì;No;Sì;Sì;Sì;No;Sì;yes;Rome
Lavoro e studio;Numero di volte;2;6;Bus/Tram;Metro; ; ; ;yes;yes;Public;3;3;3;4;3;3;3;3;1;1;1;3;0;0;0;4;1;2;2;2;0;0;0;0;0;0;4;4;4;4;4;4;3;3;3;3;3;2;2;3;2;3;2;2;2;2;Roma;Roma;yes;4;4;3;20;0;0;2;2;2;2;2;2;2;2;2;2;2; ; ; ; ; ; ; ; ; ; ; ; ; ; ; ; ; ;2;0;3;1;3;1;1;0;3;1;Donna;Female;2004;20; ;No;no;Ecuador;Ecuador;Media superiore;13;5;0;Caratterizzata da piccole salite;Easy climbs;No;No;No;No;No;No;No;No;Sì;yes;Rome
Lavoro;Numero di volte;2;6;Auto;Bus/Tram; ; ; ;yes;yes;Public;3;3;3;3;3;3;3;3;4;4;4;4;3;3;3;3;2;2;2;2;2;2;2;4;4;4;3;3;3;3;3;3;4;4;5;5;4;4;5;5;4;4;4;2;2;2;Roma;Roma;yes;0;0;0;0;0;0;0;0;0;0;0;0;0;0;0;0;0; ; ; ; ; ; ; ; ; ; ; ; ; ; ; ; ; ;2;0;3;1;1;0;2;0;1;0;Uomo;Male;2000;24; ;Sì;yes; ;Roma;Media superiore;13;4;4;Caratterizzata da forti pendenze;Steep slopes;Sì;No;No;No;No;No;No;No;Sì;yes;Rome
Sono uno studente e lavoro;Numero di volte;2;5;Moto/scooter;Vado a piedi; ; ; ;yes;yes;VRU;3;1;1;2;0;0;0;0;0;5;5;0;0;0;0;1;4;3;3;2;0;3;3;5;5;5;5;5;5;5;5;5;0;1;2;2;3;0;2;2;1;3;4;1;1;1;Roma;Roma;yes;0;0;0;0;0;0;0;0;0;0;0;0;0;0;0;0;0; ; ; ; ; ; ; ; ; ; ; ; ; ; ; ; ; ;1;0;4;1;4;1;3;1;3;1;Donna;Female;1990;34; ;Sì;yes; ;Monza;Laurea magistrale o successivo;18;3;3;Prevalentemente pianeggiante;Flat;Sì;Sì;Sì;No;No;Sì;Sì;Sì;Sì;yes;Rome
Lavoro;Numero di volte;2;4;Metro; ; ; ; ;yes;yes;Public;1;1;2;1;0;0;0;0;1;3;3;2;0;1;2;3;3;2;2;1;1;2;2;3;3;3;4;4;4;5;5;5;2;3;2;3;2;2;3;3;3;2;1;3;1;1;Roma;Roma;yes;4;1;1;100;0;0;4;1;1;4;1;1;4;1;1;1;1; ; ; ; ; ; ; ; ; ; ; ; ; ; ; ; ; ;2;0;3;1;4;1;1;0;4;1;Donna;Female;1993;31; ;Sì;yes; ;Roma;Laurea (triennale) di primo livello;16;4;4;Prevalentemente pianeggiante;Flat;Sì;No;No;No;No;Sì;No;No;Sì;yes;Rome
Lavoro;Numero di volte;2;6;Auto;Vado a piedi; ; ; ;yes;yes;VRU;1;1;1;1;1;1;1;1;5;5;5;5;3;3;3;3;1;1;1;1;5;5;5;5;5;5;5;5;5;5;5;5;4;4;4;4;5;4;4;4;1;5;5;3;3;3;Roma;Roma;yes;5;5;5;10;10;10;2;2;2;2;2;2;2;2;2;2;2; ; ; ; ; ; ; ; ; ; ; ; ; ; ; ; ; ;1;0;1;0;1;0;4;1;3;1;Donna;Female;1992;32; ;Sì;yes; ;Ostuni;Laurea magistrale o successivo;18;3;1;Prevalentemente pianeggiante;Flat;Sì;No;Sì;No;No;Sì;No;Sì;Sì;yes;Rome
Lavoro;0 (Mai, lavoro da casa, sto sempre a casa);3;0; ; ; ; ; ;no;no;N/A;2;0;2;1;0;0;0;0;0;1;1;2;0;0;0;4;5;3;3;3;2;2;2;5;5;1;0;0;0;5;5;5;1;1;1;1;1;3;3;4;4;4;4;3;2;0;Roma;Roma;yes;3;0;0;70;0;0;3;0;0;3;0;0;3;0;0;0;0;3;0;0;70;0;0;3;0;0;3;0;0;3;0;0;0;0;3;1;3;1;4;1;1;0;2;0;Donna;Female;1994;30;Roma;Sì;yes; ;Roma;Laurea (triennale) di primo livello;16;3;4;Prevalentemente pianeggiante;Flat;No;No;Sì;No;No;Sì;Sì;Sì;Sì;yes;Rome
Lavoro e studio;Numero di volte;2;5;Bus/Tram;Metro; ; ; ;yes;yes;Public;1;1;0;1;1;1;1;1;1;2;0;2;0;0;3;4;5;0;2;2;0;0;0;5;5;5;3;3;3;5;5;0;2;2;2;1;2;3;4;3;3;3;4;2;0;0;Roma;Roma;yes;2;0;0;5;0;0;2;0;0;2;0;0;2;0;0;0;0; ; ; ; ; ; ; ; ; ; ; ; ; ; ; ; ; ;3;1;2;0;3;1;1;0;2;0;Uomo;Male;1992;32; ;Sì;yes; ;Roma;Laurea (triennale) di primo livello;16;3;3;Prevalentemente pianeggiante;Flat;Sì;No;No;No;Sì;Sì;No;No;Sì;yes;Rome
Lavoro e studio;Numero di volte;2;5;Auto;Bus/Tram;Metro; ; ;yes;yes;Public;0;0;0;0;0;0;0;0;0;2;2;2;0;1;4;0;4;4;4;4;0;0;0;5;5;3;2;2;1;4;4;4;1;1;1;1;1;3;4;4;4;4;4;3;0;0;Roma;Roma;yes;2;0;0;10;0;0;1;0;0;1;0;0;1;0;0;0;0; ; ; ; ; ; ; ; ; ; ; ; ; ; ; ; ; ;2;0;3;1;3;1;1;0;2;0;Donna;Female;1995;29; ;Sì;yes; ;Roma;Media superiore;13;3;3;Caratterizzata da piccole salite;Easy climbs;Sì;No;Sì;No;No;Sì;Sì;No;Sì;yes;Rome
Lavoro;Numero di volte;2;5;Auto;Vado a piedi; ; ; ;yes;yes;VRU;0;0;5;0;0;2;5;0;5;5;5;3;0;0;0;5;3;3;3;5;0;2;2;5;5;5;5;5;5;5;5;5;5;5;5;5;5;5;5;5;5;5;5;3;3;3;Anzio;Roma;no;3;3;3;30;0;0;3;3;3;3;3;3;3;4;4;5;5; ; ; ; ; ; ; ; ; ; ; ; ; ; ; ; ; ;3;1;1;0;3;1;1;0;1;0;Donna;Female;1991;33; ;Sì;yes; ;Termini Imerese;Laurea magistrale o successivo;18;5;1;Prevalentemente pianeggiante;Flat;Sì;No;No;No;No;Sì;No;Sì;Sì;no;Rome
Lavoro;Numero di volte;2;5;Auto;Vado a piedi; ; ; ;yes;yes;VRU;0;0;0;0;0;0;0;0;5;5;5;5;2;2;2;2;4;4;4;4;3;3;3;3;3;3;5;5;5;5;5;5;5;5;5;5;5;5;5;5;5;5;5;4;4;4;Roma;Roma;yes;3;3;3;25;25;25;4;4;4;3;3;3;4;4;4;4;4; ; ; ; ; ; ; ; ; ; ; ; ; ; ; ; ; ;2;0;4;1;3;1;2;0;3;1;Donna;Female;1994;30; ;Sì;yes; ;Roma;Laurea (triennale) di primo livello;16;4;3;Prevalentemente pianeggiante;Flat;Sì;No;No;No;No;Sì;Sì;No;Sì;yes;Rome
Lavoro e studio;Numero di volte;2;6;Auto;Bus/Tram; ; ; ;yes;yes;Public;0;0;0;0;0;0;0;0;5;5;5;5;5;5;5;5;5;5;5;5;1;1;1;1;1;1;5;5;5;5;5;5;5;5;5;5;5;5;5;5;5;5;5;0;0;0;Guidonia;Lariano;no;5;5;5;0;0;0;1;1;1;1;1;1;1;1;1;1;1; ; ; ; ; ; ; ; ; ; ; ; ; ; ; ; ; ;1;0;4;1;1;0;2;0;4;1;Donna;Female;1994;30; ;Sì;yes; ;Velletri;Laurea magistrale o successivo;18;5;0;Caratterizzata da forti pendenze;Steep slopes;Sì;No;No;No;No;Sì;Sì;No;Sì;no;Not Rome
Sono uno studente e lavoro;Numero di volte;2;5;Auto;Bus/Tram; ; ; ;yes;yes;Public;5;5;5;5;2;3;3;2;5;5;5;5;3;3;3;4;4;3;3;4;3;3;3;5;3;3;5;5;5;5;5;5;5;5;5;3;2;5;5;3;2;2;3;2;3;3;Roma;Roma;yes;3;1;1;30;30;30;4;3;3;4;4;4;3;4;4;4;4; ; ; ; ; ; ; ; ; ; ; ; ; ; ; ; ; ;3;1;3;1;3;1;4;1;4;1;Uomo;Male;1995;29; ;Sì;yes; ;Tivoli;Laurea magistrale o successivo;18;4;3;Prevalentemente pianeggiante;Flat;Sì;No;Sì;Sì;Sì;Sì;Sì;Sì;Sì;yes;Rome
Non lavoro e non studio; N/A;1; ; ; ; ; ; ;no;no;N/A;0;3;5;3;0;0;0;0;3;3;3;0;0;0;0;3;0;3;0;3;5;5;0;5;5;5;5;5;5;5;5;5;4;3;0;5;4;4;0;5;5;4;4;3;3;0; ; ;yes;5;5;0;50;50;0;5;5;0;5;5;0;5;5;0;5;0;5;5;0;50;50;0;5;5;0;5;5;0;5;5;0;5;0;4;1;3;1;4;1;4;1;4;1;Donna;Female;1990;34;Roma;Sì;yes; ;Montefalcone;Laurea magistrale o successivo;18;4;3;Caratterizzata da piccole salite;Easy climbs;Sì;No;Sì;No;No;Sì;No;No;Sì;;
Sono uno studente;Numero di volte;2;5;Auto;Bus/Tram; ; ; ;yes;yes;Public;3;3;3;3;3;3;3;3;4;4;4;4;4;4;4;4;5;5;5;5;3;3;3;3;3;3;5;5;5;5;5;5;5;5;5;5;5;5;5;5;5;5;5;1;1;1;Roma;Roma;yes;1;1;1;50;50;50;4;4;4;4;4;4;4;4;4;4;4; ; ; ; ; ; ; ; ; ; ; ; ; ; ; ; ; ;2;0;3;1;3;1;1;0;2;0;Donna;Female;1994;30; ;Sì;yes; ;Roma;Laurea magistrale o successivo;18;1;2;Prevalentemente pianeggiante;Flat;Sì;No;No;No;No;Sì;No;No;Sì;yes;Rome
Lavoro e studio;Numero di volte;2;4;Bus/Tram;Metro; ; ; ;yes;yes;Public;2;0;0;2;0;0;0;0;0;0;0;1;0;0;1;2;3;3;3;3;0;0;0;4;3;3;2;2;2;4;5;0;0;1;0;1;1;3;4;3;3;3;4;4;3;3;Roma;Roma;yes;3;0;0;50;0;0;3;0;0;3;0;0;3;0;0;0;0; ; ; ; ; ; ; ; ; ; ; ; ; ; ; ; ; ;4;1;3;1;4;1;1;0;3;1;Donna;Female;1991;33; ;Sì;yes; ;Roma;Media superiore;13;3;3;Prevalentemente pianeggiante;Flat;Sì;No;Sì;No;No;Sì;No;No;Sì;yes;Rome
Lavoro e studio;Numero di volte;2;3;Bus/Tram;Treno; ; ; ;yes;yes;Public;0;0;1;1;0;0;0;0;0;0;0;0;0;0;0;5;5;1;1;1;0;0;3;5;5;1;5;5;4;5;5;5;0;1;0;0;2;3;2;3;2;2;2;3;2;2;Palestrina;Palestrina;yes;2;0;0;10;0;0;1;1;0;1;1;0;0;1;1;1;1; ; ; ; ; ; ; ; ; ; ; ; ; ; ; ; ; ;3;1;3;1;3;1;2;0;2;0;Donna;Female;1998;26; ;Sì;yes; ;Palestrina;Media superiore;13;3;2;Prevalentemente pianeggiante;Flat;No;No;Sì;No;No;Sì;Sì;No;Sì;yes;Not Rome
Sono uno studente;Numero di volte;2;4;Treno; ; ; ; ;yes;yes;Public;3;1;1;2;0;0;0;0;1;1;1;2;0;0;0;3;4;3;3;3;0;0;0;5;5;1;5;5;5;5;5;5;2;3;1;2;2;1;2;1;3;1;4;3;0;0;Roma;Ladispoli;no;0;0;0;0;0;0;0;0;0;0;0;0;0;0;0;0;0; ; ; ; ; ; ; ; ; ; ; ; ; ; ; ; ; ;4;1;3;1;4;1;1;0;2;0;Donna;Female;2003;21; ;Sì;yes; ;Roma;Laurea (triennale) di primo livello;16;3;3;Prevalentemente pianeggiante;Flat;Sì;No;Sì;No;No;Sì;Sì;No;Sì;no;Not Rome
Lavoro;Numero di volte;2;5;Auto;Bus/Tram;Metro; ; ;yes;yes;Public;1;1;1;1;0;0;0;1;1;1;1;2;0;0;0;5;3;3;3;1;0;0;0;5;5;2;3;3;3;3;3;1;0;0;0;0;1;1;2;1;1;2;3;3;2;0;Frascati;Frascati;yes;1;0;0;10;0;0;1;1;0;1;1;0;1;1;0;1;0; ; ; ; ; ; ; ; ; ; ; ; ; ; ; ; ; ;1;0;2;0;1;0;1;0;2;0;Uomo;Male;1988;36; ;Sì;yes; ;Roma;Media superiore;13;3;3;Caratterizzata da piccole salite;Easy climbs;Sì;No;No;No;No;Sì;Sì;No;Sì;yes;Not Rome
Non lavoro e non studio; N/A;1; ; ; ; ; ; ;no;no;N/A;1;0;1;2;1;0;0;1;0;0;0;2;0;0;0;3;3;3;3;1;0;0;0;5;3;3;3;3;1;2;5;0;1;1;1;1;0;1;1;2;2;2;3;4;0;0; ; ;yes;3;1;0;50;1;0;3;0;0;3;0;0;3;3;0;3;0;3;1;0;50;1;0;3;0;0;3;0;0;3;3;0;3;0;3;1;2;0;4;1;1;0;1;0;Uomo;Male;1988;36;Marino;Sì;yes; ;Marino;Media superiore;13;3;2;Prevalentemente pianeggiante;Flat;Sì;No;Sì;No;No;Sì;No;No;Sì;;
Lavoro;Numero di volte;2;2;Auto;eBike (Bici Elettrica); ; ; ;yes;yes;VRU;2;3;1;4;0;0;0;0;3;3;2;3;0;0;0;4;3;3;3;3;2;2;2;5;5;5;5;4;4;5;4;4;5;5;5;5;4;5;5;5;5;4;4;1;1;3;Roma;Roma;yes;5;5;5;0;0;40;4;4;5;2;3;3;2;4;4;4;4; ; ; ; ; ; ; ; ; ; ; ; ; ; ; ; ; ;3;1;3;1;1;0;4;1;2;0;Donna;Female;1990;34; ;Sì;yes; ;Roma;Laurea magistrale o successivo;18;2;3;Caratterizzata da piccole salite;Easy climbs;Sì;No;Sì;Sì;No;Sì;Sì;Sì;Sì;yes;Rome
Lavoro;Numero di volte;2;5;Bus/Tram; ; ; ; ;yes;yes;Public;3;3;3;3;4;1;1;3;4;4;4;3;1;1;1;1;5;5;3;3;4;4;4;4;4;4;4;4;4;4;4;4;5;5;5;5;4;5;5;5;5;5;5;5;3;3;Roma;Roma;yes;5;5;5;100;0;0;5;3;3;5;3;3;5;4;4;4;4; ; ; ; ; ; ; ; ; ; ; ; ; ; ; ; ; ;4;1;3;1;4;1;3;1;4;1;Uomo;Male;1989;35; ;Sì;yes; ;Roma;Laurea (triennale) di primo livello;16;2;4;Prevalentemente pianeggiante;Flat;Sì;No;No;No;No;Sì;No;No;Sì;yes;Rome
Lavoro e studio;Numero di volte;2;5;Auto;Bus/Tram;Metro; ; ;yes;yes;Public;0;0;2;3;0;0;0;0;3;3;3;3;0;0;0;3;0;0;0;3;3;3;3;4;4;4;5;5;5;5;5;5;5;5;5;3;3;5;5;3;3;3;3;4;4;4;Roma;Albano Laziale;no;4;3;3;50;40;50;4;4;4;2;2;2;2;3;3;4;4; ; ; ; ; ; ; ; ; ; ; ; ; ; ; ; ; ;3;1;3;1;4;1;3;1;3;1;Uomo;Male;1989;35; ;Sì;yes; ;Albano Laziale;Media superiore;13;4;5;Caratterizzata da piccole salite;Easy climbs;Sì;No;Sì;Sì;Sì;Sì;Sì;Sì;Sì;no;Not Rome
Lavoro;Numero di volte;2;5;Bus/Tram;Metro; ; ; ;yes;yes;Public;0;0;0;3;0;0;0;0;3;4;4;3;0;0;0;5;0;3;3;5;5;5;5;5;5;5;5;5;5;5;5;5;4;4;4;4;4;4;4;4;4;4;4;5;3;4;Roma;Roma;yes;5;3;4;60;0;0;5;3;3;5;3;3;5;3;3;3;3; ; ; ; ; ; ; ; ; ; ; ; ; ; ; ; ; ;4;1;3;1;4;1;3;1;3;1;Donna;Female;1990;34; ;Sì;yes; ;Roma;Laurea magistrale o successivo;18;3;5;Caratterizzata da piccole salite;Easy climbs;Sì;No;Sì;No;No;Sì;Sì;Sì;Sì;yes;Rome
Sono uno studente e lavoro;Numero di volte;2;6;Auto;Metro; ; ; ;yes;yes;Public;5;3;3;2;0;0;0;0;1;2;2;1;0;0;0;1;5;3;3;2;0;3;3;5;5;5;5;5;5;5;5;5;3;3;4;3;3;3;4;3;2;3;5;0;3;3;Roma;Roma;yes;5;5;5;0;0;0;5;5;5;5;5;5;5;5;5;5;5; ; ; ; ; ; ; ; ; ; ; ; ; ; ; ; ; ;1;0;4;1;1;0;4;1;1;0;Donna;Female;1991;33; ;Sì;yes; ;Cosenza;Media superiore;13;4;3;Caratterizzata da piccole salite;Easy climbs;Sì;No;Sì;No;No;Sì;Sì;Sì;Sì;yes;Rome
Lavoro;Numero di volte;2;5;Auto;Bus/Tram; ; ; ;yes;yes;Public;5;5;5;5;0;0;0;0;3;3;3;3;0;0;0;4;4;4;4;4;2;2;2;5;5;5;5;5;5;5;5;5;2;2;2;2;2;3;3;3;3;3;3;3;3;3;Roma;Roma;yes;3;3;3;10;0;0;2;0;0;2;0;0;2;2;2;2;2; ; ; ; ; ; ; ; ; ; ; ; ; ; ; ; ; ;1;0;3;1;2;0;3;1;4;1;Uomo;Male;1993;31; ;Sì;yes; ;Roma;Laurea magistrale o successivo;18;4;1;Prevalentemente pianeggiante;Flat;Sì;No;No;No;No;Sì;Sì;Sì;Sì;yes;Rome
Lavoro;Numero di volte;2;5;Auto;Bus/Tram; ; ; ;yes;yes;Public;0;0;0;0;0;0;0;0;4;4;4;4;4;4;4;4;4;4;4;1;3;3;3;3;3;3;5;5;5;5;5;5;5;5;5;5;5;5;5;5;5;5;5;4;4;4;Roma;Roma;yes;2;2;2;5;5;5;1;1;1;1;1;1;1;1;1;1;1; ; ; ; ; ; ; ; ; ; ; ; ; ; ; ; ; ;1;0;3;1;2;0;1;0;3;1;Donna;Female;1989;35; ;Sì;yes; ;Roma;Media superiore;13;4;2;Prevalentemente pianeggiante;Flat;Sì;No;No;No;No;Sì;Sì;No;Sì;yes;Rome
Non lavoro e non studio; N/A;1; ; ; ; ; ; ;no;no;N/A;0;0;4;3;0;1;2;3;2;3;3;3;0;0;1;3;4;2;3;2;1;3;3;5;5;3;5;4;3;5;4;1;4;5;5;5;4;5;5;5;5;3;4;5;2;2; ; ;yes;5;4;3;100;20;5;5;5;5;5;5;5;5;5;5;5;5;5;4;3;100;20;5;5;5;5;5;5;5;5;5;5;5;5;4;1;4;1;4;1;2;0;1;0;Donna;Female;1990;34;Roma;Sì;yes; ;Taranto ;Laurea (triennale) di primo livello;16;2;2;Prevalentemente pianeggiante;Flat;Sì;No;Sì;No;No;Sì;Sì;No;Sì;;
Non lavoro e non studio; N/A;1; ; ; ; ; ; ;no;no;N/A;0;2;2;3;0;0;0;0;0;3;3;3;0;0;2;4;0;0;0;4;3;2;2;3;3;2;5;5;5;5;5;5;3;3;3;4;4;5;5;5;4;5;5;4;0;0; ; ;yes;4;0;0;80;0;0;4;2;2;3;2;2;3;1;1;1;1;4;0;0;80;0;0;4;2;2;3;2;2;3;1;1;1;1;3;1;3;1;4;1;2;0;3;1;Uomo;Male;1989;35;Roma;Sì;yes; ;Gaeta;Laurea magistrale o successivo;18;4;4;Prevalentemente pianeggiante;Flat;Sì;No;No;No;No;Sì;Sì;No;Sì;;
Non lavoro e non studio; N/A;1; ; ; ; ; ; ;no;no;N/A;1;1;1;1;1;1;1;1;5;5;5;5;2;2;2;2;5;5;5;5;3;3;3;3;3;3;5;5;5;5;5;5;5;5;5;5;4;5;5;5;5;4;4;3;3;3; ; ;yes;5;5;5;20;20;20;4;4;4;4;4;4;4;4;4;4;4;5;5;5;20;20;20;4;4;4;4;4;4;4;4;4;4;4;4;1;4;1;1;0;1;0;3;1;Donna;Female;1998;26;Roma;Sì;yes; ;Roma;Media superiore;13;4;3;Prevalentemente pianeggiante;Flat;Sì;No;No;No;No;Sì;Sì;Sì;Sì;;
Lavoro;Numero di volte;2;6;Bus/Tram;Metro; ; ; ;yes;yes;Public;4;1;1;1;0;0;0;0;3;3;3;3;0;0;2;3;3;1;1;1;3;2;2;5;5;5;5;5;5;5;5;5;5;5;5;5;5;5;5;5;5;5;5;3;4;4;Roma;Roma;yes;3;5;5;50;2;1;5;5;5;5;5;5;5;5;5;5;5; ; ; ; ; ; ; ; ; ; ; ; ; ; ; ; ; ;3;1;3;1;3;1;4;1;4;1;Uomo;Male;1990;34; ;Sì;yes; ;Roma;Laurea (triennale) di primo livello;16;3;4;Caratterizzata da piccole salite;Easy climbs;Sì;Sì;Sì;No;Sì;Sì;Sì;Sì;Sì;yes;Rome
Lavoro;Numero di volte;2;6;Auto;Treno; ; ; ;yes;yes;Public;3;3;3;0;0;0;0;0;4;4;4;0;0;0;0;4;5;3;3;0;0;0;0;5;5;5;5;5;5;5;5;5;5;5;0;5;0;5;0;5;0;0;0;5;3;3;Olevano Romano;Olevano Romano;yes;0;0;0;0;0;0;0;0;0;0;0;0;0;0;0;0;0; ; ; ; ; ; ; ; ; ; ; ; ; ; ; ; ; ;1;0;4;1;1;0;1;0;1;0;Donna;Female;1999;25; ;Sì;yes; ;Subiaco;Media superiore;13;4;5;Caratterizzata da piccole salite;Easy climbs;Sì;Sì;No;No;No;Sì;Sì;Sì;Sì;yes;Not Rome
Sono uno studente e lavoro;Numero di volte;2;5;Auto;Bus/Tram;eBike (Bici Elettrica); ; ;yes;yes;VRU;0;0;0;0;0;0;0;0;4;5;5;5;0;0;0;0;2;5;2;5;5;5;5;5;5;5;5;5;5;5;5;5;4;4;4;3;3;4;4;5;5;3;5;3;4;4;Roma;Roma;yes;1;1;3;0;0;70;5;5;5;5;5;5;5;5;5;5;5; ; ; ; ; ; ; ; ; ; ; ; ; ; ; ; ; ;2;0;3;1;2;0;3;1;2;0;Uomo;Male;1999;25; ;Sì;yes; ;Milano;Media superiore;13;3;0;Caratterizzata da forti pendenze;Steep slopes;Sì;Sì;Sì;Sì;Sì;Sì;Sì;Sì;Sì;yes;Rome
Sono uno studente e lavoro;Numero di volte;2;5;Moto/scooter;Bici; ; ; ;no;yes;VRU;0;0;5;5;0;0;0;0;3;3;4;0;0;0;3;5;5;4;3;3;1;2;4;5;5;3;5;5;4;5;5;3;5;5;5;5;2;5;5;5;5;2;4;5;2;3;Roma;Roma;yes;5;2;2;50;30;0;3;1;1;4;4;4;3;3;3;2;2; ; ; ; ; ; ; ; ; ; ; ; ; ; ; ; ; ;3;1;4;1;4;1;4;1;3;1;Donna;Female;1989;35; ;Sì;yes; ;San Benedetto del Tronto;Laurea magistrale o successivo;18;5;5;Prevalentemente pianeggiante;Flat;Sì;Sì;Sì;No;No;Sì;No;Sì;Sì;yes;Rome
Sono uno studente;Numero di volte;2;5;Metro; ; ; ; ;yes;yes;Public;4;5;5;5;0;0;0;0;4;4;4;1;0;0;5;5;4;4;4;4;1;4;4;4;4;1;2;2;4;5;5;5;5;5;5;5;5;5;5;5;5;5;5;0;0;5;Roma;Roma;yes;0;0;0;0;0;0;5;5;5;5;5;5;0;5;5;5;5; ; ; ; ; ; ; ; ; ; ; ; ; ; ; ; ; ;4;1;1;0;1;0;4;1;4;1;Uomo;Male;1999;25; ;No;no;Angola;Angola;Media superiore;13;3;0;Caratterizzata da forti pendenze;Steep slopes;Sì;No;No;No;No;Sì;No;No;Sì;yes;Rome
Lavoro;Numero di volte;2;6;Auto;Bus/Tram; ; ; ;yes;yes;Public;3;3;3;3;3;3;3;3;3;3;3;3;3;3;3;3;2;2;2;2;1;1;1;5;5;5;5;5;5;5;5;5;3;3;3;2;2;3;3;3;2;2;2;4;4;4;Roma;Roma;yes;4;4;4;80;80;80;4;4;4;4;4;4;4;4;4;4;4; ; ; ; ; ; ; ; ; ; ; ; ; ; ; ; ; ;3;1;3;1;4;1;2;0;2;0;Uomo;Male;1989;35; ;Sì;yes; ;Rieti;Media superiore;13;4;4;Prevalentemente pianeggiante;Flat;Sì;No;Sì;No;No;Sì;Sì;Sì;Sì;yes;Rome
Lavoro;Numero di volte;2;5;Metro;Monopattino; ; ; ;yes;yes;VRU;0;1;0;4;0;0;0;1;2;3;3;3;0;1;1;0;2;0;0;4;2;0;0;5;3;3;5;4;4;5;4;4;5;3;3;3;0;5;3;3;1;0;1;1;1;3;Roma;Roma;yes;0;1;4;0;0;90;2;1;4;2;1;4;2;3;5;3;5; ; ; ; ; ; ; ; ; ; ; ; ; ; ; ; ; ;4;1;2;0;4;1;2;0;2;0;Uomo;Male;1992;32; ;Sì;yes; ;Roma;Media superiore;13;5;3;Caratterizzata da piccole salite;Easy climbs;No;No;Sì;No;Sì;Sì;Sì;Sì;No;yes;Rome
Sono uno studente e lavoro;Numero di volte;2;15;Auto;Moto/scooter; ; ; ;no;yes;Private;0;3;5;5;0;0;1;0;4;4;5;3;0;0;1;5;4;0;1;5;3;4;3;4;4;4;3;3;3;5;4;0;5;5;5;5;5;5;5;5;5;4;5;5;1;3;Roma;Roma;yes;0;0;0;0;0;0;5;5;5;5;5;5;5;5;5;5;5; ; ; ; ; ; ; ; ; ; ; ; ; ; ; ; ; ;4;1;4;1;1;0;1;0;1;0;Donna;Female;1995;29; ;Sì;yes; ;Roma;Laurea magistrale o successivo;18;3;0;Caratterizzata da piccole salite;Easy climbs;Sì;Sì;No;No;No;Sì;Sì;Sì;Sì;yes;Rome
Sono uno studente;0 (Mai, lavoro da casa, sto sempre a casa);3;0; ; ; ; ; ;no;no;N/A;3;3;3;5;0;0;0;0;5;5;5;3;0;0;0;4;3;3;3;4;4;4;4;4;4;4;5;5;5;5;5;5;5;5;4;3;3;5;5;4;5;3;3;5;3;3;Roma;Roma;yes;5;5;5;80;70;70;5;5;5;5;5;5;5;5;5;5;5;5;5;5;80;70;70;5;5;5;5;5;5;5;5;5;5;5;3;1;4;1;4;1;3;1;4;1;Donna;Female;1993;31;San Polo Dei Cavalieri;Sì;yes; ;Roma;Media superiore;13;3;4;Caratterizzata da forti pendenze;Steep slopes;Sì;No;Sì;No;No;Sì;Sì;No;Sì;yes;Rome
Lavoro;Numero di volte;2;5;Auto;Bus/Tram; ; ; ;yes;yes;Public;0;0;0;2;0;0;0;0;4;4;4;3;0;0;0;5;0;0;0;3;3;3;3;4;4;4;5;5;5;5;5;5;5;5;5;5;5;5;5;5;5;5;5;1;1;1;Roma;Roma;yes;3;3;3;0;0;0;4;4;4;4;4;4;4;4;4;4;4; ; ; ; ; ; ; ; ; ; ; ; ; ; ; ; ; ;2;0;3;1;2;0;3;1;1;0;Donna;Female;1989;35; ;Sì;yes; ;Civitavecchia;Laurea magistrale o successivo;18;4;0;Prevalentemente pianeggiante;Flat;Sì;Sì;Sì;Sì;Sì;Sì;No;Sì;Sì;yes;Rome
Lavoro;Numero di volte;2;5;Auto;Metro;Moto/scooter; ; ;yes;yes;Public;5;5;5;5;0;0;0;0;5;5;5;5;0;0;0;3;5;5;5;5;0;0;0;5;5;5;5;5;5;5;5;5;5;5;5;5;5;5;5;5;3;5;3;0;0;0;Roma;Roma;yes;0;0;0;0;0;0;0;0;0;0;0;0;0;0;0;0;0; ; ; ; ; ; ; ; ; ; ; ; ; ; ; ; ; ;3;1;4;1;4;1;1;0;3;1;Donna;Female;1991;33; ;Sì;yes; ;Roma;Laurea (triennale) di primo livello;16;2;4;Caratterizzata da forti pendenze;Steep slopes;Sì;Sì;Sì;No;Sì;Sì;Sì;Sì;Sì;yes;Rome
Lavoro;Numero di volte;2;5;Auto;Bus/Tram;Vado a piedi; ; ;yes;yes;VRU;0;0;0;0;0;0;0;0;3;3;3;3;4;4;4;4;5;5;5;5;5;5;5;5;5;5;5;5;5;5;5;5;5;5;5;5;2;5;5;5;3;2;2;3;3;3;Roma;Roma;yes;5;5;5;40;30;30;3;3;3;3;3;3;3;3;3;3;3; ; ; ; ; ; ; ; ; ; ; ; ; ; ; ; ; ;4;1;3;1;4;1;2;0;2;0;Donna;Female;1990;34; ;Sì;yes; ;Roma;Laurea magistrale o successivo;18;4;3;Prevalentemente pianeggiante;Flat;Sì;No;No;No;No;Sì;Sì;Sì;Sì;yes;Rome
Non lavoro e non studio; N/A;1; ; ; ; ; ; ;no;no;N/A;0;0;0;3;0;0;0;0;4;5;5;3;0;0;0;3;0;0;0;0;2;2;2;5;5;5;5;5;5;5;5;5;5;5;5;5;5;5;5;5;5;5;5;3;3;4; ; ;yes;5;3;3;100;20;20;5;5;5;5;5;5;5;5;5;5;5;5;3;3;100;20;20;5;5;5;5;5;5;5;5;5;5;5;4;1;3;1;4;1;3;1;2;0;Donna;Female;1991;33;Nazzano;Sì;yes; ;Roma;Media superiore;13;5;3;Caratterizzata da forti pendenze;Steep slopes;Sì;No;Sì;No;No;Sì;Sì;No;Sì;;
Lavoro;Numero di volte;2;6;Auto;Bus/Tram; ; ; ;yes;yes;Public;1;4;3;4;0;0;1;0;4;4;5;4;1;0;0;5;3;2;2;4;2;2;2;3;3;3;5;5;1;5;5;1;5;5;4;5;4;4;3;4;4;4;4;2;0;0;Roma;Roma;yes;2;0;0;10;0;0;2;0;0;2;0;0;2;0;0;0;0; ; ; ; ; ; ; ; ; ; ; ; ; ; ; ; ; ;2;0;3;1;2;0;1;0;2;0;Uomo;Male;1993;31; ;Sì;yes; ;Ragusa;Laurea (triennale) di primo livello;16;3;3;Caratterizzata da piccole salite;Easy climbs;Sì;No;Sì;No;No;Sì;Sì;Sì;Sì;yes;Rome
Lavoro;Numero di volte;2;3;Metro;Treno; ; ; ;yes;yes;Public;0;2;5;2;0;0;0;0;0;3;4;2;0;0;0;3;1;1;1;3;3;2;2;4;2;2;5;3;3;5;3;3;0;0;3;3;2;4;4;3;4;3;3;3;4;4;Roma;Roma;yes;4;5;5;100;0;0;5;0;0;5;0;0;5;0;0;0;0; ; ; ; ; ; ; ; ; ; ; ; ; ; ; ; ; ;4;1;4;1;4;1;1;0;3;1;Donna;Female;1996;28; ;Sì;yes; ;Roma;Laurea (triennale) di primo livello;16;3;2;Prevalentemente pianeggiante;Flat;Sì;No;No;No;No;Sì;No;No;Sì;yes;Rome
Lavoro;Numero di volte;2;5;Auto;Bus/Tram;Metro;Treno; ;yes;yes;Public;0;5;3;5;0;2;0;0;5;5;5;5;0;0;0;3;0;0;0;4;5;5;5;5;5;5;5;5;5;5;5;5;5;5;5;4;2;5;5;4;5;3;2;5;1;1;Roma;Roma;yes;0;0;0;0;0;0;2;2;2;2;2;2;2;2;2;2;2; ; ; ; ; ; ; ; ; ; ; ; ; ; ; ; ; ;4;1;4;1;4;1;1;0;3;1;Uomo;Male;1989;35; ;Sì;yes; ;Roma;Media superiore;13;4;5;Caratterizzata da forti pendenze;Steep slopes;Sì;No;Sì;No;No;Sì;Sì;Sì;Sì;yes;Rome
Lavoro;Numero di volte;2;5;Auto;Bus/Tram; ; ; ;yes;yes;Public;0;2;2;3;0;0;0;0;0;3;3;1;0;0;0;3;2;2;2;3;2;2;2;4;4;4;5;5;5;5;5;5;5;5;5;5;5;5;5;5;5;5;5;3;3;3;Viterbo;Viterbo;yes;2;2;2;0;0;0;0;0;0;0;0;0;0;0;0;0;0; ; ; ; ; ; ; ; ; ; ; ; ; ; ; ; ; ;3;1;3;1;3;1;3;1;2;0;Donna;Female;1992;32; ;Sì;yes; ;Roma;Media superiore;13;3;3;Prevalentemente pianeggiante;Flat;Sì;No;Sì;Sì;No;Sì;No;Sì;Sì;yes;Not Rome
Lavoro e studio;Numero di volte;2;5;Bus/Tram;Metro; ; ; ;yes;yes;Public;0;0;0;0;0;0;0;0;5;5;5;5;3;3;3;3;5;5;5;5;5;5;5;5;5;5;5;5;5;5;5;5;5;5;5;5;5;5;5;5;5;5;5;4;4;4;Roma;Roma;yes;5;5;5;100;100;100;5;5;5;5;5;5;5;5;5;5;5; ; ; ; ; ; ; ; ; ; ; ; ; ; ; ; ; ;4;1;4;1;4;1;4;1;2;0;Donna;Female;1991;33; ;Sì;yes; ;Roma;Laurea magistrale o successivo;18;2;4;Prevalentemente pianeggiante;Flat;No;No;Sì;No;No;Sì;No;Sì;Sì;yes;Rome
Lavoro;Numero di volte;2;5;Bus/Tram;Moto/scooter; ; ; ;yes;yes;Public;4;4;4;4;0;0;0;0;4;5;5;5;5;5;5;5;4;4;4;3;5;5;5;5;5;5;5;5;5;5;5;5;5;5;5;5;4;5;5;5;5;3;5;4;4;4;Roma;Roma;yes;0;0;0;0;0;0;4;4;4;4;4;4;4;4;4;4;4; ; ; ; ; ; ; ; ; ; ; ; ; ; ; ; ; ;4;1;3;1;4;1;3;1;3;1;Uomo;Male;1998;26; ;Sì;yes; ;Roma;Laurea (triennale) di primo livello;16;4;4;Caratterizzata da piccole salite;Easy climbs;Sì;Sì;Sì;No;No;Sì;Sì;Sì;Sì;yes;Rome
Lavoro;Numero di volte;2;4;Auto;Bus/Tram; ; ; ;yes;yes;Public;3;3;0;5;0;0;5;0;1;4;5;4;0;0;2;5;0;0;3;4;0;2;2;5;3;3;2;4;1;5;5;5;3;2;2;3;4;2;4;2;4;3;4;3;1;0;Roma;Roma;yes;2;0;0;10;0;0;2;0;0;1;0;0;2;0;0;0;0; ; ; ; ; ; ; ; ; ; ; ; ; ; ; ; ; ;2;0;4;1;2;0;1;0;3;1;Uomo;Male;1988;36; ;Sì;yes; ;Roma;Laurea (triennale) di primo livello;16;3;4;Prevalentemente pianeggiante;Flat;Sì;No;Sì;No;No;Sì;No;No;Sì;yes;Rome
Sono uno studente e lavoro;Numero di volte;2;5;Bici;Vado a piedi; ; ; ;yes;yes;VRU;0;0;0;3;0;0;0;0;0;1;1;1;0;1;1;4;1;0;0;2;2;4;4;5;4;4;5;5;5;5;5;5;4;4;5;4;5;4;5;4;4;5;4;5;5;5;Roma;Roma;yes;5;5;5;50;50;0;5;5;5;5;5;5;5;5;5;5;5; ; ; ; ; ; ; ; ; ; ; ; ; ; ; ; ; ;4;1;3;1;3;1;4;1;4;1;Donna;Female;1996;28; ;Sì;yes; ;Roma;Laurea (triennale) di primo livello;16;5;5;Prevalentemente pianeggiante;Flat;Sì;Sì;Sì;Sì;Sì;Sì;Sì;No;Sì;yes;Rome
Sono uno studente;0 (Mai, lavoro da casa, sto sempre a casa);3;0; ; ; ; ; ;no;no;N/A;4;4;4;0;0;0;0;0;3;3;3;3;0;0;0;3;2;2;2;1;3;3;4;5;5;5;5;5;5;5;5;5;5;5;4;3;3;5;5;5;5;4;5;2;2;2;Roma;Roma;yes;2;3;3;40;60;60;5;5;5;5;5;5;5;5;5;5;5;2;3;3;40;60;60;5;5;5;5;5;5;5;5;5;5;5;2;0;3;1;3;1;2;0;3;1;Donna;Female;1999;25;Cerveteri;Sì;yes; ;Roma;Media superiore;13;3;4;Caratterizzata da piccole salite;Easy climbs;Sì;No;Sì;No;Sì;Sì;Sì;No;Sì;yes;Rome
Lavoro;Numero di volte;2;5;Bus/Tram; ; ; ; ;yes;yes;Public;4;4;4;1;0;0;0;0;1;1;1;0;0;0;0;4;4;3;3;3;0;0;0;5;5;5;5;5;5;5;5;5;4;4;5;5;3;4;5;5;5;3;2;4;0;0;Roma;Roma;yes;3;0;0;50;0;0;4;0;0;4;0;0;4;0;0;0;0; ; ; ; ; ; ; ; ; ; ; ; ; ; ; ; ; ;4;1;4;1;4;1;1;0;3;1;Donna;Female;1994;30; ;Sì;yes; Spagna;Spagna;Laurea magistrale o successivo;18;4;5;Prevalentemente pianeggiante;Flat;Sì;No;No;No;No;No;No;No;Sì;yes;Rome
Lavoro;Numero di volte;2;5;Auto;Bus/Tram; ; ; ;yes;yes;Public;0;0;0;0;0;0;0;0;0;0;0;1;0;0;0;0;0;0;0;3;5;5;5;5;5;5;5;5;5;5;5;5;3;3;3;3;3;3;3;5;5;5;5;3;3;3;Roma;Roma;yes;3;3;3;20;10;10;4;4;4;4;4;4;4;4;4;4;4; ; ; ; ; ; ; ; ; ; ; ; ; ; ; ; ; ;3;1;3;1;2;0;3;1;2;0;Uomo;Male;1998;26; ;Sì;yes; ;Roma;Licenza elementare/media inferiore;8;5;5;Prevalentemente pianeggiante;Flat;Sì;No;No;No;No;Sì;No;No;Sì;yes;Rome
Sono uno studente;Numero di volte;2;5;Auto;Bus/Tram;Metro; ; ;yes;yes;Public;3;0;0;3;0;0;0;0;1;1;1;1;0;0;2;4;2;2;2;4;1;3;3;3;3;3;5;5;5;5;5;5;3;4;4;4;3;3;4;4;4;3;3;4;4;4;Roma;Roma;yes;4;2;4;20;0;3;3;0;3;0;0;0;4;0;4;0;4; ; ; ; ; ; ; ; ; ; ; ; ; ; ; ; ; ;1;0;3;1;1;0;3;1;3;1;Donna;Female;1999;25; ;Sì;yes; ;Roma;Media superiore;13;4;4;Caratterizzata da piccole salite;Easy climbs;Sì;No;Sì;Sì;No;Sì;Sì;Sì;Sì;yes;Rome
Lavoro;Numero di volte;2;7;Bus/Tram; ; ; ; ;yes;yes;Public;5;0;0;2;0;0;0;0;5;5;5;0;0;0;0;5;5;3;3;0;5;5;5;5;5;5;5;5;5;5;5;5;2;5;0;5;4;2;0;5;1;4;5;5;1;1;Roma;Roma;yes;5;3;3;0;0;0;5;3;3;5;3;3;5;3;3;3;3; ; ; ; ; ; ; ; ; ; ; ; ; ; ; ; ; ;1;0;4;1;1;0;2;0;4;1;Uomo;Male;2002;22; ;Sì;yes; ;Roma;Media superiore;13;0;5;Prevalentemente pianeggiante;Flat;Sì;No;No;No;No;Sì;Sì;Sì;Sì;yes;Rome
Lavoro;Numero di volte;2;5;Auto;Bus/Tram; ; ; ;yes;yes;Public;4;4;3;2;0;0;0;0;5;5;3;3;0;0;2;2;3;3;3;3;5;5;5;5;5;5;5;5;5;5;5;5;5;5;4;5;5;4;4;4;4;4;4;3;2;2;Roma;Roma;yes;0;2;2;0;0;0;5;5;5;1;1;1;0;5;5;5;5; ; ; ; ; ; ; ; ; ; ; ; ; ; ; ; ; ;3;1;3;1;2;0;4;1;4;1;Donna;Female;2002;22; ;Sì;yes; ;Roma;Media superiore;13;2;4;Caratterizzata da piccole salite;Easy climbs;Sì;No;Sì;Sì;No;Sì;No;Sì;Sì;yes;Rome
Lavoro;Numero di volte;2;5;Auto;Metro; ; ; ;yes;yes;Public;0;0;0;3;3;4;4;0;1;1;1;1;0;2;2;4;1;1;1;0;2;3;3;5;4;4;5;5;5;5;5;5;5;5;5;3;3;5;5;3;3;3;5;4;3;3;Roma;Roma;yes;4;0;0;50;0;0;1;1;1;0;0;0;0;0;0;0;0; ; ; ; ; ; ; ; ; ; ; ; ; ; ; ; ; ;1;0;3;1;2;0;4;1;2;0;Donna;Female;1989;35; ;Sì;yes; ;Salerno;Laurea (triennale) di primo livello;16;5;5;Caratterizzata da piccole salite;Easy climbs;Sì;No;No;Sì;No;Sì;Sì;Sì;Sì;yes;Rome
Non lavoro e non studio; N/A;1; ; ; ; ; ; ;no;no;N/A;3;2;2;3;2;2;2;0;1;3;3;1;1;4;4;3;2;0;0;0;3;2;3;5;4;4;3;3;3;5;5;3;5;5;5;5;4;5;5;5;5;4;5;0;3;3; ; ;yes;4;3;5;80;50;40;4;4;4;4;4;4;3;5;5;5;5;4;3;5;80;50;40;4;4;4;4;4;4;3;5;5;5;5;4;1;3;1;2;0;1;0;3;1;Donna;Female;1993;31;Roma;Sì;yes; ;Roma;Licenza elementare/media inferiore;8;3;4;Prevalentemente pianeggiante;Flat;No;No;No;No;No;Sì;Sì;No;No;;
Lavoro;Numero di volte;2;5;Bus/Tram; ; ; ; ;yes;yes;Public;0;5;5;0;0;0;0;0;5;0;0;3;0;0;0;5;5;3;3;3;3;3;3;5;5;5;5;5;5;5;5;5;2;2;4;4;3;2;4;4;1;3;4;3;3;3;Ciampino;Roma;no;3;3;3;50;0;0;3;3;3;3;3;3;3;3;3;3;3; ; ; ; ; ; ; ; ; ; ; ; ; ; ; ; ; ;4;1;4;1;2;0;1;0;2;0;Uomo;Male;1991;33; ;Sì;yes; ;Roma;Media superiore;13;3;4;Prevalentemente pianeggiante;Flat;Sì;No;No;No;No;Sì;Sì;Sì;Sì;no;Rome
Lavoro;Numero di volte;2;0;Auto;Bus/Tram;Metro; ; ;yes;yes;Public;2;2;2;2;0;0;0;0;2;2;2;2;2;2;2;4;4;4;4;3;3;3;3;4;4;4;4;4;4;4;4;4;4;4;4;4;4;4;4;4;4;4;4;2;2;2;Roma;Roma;yes;5;5;5;10;0;0;5;5;5;0;0;0;3;3;3;3;3; ; ; ; ; ; ; ; ; ; ; ; ; ; ; ; ; ;1;0;4;1;1;0;3;1;1;0;Donna;Female;1992;32; ;Sì;yes; ;Roma;Laurea magistrale o successivo;18;4;3;Caratterizzata da forti pendenze;Steep slopes;Sì;No;Sì;No;No;Sì;Sì;Sì;Sì;yes;Rome
Lavoro;Numero di volte;2;7;Bus/Tram; ; ; ; ;yes;yes;Public;0;0;0;0;1;1;1;1;5;5;5;5;0;0;0;4;0;0;0;4;4;4;4;4;4;4;5;5;5;4;4;4;5;5;5;5;5;5;5;5;5;5;5;4;4;4;Roma;Velletri;no;5;0;0;100;0;0;4;0;0;4;0;0;4;0;0;1;1; ; ; ; ; ; ; ; ; ; ; ; ; ; ; ; ; ;2;0;4;1;4;1;1;0;2;0;Donna;Female;1996;28; ;Sì;yes; ;Genzano;Media superiore;13;5;5;Caratterizzata da piccole salite;Easy climbs;Sì;No;No;No;No;Sì;No;No;Sì;no;Not Rome
Lavoro;Numero di volte;2;4;Bus/Tram;Metro;Altro (specificare); ;taxi;yes;yes;Public;3;3;3;3;0;0;0;0;4;4;4;4;0;0;0;3;4;4;4;2;2;2;2;3;3;2;4;4;4;4;4;4;4;4;4;4;4;5;5;5;5;5;5;2;2;2;Roma;Roma;yes;0;0;0;20;0;0;0;0;0;0;0;0;0;0;0;0;0; ; ; ; ; ; ; ; ; ; ; ; ; ; ; ; ; ;2;0;1;0;4;1;3;1;1;0;Uomo;Male;1990;34; ;Sì;yes; ;Cisternino;Laurea magistrale o successivo;18;2;0;Prevalentemente pianeggiante;Flat;Sì;No;No;No;No;Sì;Sì;Sì;Sì;yes;Rome
Lavoro;Numero di volte;2;5;Metro;Treno; ; ; ;yes;yes;Public;1;1;1;5;1;1;1;1;5;5;5;5;0;5;5;5;2;2;2;3;2;2;2;3;3;3;5;5;5;5;5;5;5;5;3;5;3;5;5;3;5;5;3;3;2;2;Roma;Santa Marinella;no;4;1;1;80;10;10;4;4;4;4;4;4;4;4;4;4;4; ; ; ; ; ; ; ; ; ; ; ; ; ; ; ; ; ;2;0;1;0;4;1;2;0;3;1;Donna;Female;1993;31; ;Sì;yes; ;Civitavecchia;Laurea (triennale) di primo livello;16;3;2;Prevalentemente pianeggiante;Flat;Sì;No;Sì;Sì;Sì;Sì;Sì;Sì;Sì;no;Not Rome
Lavoro;Numero di volte;2;6;Auto;Bus/Tram; ; ; ;yes;yes;Public;3;3;3;1;0;0;0;0;3;3;3;0;0;0;1;4;1;1;1;3;3;3;3;4;4;4;5;5;5;5;5;5;5;5;5;5;3;5;5;5;5;3;3;4;4;4;Roma;Roma;yes;4;0;0;30;0;0;4;4;4;4;4;4;4;4;4;4;4; ; ; ; ; ; ; ; ; ; ; ; ; ; ; ; ; ;2;0;3;1;3;1;1;0;2;0;Donna;Female;1989;35; ;Sì;yes; ;Roma;Media superiore;13;3;4;Prevalentemente pianeggiante;Flat;Sì;No;No;No;No;Sì;No;No;Sì;yes;Rome
Lavoro;Numero di volte;2;6;Bus/Tram; ; ; ; ;yes;yes;Public;4;5;5;3;0;0;0;0;0;5;5;2;0;0;0;5;0;3;3;5;5;4;4;5;5;5;5;5;5;5;5;5;3;5;5;3;5;3;5;3;5;5;5;5;0;0;Roma;Roma;yes;5;0;0;100;0;0;5;0;0;5;0;0;5;0;0;0;0; ; ; ; ; ; ; ; ; ; ; ; ; ; ; ; ; ;4;1;4;1;4;1;3;1;1;0;Donna;Female;1995;29; ;Sì;yes; ;Roma;Media superiore;13;5;5;Caratterizzata da forti pendenze;Steep slopes;Sì;No;Sì;No;No;Sì;Sì;Sì;Sì;yes;Rome
Lavoro;Numero di volte;2;7;Vado a piedi; ; ; ; ;yes;yes;VRU;0;3;3;5;0;0;0;0;0;5;5;3;0;0;2;4;2;2;2;0;3;4;4;5;5;5;5;5;5;5;5;5;5;4;5;3;5;5;5;5;5;5;4;0;0;0;Roma;Roma;yes;3;4;4;30;30;30;5;5;5;2;2;2;5;5;5;5;5; ; ; ; ; ; ; ; ; ; ; ; ; ; ; ; ; ;4;1;3;1;2;0;2;0;2;0;Uomo;Male;1991;33; ;Sì;yes; ;Roma;Media superiore;13;3;0;Caratterizzata da piccole salite;Easy climbs;Sì;Sì;Sì;Sì;Sì;Sì;Sì;Sì;Sì;yes;Rome
Lavoro;Numero di volte;2;6;Auto;Metro; ; ; ;yes;yes;Public;3;3;3;3;1;1;1;1;0;0;0;0;0;0;0;3;4;4;4;4;0;0;0;4;4;4;4;4;4;4;4;4;3;3;3;3;3;4;4;4;4;4;4;3;3;3;Roma;Roma;yes;2;2;2;30;0;0;4;4;4;2;2;2;2;3;3;3;3; ; ; ; ; ; ; ; ; ; ; ; ; ; ; ; ; ;3;1;2;0;2;0;2;0;2;0;Uomo;Male;2000;24; ;Sì;yes;Romania;Romania;Media superiore;13;4;3;Caratterizzata da piccole salite;Easy climbs;Sì;No;Sì;No;No;Sì;Sì;Sì;Sì;yes;Rome
Lavoro;Numero di volte;2;5;Auto;Bus/Tram;Metro; ; ;yes;yes;Public;1;1;1;1;1;1;1;1;1;1;1;1;1;1;1;1;2;2;2;2;4;4;4;4;4;4;5;5;5;5;5;5;3;3;3;3;3;3;3;3;3;3;3;3;3;3;Roma;Roma;yes;3;3;3;30;30;30;3;3;3;3;3;3;3;3;3;3;3; ; ; ; ; ; ; ; ; ; ; ; ; ; ; ; ; ;4;1;4;1;2;0;1;0;3;1;Donna;Female;1989;35; ;Sì;yes; ;Roma;Laurea magistrale o successivo;18;2;3;Prevalentemente pianeggiante;Flat;Sì;No;Sì;No;No;Sì;No;No;Sì;yes;Rome
Lavoro;Numero di volte;2;5;Auto;Metro; ; ; ;yes;yes;Public;5;5;0;4;0;0;0;0;5;5;5;5;5;5;0;5;5;5;5;0;0;0;0;3;3;3;5;5;5;5;5;5;5;5;5;5;5;5;5;5;5;5;0;0;0;0;Roma;Roma;yes;0;0;0;0;0;0;0;5;5;0;5;5;0;5;5;5;5; ; ; ; ; ; ; ; ; ; ; ; ; ; ; ; ; ;2;0;3;1;4;1;4;1;1;0;Donna;Female;1991;33; ;Sì;yes; ;Roma;Media superiore;13;2;0;Prevalentemente pianeggiante;Flat;Sì;No;No;No;Sì;Sì;Sì;Sì;Sì;yes;Rome
Lavoro;Numero di volte;2;5;Auto;Bus/Tram; ; ; ;yes;yes;Public;0;0;0;0;2;2;2;2;0;4;4;2;0;0;1;4;3;3;3;0;4;4;4;5;5;5;3;3;3;3;3;3;5;5;5;5;5;5;5;5;3;3;3;5;2;0;Roma;Roma;yes;0;0;0;0;0;0;1;1;1;1;1;1;1;1;1;1;1; ; ; ; ; ; ; ; ; ; ; ; ; ; ; ; ; ;1;0;3;1;3;1;2;0;3;1;Uomo;Male;1998;26; ;Sì;yes; ;Roma;Licenza elementare/media inferiore;8;4;4;Caratterizzata da piccole salite;Easy climbs;Sì;No;Sì;No;No;Sì;Sì;No;Sì;yes;Rome
Lavoro;Numero di volte;2;3;Treno; ; ; ; ;yes;yes;Public;1;1;1;1;0;0;0;0;1;1;1;0;0;0;0;4;3;3;3;1;1;1;1;5;5;5;5;5;5;5;5;5;3;4;2;3;2;3;2;3;4;2;2;3;3;3;Roma;Roma;yes;3;0;0;100;0;0;3;0;0;3;0;0;3;0;0;0;0; ; ; ; ; ; ; ; ; ; ; ; ; ; ; ; ; ;4;1;4;1;4;1;1;0;3;1;Uomo;Male;1990;34; ;Sì;yes; ;Roma;Laurea (triennale) di primo livello;16;3;3;Prevalentemente pianeggiante;Flat;Sì;No;No;No;No;Sì;Sì;Sì;Sì;yes;Rome
Lavoro;Numero di volte;2;6;Auto;Bus/Tram; ; ; ;yes;yes;Public;0;0;0;2;0;0;0;0;1;1;1;2;0;0;2;3;0;0;0;3;3;3;3;3;3;3;5;5;5;5;5;5;5;5;5;5;4;5;5;5;5;4;4;3;3;3;Viterbo;Viterbo;yes;3;3;3;50;30;0;4;4;4;4;4;4;3;4;4;4;4; ; ; ; ; ; ; ; ; ; ; ; ; ; ; ; ; ;3;1;3;1;3;1;2;0;2;0;Uomo;Male;1990;34; ;Sì;yes; ;Roma;Licenza elementare/media inferiore;8;3;3;Prevalentemente pianeggiante;Flat;Sì;No;Sì;Sì;No;Sì;No;Sì;Sì;yes;Not Rome
Lavoro;Numero di volte;2;6;Metro; ; ; ; ;yes;yes;Public;3;3;3;3;0;0;0;0;0;0;0;0;0;0;0;4;0;0;0;4;5;5;5;5;5;5;5;5;5;5;5;5;3;3;3;3;3;3;3;3;4;3;3;5;5;5;Roma;Roma;yes;0;2;2;0;0;0;5;5;5;5;5;5;5;5;5;5;5; ; ; ; ; ; ; ; ; ; ; ; ; ; ; ; ; ;2;0;1;0;4;1;3;1;3;1;Uomo;Male;1989;35; ;Sì;yes;Ecudor;Guayaquil;Media superiore;13;5;4;Prevalentemente pianeggiante;Flat;Sì;No;Sì;No;No;Sì;Sì;Sì;Sì;yes;Rome
Lavoro;Numero di volte;2;5;Bus/Tram;Vado a piedi; ; ; ;yes;yes;VRU;4;3;3;0;5;4;4;0;5;5;5;4;5;5;5;4;5;5;5;4;4;4;4;5;5;5;4;4;4;4;4;4;4;4;4;4;4;4;4;4;4;4;4;4;4;4;Roma;Roma;yes;4;4;4;100;10;0;5;5;5;4;4;4;4;4;4;5;5; ; ; ; ; ; ; ; ; ; ; ; ; ; ; ; ; ;1;0;3;1;2;0;1;0;1;0;Uomo;Male;1991;33; ;Sì;yes; ;Roma;Media superiore;13;3;1;Caratterizzata da forti pendenze;Steep slopes;Sì;No;Sì;No;No;Sì;Sì;Sì;Sì;yes;Rome
Lavoro;Numero di volte;2;5;Auto;Metro; ; ; ;yes;yes;Public;1;1;1;3;0;0;0;3;4;4;4;2;1;1;2;4;3;3;3;4;3;3;3;4;4;4;5;5;5;5;5;5;5;5;3;4;5;4;4;5;5;3;4;4;2;2;Roma;Roma;yes;4;5;5;50;5;10;5;5;5;4;4;4;3;3;3;3;3; ; ; ; ; ; ; ; ; ; ; ; ; ; ; ; ; ;2;0;3;1;2;0;2;0;3;1;Uomo;Male;1990;34; ;Sì;yes; ;Roma;Laurea magistrale o successivo;18;3;4;Caratterizzata da piccole salite;Easy climbs;Sì;No;Sì;Sì;No;Sì;Sì;Sì;Sì;yes;Rome
Lavoro;Numero di volte;2;5;Auto;Bus/Tram; ; ; ;yes;yes;Public;0;0;0;3;0;0;0;0;4;4;4;4;0;0;0;4;4;4;4;2;3;3;3;4;4;4;5;5;5;5;5;5;5;5;5;5;5;5;5;5;5;5;5;5;5;5;Roma;Roma;yes;3;0;0;10;0;0;3;3;0;3;0;0;3;0;0;0;0; ; ; ; ; ; ; ; ; ; ; ; ; ; ; ; ; ;1;0;3;1;4;1;3;1;2;0;Donna;Female;1992;32; ;Sì;yes; ;Roma;Media superiore;13;4;5;Prevalentemente pianeggiante;Flat;Sì;No;No;No;No;Sì;No;No;Sì;yes;Rome
Sono uno studente;Numero di volte;2;3;Vado a piedi; ; ; ; ;yes;yes;VRU;0;0;0;3;0;0;0;0;3;3;3;3;0;0;3;3;5;3;3;3;3;4;4;4;4;4;5;5;5;5;5;5;5;5;5;5;5;5;5;5;5;5;5;5;0;0;Roma;Roma;yes;5;0;0;100;0;0;5;3;3;5;3;3;5;3;3;3;3; ; ; ; ; ; ; ; ; ; ; ; ; ; ; ; ; ;4;1;3;1;4;1;1;0;3;1;Donna;Female;2003;21; ;Sì;yes; ;Catania;Laurea (triennale) di primo livello;16;5;5;Prevalentemente pianeggiante;Flat;Sì;No;No;No;No;Sì;No;No;Sì;yes;Rome
Lavoro;Numero di volte;2;6;Auto;Bus/Tram;Metro; ; ;yes;yes;Public;5;5;5;5;0;0;0;0;5;5;5;5;1;1;1;1;1;1;1;1;1;1;1;5;5;5;1;1;1;5;5;5;4;4;4;4;4;5;5;5;5;5;5;1;1;1;Passo Corese;Passo Corese;yes;1;1;1;20;0;0;3;3;3;4;4;4;1;4;4;4;4; ; ; ; ; ; ; ; ; ; ; ; ; ; ; ; ; ;1;0;4;1;2;0;2;0;4;1;Uomo;Male;1993;31; ;Sì;yes; ;Roma;Media superiore;13;4;1;Caratterizzata da piccole salite;Easy climbs;Sì;No;Sì;No;No;Sì;Sì;No;Sì;yes;Not Rome
Lavoro e studio;Numero di volte;2;4;Bus/Tram;Metro; ; ; ;yes;yes;Public;3;3;3;3;3;3;3;3;5;5;5;5;4;4;4;4;4;4;4;4;3;3;3;3;3;3;3;3;3;3;3;3;4;4;4;4;3;4;4;4;5;3;3;3;3;3;Roma;Roma;yes;5;0;0;100;0;0;5;0;0;5;0;0;5;0;0;0;0; ; ; ; ; ; ; ; ; ; ; ; ; ; ; ; ; ;1;0;3;1;4;1;3;1;2;0;Donna;Female;2001;23; ;Sì;yes; ;Roma;Media superiore;13;1;3;Caratterizzata da piccole salite;Easy climbs;No;No;No;No;No;Sì;Sì;No;No;yes;Rome
Lavoro;Numero di volte;2;5;Bus/Tram;Vado a piedi; ; ; ;yes;yes;VRU;0;5;5;3;3;5;5;2;5;5;5;3;1;1;1;4;5;5;5;4;4;4;4;5;5;5;4;4;4;5;5;5;5;5;4;4;2;5;5;4;3;2;1;5;1;0;Roma;Roma;yes;5;0;0;100;0;0;4;2;2;4;2;2;4;2;2;2;2; ; ; ; ; ; ; ; ; ; ; ; ; ; ; ; ; ;4;1;3;1;3;1;3;1;3;1;Uomo;Male;1997;27; ;Sì;yes; ;Roma;Media superiore;13;4;2;Prevalentemente pianeggiante;Flat;Sì;No;Sì;No;No;Sì;No;Sì;Sì;yes;Rome
Non lavoro e non studio; N/A;1; ; ; ; ; ; ;no;no;N/A;5;5;5;3;1;1;1;3;5;5;5;3;1;1;1;5;3;3;3;3;5;5;5;5;5;5;5;5;5;5;5;5;5;5;5;5;5;5;5;5;5;5;3;5;5;5; ; ;yes;5;4;4;70;30;30;3;5;5;3;5;5;3;5;5;5;5;5;4;4;70;30;30;3;5;5;3;5;5;3;5;5;5;5;4;1;4;1;4;1;4;1;4;1;Donna;Female;1990;34;Ladispoli;Sì;yes;Polonia;Polonia;Media superiore;13;3;5;Prevalentemente pianeggiante;Flat;Sì;No;Sì;No;Sì;Sì;Sì;No;Sì;;
Lavoro;Numero di volte;2;5;Metro;Treno; ; ; ;yes;yes;Public;3;2;2;5;0;0;0;0;0;0;0;4;0;1;1;5;2;2;2;2;4;4;4;4;4;4;5;5;5;5;5;5;5;4;5;3;3;5;5;5;5;3;4;4;4;4;Roma;Grottaferrata;no;1;1;1;50;60;60;4;3;3;4;3;3;2;5;5;5;5; ; ; ; ; ; ; ; ; ; ; ; ; ; ; ; ; ;2;0;3;1;2;0;1;0;3;1;Uomo;Male;1997;27; ;Sì;yes; ;Milano;Media superiore;13;4;3;Caratterizzata da piccole salite;Easy climbs;Sì;No;No;No;No;Sì;Sì;No;Sì;no;Not Rome
Sono uno studente;Numero di volte;2;5;Auto;Bus/Tram; ; ; ;yes;yes;Public;0;0;0;0;0;0;0;0;3;3;3;1;0;0;2;3;2;2;2;0;1;1;1;3;3;3;4;4;4;4;4;4;3;4;4;3;1;3;4;4;4;1;3;4;1;1;Roma;Roma;yes;5;0;0;20;0;0;4;3;3;4;0;0;3;0;0;0;0; ; ; ; ; ; ; ; ; ; ; ; ; ; ; ; ; ;2;0;3;1;4;1;2;0;3;1;Uomo;Male;1998;26; ;Sì;yes; ;Roma;Laurea (triennale) di primo livello;16;4;3;Prevalentemente pianeggiante;Flat;Sì;No;No;No;No;Sì;Sì;Sì;Sì;yes;Rome
Lavoro;Numero di volte;2;5;Bus/Tram;Vado a piedi; ; ; ;yes;yes;VRU;3;4;4;0;0;0;0;0;0;2;2;2;0;0;0;5;3;2;2;0;0;1;1;5;5;5;5;5;5;5;5;5;3;5;4;5;3;3;4;5;3;3;4;3;2;2;Roma;Roma;yes;3;0;0;50;0;0;3;0;0;3;0;0;3;0;0;0;0; ; ; ; ; ; ; ; ; ; ; ; ; ; ; ; ; ;4;1;4;1;1;0;1;0;1;0;Donna;Female;1995;29; ;Sì;yes; ;Perugia;Laurea magistrale o successivo;18;3;2;Prevalentemente pianeggiante;Flat;Sì;No;No;No;No;Sì;Sì;Sì;Sì;yes;Rome
Lavoro;Numero di volte;2;6;Auto;Bus/Tram; ; ; ;yes;yes;Public;2;2;2;5;0;0;0;0;3;3;3;3;0;1;1;5;2;2;2;3;1;1;1;5;5;5;5;5;5;5;5;5;5;5;5;5;5;5;5;5;5;5;5;3;3;0;Roma;Roma;yes;0;0;0;0;0;0;0;0;0;0;0;0;0;0;0;0;0; ; ; ; ; ; ; ; ; ; ; ; ; ; ; ; ; ;4;1;3;1;2;0;3;1;3;1;Donna;Female;1991;33; ;Sì;yes; ;Brindisi;Laurea magistrale o successivo;18;3;3;Prevalentemente pianeggiante;Flat;Sì;No;Sì;Sì;No;Sì;No;Sì;Sì;yes;Rome
Lavoro;Numero di volte;2;2;Auto;Bus/Tram;Moto/scooter; ; ;yes;yes;Public;4;3;3;1;0;0;0;0;3;3;3;3;0;0;1;3;2;2;2;1;2;2;3;5;5;5;5;5;5;5;5;5;5;5;5;5;3;5;5;5;5;4;3;0;0;0;Roma;Roma;yes;0;0;0;0;0;0;2;1;1;2;2;2;1;4;4;4;4; ; ; ; ; ; ; ; ; ; ; ; ; ; ; ; ; ;2;0;3;1;2;0;2;0;3;1;Uomo;Male;1989;35; ;Sì;yes; ;Milano;Laurea (triennale) di primo livello;16;3;4;Prevalentemente pianeggiante;Flat;Sì;No;Sì;No;No;Sì;Sì;No;Sì;yes;Rome
Lavoro e studio;Numero di volte;2;3;Bus/Tram;Metro; ; ; ;yes;yes;Public;0;0;0;0;0;0;0;0;3;3;3;3;1;1;1;1;3;3;3;3;5;5;5;5;5;5;5;5;5;5;5;5;4;4;4;4;4;4;4;4;3;4;4;4;4;4;Roma;Roma;yes;5;5;5;100;100;100;5;5;5;5;5;5;5;5;5;5;5; ; ; ; ; ; ; ; ; ; ; ; ; ; ; ; ; ;4;1;4;1;4;1;2;0;3;1;Donna;Female;1989;35; ;Sì;yes; ;Milano;Media superiore;13;5;5;Prevalentemente pianeggiante;Flat;Sì;No;Sì;No;No;Sì;Sì;Sì;No;yes;Rome
Lavoro;Numero di volte;2;3;Auto;Bus/Tram; ; ; ;yes;yes;Public;0;0;0;2;0;0;0;0;3;3;3;3;0;0;0;3;4;4;4;2;2;2;2;4;4;4;5;5;5;5;5;5;5;4;4;5;2;5;4;5;2;2;4;0;0;0;Roma;Roma;yes;0;0;0;0;0;0;0;0;0;0;0;0;0;0;0;0;0; ; ; ; ; ; ; ; ; ; ; ; ; ; ; ; ; ;3;1;2;0;2;0;4;1;2;0;Uomo;Male;1989;35; ;Sì;yes; ;Roma;Laurea magistrale o successivo;18;4;2;Prevalentemente pianeggiante;Flat;Sì;No;Sì;No;No;Sì;No;Sì;Sì;yes;Rome
Lavoro;Numero di volte;2;4;Metro;Treno; ; ; ;yes;yes;Public;1;1;1;1;1;1;1;1;4;4;4;4;2;2;2;2;3;3;3;3;3;3;3;3;3;3;5;5;5;5;5;5;4;4;5;5;3;4;5;5;4;3;3;4;4;4;Roma;Monterotondo;no;5;5;5;100;0;0;5;5;5;5;5;5;5;5;5;5;5; ; ; ; ; ; ; ; ; ; ; ; ; ; ; ; ; ;4;1;3;1;3;1;3;1;4;1;Uomo;Male;1989;35; ;Sì;yes; ;Roma;Laurea magistrale o successivo;18;4;4;Caratterizzata da piccole salite;Easy climbs;Sì;No;No;No;No;Sì;Sì;Sì;Sì;no;Not Rome
Lavoro;Numero di volte;2;5;Moto/scooter;Vado a piedi; ; ; ;yes;yes;VRU;4;4;4;0;0;0;0;0;4;4;4;0;0;0;0;1;5;5;5;0;0;0;0;5;5;5;5;5;5;5;5;5;0;1;0;5;1;0;0;5;5;1;1;0;0;0;Roma;Roma;yes;1;0;0;10;0;0;1;0;0;1;0;0;1;0;0;0;0; ; ; ; ; ; ; ; ; ; ; ; ; ; ; ; ; ;2;0;1;0;1;0;3;1;1;0;Donna;Female;1989;35; ;Sì;yes; ;Avellino;Laurea magistrale o successivo;18;3;4;Caratterizzata da piccole salite;Easy climbs;Sì;Sì;No;No;No;Sì;Sì;Sì;Sì;yes;Rome
Lavoro;Numero di volte;2;7;Auto;Metro; ; ; ;yes;yes;Public;2;2;2;2;0;0;0;0;4;4;4;0;0;0;0;2;5;5;5;4;0;0;0;5;5;5;5;5;5;5;5;5;3;3;4;4;4;3;3;4;4;5;4;1;1;1;Roma;Roma;yes;0;0;0;0;0;0;0;2;2;0;2;2;0;2;2;2;2; ; ; ; ; ; ; ; ; ; ; ; ; ; ; ; ; ;4;1;3;1;1;0;4;1;3;1;Donna;Female;1989;35; ;Sì;yes; ;Roma;Licenza elementare/media inferiore;8;2;2;Prevalentemente pianeggiante;Flat;Sì;Sì;Sì;No;No;Sì;Sì;Sì;Sì;yes;Rome
Lavoro;Numero di volte;2;5;Auto;Metro; ; ; ;yes;yes;Public;3;3;3;2;0;0;0;0;5;5;5;3;0;0;0;5;3;3;3;4;0;0;0;5;5;5;5;5;5;5;5;5;5;5;5;5;5;5;5;5;5;5;4;0;0;0;Roma;Labaro;no;0;0;0;0;0;0;0;2;2;0;2;2;0;2;2;2;2; ; ; ; ; ; ; ; ; ; ; ; ; ; ; ; ; ;1;0;3;1;2;0;1;0;3;1;Uomo;Male;1998;26; ;Sì;yes; ;Roma;Laurea (triennale) di primo livello;16;4;2;Caratterizzata da piccole salite;Easy climbs;Sì;No;Sì;No;No;Sì;Sì;No;Sì;no;Not Rome
Lavoro;Numero di volte;2;5;Auto;Treno; ; ; ;yes;yes;Public;0;0;0;0;0;0;0;0;0;0;0;1;0;0;0;3;2;1;1;1;3;3;3;5;5;5;4;4;4;4;4;4;5;5;5;4;5;5;5;4;5;5;5;5;5;5;Ciampino;Ladispoli;no;0;0;0;0;0;0;0;0;0;0;0;0;0;0;0;0;0; ; ; ; ; ; ; ; ; ; ; ; ; ; ; ; ; ;4;1;3;1;4;1;4;1;2;0;Donna;Female;1989;35; ;Sì;yes; ;Roma;Media superiore;13;4;5;Prevalentemente pianeggiante;Flat;Sì;Sì;Sì;Sì;No;Sì;No;Sì;Sì;no;Not Rome
Sono uno studente;Numero di volte;2;5;Vado a piedi; ; ; ; ;yes;yes;VRU;3;3;3;0;0;0;0;0;2;2;2;2;0;0;0;2;0;0;0;2;3;3;3;0;0;0;5;5;5;5;5;5;3;4;3;5;2;3;4;3;5;2;2;3;4;4;Roma;Roma;yes;3;3;3;100;0;0;4;5;5;4;5;5;4;5;5;5;5; ; ; ; ; ; ; ; ; ; ; ; ; ; ; ; ; ;4;1;4;1;4;1;4;1;4;1;Donna;Female;2001;23; ;Sì;yes; ;Brindisi;Laurea (triennale) di primo livello;16;3;3;Prevalentemente pianeggiante;Flat;No;No;No;No;Sì;Sì;Sì;No;Sì;yes;Rome
Lavoro;Numero di volte;2;1;Auto;Bus/Tram; ; ; ;yes;yes;Public;0;4;4;0;0;0;0;0;3;5;5;2;0;0;1;2;4;5;5;3;0;0;2;5;4;4;5;5;5;5;5;5;5;5;5;5;5;5;5;5;5;5;5;4;5;5;Roma;Roma;yes;5;5;5;100;0;0;5;0;0;5;0;0;5;0;0;0;0; ; ; ; ; ; ; ; ; ; ; ; ; ; ; ; ; ;4;1;3;1;4;1;3;1;4;1;Uomo;Male;1991;33; ;Sì;yes; ;San Giuseppe Vesuviano;Laurea magistrale o successivo;18;2;4;Prevalentemente pianeggiante;Flat;Sì;No;Sì;No;Sì;Sì;Sì;Sì;Sì;yes;Rome
Lavoro;Numero di volte;2;3;Auto;Metro; ; ; ;yes;yes;Public;4;4;4;3;0;0;0;3;4;5;5;3;0;2;2;4;3;2;2;2;3;3;3;2;2;2;5;5;5;5;5;5;4;4;4;3;4;4;4;3;4;4;4;2;0;0;Roma;Roma;yes;5;5;5;20;0;0;4;4;4;4;4;4;4;4;4;4;4; ; ; ; ; ; ; ; ; ; ; ; ; ; ; ; ; ;4;1;4;1;1;0;4;1;4;1;Donna;Female;1990;34; ;Sì;yes; ;Roma;Laurea magistrale o successivo;18;3;3;Caratterizzata da piccole salite;Easy climbs;Sì;No;Sì;No;No;Sì;Sì;No;Sì;yes;Rome
Non lavoro e non studio; N/A;1; ; ; ; ; ; ;no;no;N/A;4;3;3;5;0;0;0;0;3;3;3;3;0;0;0;4;2;2;2;4;2;3;3;5;5;5;5;5;5;5;5;5;5;5;4;4;5;5;4;4;4;5;5;3;0;0; ; ;yes;2;0;0;20;0;0;2;0;0;2;0;0;2;0;0;0;0;2;0;0;20;0;0;2;0;0;2;0;0;2;0;0;0;0;4;1;2;0;1;0;1;0;3;1;Donna;Female;1991;33;Ardea;Sì;yes; ;Aprilia;Media superiore;13;3;2;Prevalentemente pianeggiante;Flat;Sì;No;Sì;No;No;Sì;Sì;Sì;Sì;;
Lavoro;Numero di volte;2;6;Bus/Tram;Vado a piedi; ; ; ;yes;yes;VRU;0;5;5;4;0;0;0;0;0;5;5;5;0;0;0;5;0;0;0;0;0;5;5;5;5;5;5;5;5;5;5;5;5;5;5;5;5;5;5;5;5;5;5;5;5;5;Roma;Roma;yes;5;5;5;100;0;0;5;5;5;5;5;5;5;5;5;5;5; ; ; ; ; ; ; ; ; ; ; ; ; ; ; ; ; ;2;0;4;1;2;0;3;1;3;1;Uomo;Male;2001;23; ;Sì;yes; ;Vico Equense;Licenza elementare/media inferiore;8;5;5;Prevalentemente pianeggiante;Flat;No;No;No;No;No;Sì;Sì;Sì;No;yes;Rome
Lavoro;Numero di volte;2;7;Auto;Metro;Moto/scooter; ; ;yes;yes;Public;0;0;0;0;0;0;0;0;5;5;5;5;1;1;1;1;4;4;4;4;0;0;0;0;0;0;5;5;5;5;5;5;5;5;5;5;4;5;5;5;5;4;4;1;1;1;Roma;Roma;yes;2;2;2;10;10;10;1;1;1;1;1;1;1;1;1;1;1; ; ; ; ; ; ; ; ; ; ; ; ; ; ; ; ; ;4;1;3;1;1;0;2;0;1;0;Donna;Female;1992;32; ;No;no;Moldavia;Moldavia;Laurea magistrale o successivo;18;3;1;Prevalentemente pianeggiante;Flat;Sì;Sì;Sì;No;No;Sì;Sì;Sì;Sì;yes;Rome
Lavoro;Numero di volte;2;2;Auto;Bus/Tram; ; ; ;yes;yes;Public;5;5;3;3;0;0;0;0;4;4;4;3;0;0;0;5;0;0;0;0;5;5;5;5;5;5;5;5;5;5;5;5;5;5;5;5;5;5;5;5;5;5;5;4;4;4;Roma;Roma;yes;0;0;0;0;0;0;0;0;0;0;0;0;0;0;0;0;0; ; ; ; ; ; ; ; ; ; ; ; ; ; ; ; ; ;4;1;3;1;3;1;3;1;2;0;Donna;Female;1990;34; ;Sì;yes; ;Roma;Media superiore;13;3;4;Prevalentemente pianeggiante;Flat;Sì;No;Sì;No;No;Sì;Sì;Sì;Sì;yes;Rome
Non lavoro e non studio; N/A;1; ; ; ; ; ; ;no;no;N/A;4;4;4;4;1;0;0;1;1;2;2;2;1;2;2;1;5;4;4;3;3;3;3;5;4;3;5;5;4;5;5;4;4;3;3;3;3;4;3;3;3;3;4;3;3;3; ; ;yes;3;3;4;0;0;10;2;0;4;0;0;2;1;3;5;2;5;3;3;4;0;0;10;2;0;4;0;0;2;1;3;5;2;5;3;1;4;1;3;1;4;1;3;1;Uomo;Male;1991;33;Roma;Sì;yes; ;Roma;Media superiore;13;3;4;Caratterizzata da forti pendenze;Steep slopes;Sì;No;No;Sì;No;Sì;Sì;Sì;Sì;;
Lavoro;Numero di volte;2;6;Auto;Bus/Tram; ; ; ;yes;yes;Public;0;0;0;3;0;0;0;0;3;3;3;3;0;0;0;4;1;1;1;3;4;4;4;5;5;5;5;5;5;5;5;5;5;5;5;4;2;5;5;4;3;2;2;4;3;3;Albano Laziale;Marino;no;5;5;5;60;60;60;4;4;4;4;4;4;4;4;4;4;4; ; ; ; ; ; ; ; ; ; ; ; ; ; ; ; ; ;4;1;3;1;4;1;4;1;2;0;Uomo;Male;1991;33; ;Sì;yes; ;Marino;Laurea (triennale) di primo livello;16;4;4;Caratterizzata da forti pendenze;Steep slopes;Sì;Sì;Sì;No;Sì;Sì;Sì;Sì;Sì;no;Not Rome
Lavoro;Numero di volte;2;1;Auto;Vado a piedi; ; ; ;yes;yes;VRU;0;0;0;5;0;0;0;0;2;5;5;4;0;0;3;5;5;5;5;2;0;0;0;5;5;3;5;5;3;5;5;3;5;5;4;5;5;5;5;5;5;5;5;4;0;0;Roma;Roma;yes;5;0;3;90;0;50;0;4;3;0;5;5;5;5;5;4;4; ; ; ; ; ; ; ; ; ; ; ; ; ; ; ; ; ;4;1;3;1;4;1;3;1;1;0;Donna;Female;1991;33; ;Sì;yes; ;Roma;Laurea magistrale o successivo;18;3;0;Prevalentemente pianeggiante;Flat;Sì;No;Sì;No;No;Sì;Sì;No;Sì;yes;Rome
Non lavoro e non studio; N/A;1; ; ; ; ; ; ;no;no;N/A;0;0;0;0;0;0;0;0;1;5;5;5;0;0;0;4;3;4;4;0;5;0;0;5;5;5;5;5;5;5;5;5;5;5;5;3;5;5;5;3;5;5;4;5;0;0; ; ;yes;5;0;0;50;0;0;5;0;0;5;0;0;5;0;0;0;0;5;0;0;50;0;0;5;0;0;5;0;0;5;0;0;0;0;4;1;4;1;4;1;1;0;3;1;Donna;Female;1989;35;Arsoli;Sì;yes; ;Anticoli Corrado ;Licenza elementare/media inferiore;8;5;2;Prevalentemente pianeggiante;Flat;Sì;No;No;No;No;No;No;No;Sì;;
Lavoro e studio;Numero di volte;2;7;Treno; ; ; ; ;yes;yes;Public;1;1;1;1;1;1;1;1;4;4;4;4;3;3;3;3;4;4;4;4;3;3;3;4;4;4;5;5;5;5;5;5;4;4;4;4;4;4;4;4;4;4;4;4;4;4;Roma;San Cesareo;no;5;0;0;100;0;0;5;0;0;5;0;0;5;0;0;0;0; ; ; ; ; ; ; ; ; ; ; ; ; ; ; ; ; ;3;1;3;1;3;1;2;0;3;1;Donna;Female;1991;33; ;Sì;yes; ;Roma;Laurea (triennale) di primo livello;16;4;5;Prevalentemente pianeggiante;Flat;No;No;No;No;No;Sì;No;No;Sì;no;Not Rome
Lavoro;0 (Mai, lavoro da casa, sto sempre a casa);3;0; ; ; ; ; ;no;no;N/A;0;0;0;4;0;0;0;0;0;3;3;2;0;0;0;4;1;1;1;5;5;5;5;5;5;5;5;5;5;5;5;5;5;4;5;3;1;5;5;3;3;1;5;1;0;0;Roma;Roma;yes;1;0;0;10;0;0;1;0;0;1;0;0;1;0;0;0;0;1;0;0;10;0;0;1;0;0;1;0;0;1;0;0;0;0;4;1;4;1;4;1;2;0;1;0;Uomo;Male;1991;33;Roma;Sì;yes; ;Roma;Licenza elementare/media inferiore;8;4;3;Caratterizzata da piccole salite;Easy climbs;Sì;Sì;Sì;No;No;Sì;Sì;Sì;Sì;yes;Rome
Non lavoro e non studio; N/A;1; ; ; ; ; ; ;no;no;N/A;2;1;1;2;0;0;0;0;4;4;4;3;0;1;0;4;0;0;0;4;3;3;3;5;5;5;5;3;3;3;3;2;3;4;5;3;3;3;5;4;5;4;4;0;3;3; ; ;yes;3;2;2;50;50;0;4;4;4;3;3;3;2;4;4;4;4;3;2;2;50;50;0;4;4;4;3;3;3;2;4;4;4;4;2;0;2;0;4;1;3;1;3;1;Donna;Female;1995;29;Roma;Sì;yes; ;Roma;Media superiore;13;5;4;Caratterizzata da piccole salite;Easy climbs;Sì;No;Sì;Sì;No;Sì;No;Sì;Sì;;
Lavoro;Numero di volte;2;3;Auto;Bus/Tram; ; ; ;yes;yes;Public;0;0;0;0;0;0;0;0;2;2;2;2;2;2;2;2;4;4;4;4;1;1;1;4;4;4;5;5;5;5;5;5;5;5;5;5;5;5;5;5;5;5;5;3;3;3;Roma;Roma;yes;3;3;3;10;10;10;3;3;3;3;3;3;3;3;3;3;3; ; ; ; ; ; ; ; ; ; ; ; ; ; ; ; ; ;1;0;2;0;4;1;2;0;1;0;Donna;Female;1990;34; ;Sì;yes; ;Roma;Laurea magistrale o successivo;18;3;2;Prevalentemente pianeggiante;Flat;Sì;No;No;No;No;Sì;Sì;Sì;Sì;yes;Rome
Lavoro;Numero di volte;2;7;Bus/Tram;Vado a piedi; ; ; ;yes;yes;VRU;3;5;5;5;0;0;0;0;2;5;5;0;0;0;0;5;2;0;0;5;5;5;5;5;5;5;5;5;5;5;5;5;5;5;5;5;5;5;5;5;5;5;5;5;4;4;Roma;Roma;yes;5;4;3;100;10;0;5;5;5;5;5;5;5;5;5;5;5; ; ; ; ; ; ; ; ; ; ; ; ; ; ; ; ; ;4;1;3;1;4;1;4;1;2;0;Donna;Female;1989;35; ;Sì;yes; ;Roma;Media superiore;13;4;5;Prevalentemente pianeggiante;Flat;Sì;No;Sì;Sì;Sì;Sì;No;Sì;Sì;yes;Rome
Lavoro;Numero di volte;2;6;Auto;Bici; ; ; ;no;no;VRU;3;3;3;2;0;0;0;0;3;4;4;2;3;3;3;3;4;2;2;0;0;0;0;2;2;2;4;4;3;4;4;3;5;5;5;5;5;5;5;5;5;5;4;4;4;3;Guidonia;Guidonia;yes;0;3;4;0;50;0;2;4;4;3;4;4;3;5;5;4;5; ; ; ; ; ; ; ; ; ; ; ; ; ; ; ; ; ;2;0;4;1;3;1;3;1;1;0;Donna;Female;1993;31; ;Sì;yes; ;Roma;Media superiore;13;3;3;Caratterizzata da piccole salite;Easy climbs;Sì;No;Sì;No;No;Sì;Sì;Sì;Sì;yes;Not Rome
Sono uno studente;0 (Mai, lavoro da casa, sto sempre a casa);3;0; ; ; ; ; ;no;no;N/A;0;0;0;0;0;0;0;0;5;5;5;3;0;0;0;4;5;5;5;3;2;2;2;5;5;5;5;5;5;5;5;5;5;4;4;5;4;5;5;5;5;4;5;3;3;3;Roma;Roma;yes;5;5;3;100;40;40;4;4;4;4;4;4;4;4;4;4;4;5;5;3;100;40;40;4;4;4;4;4;4;4;4;4;4;4;4;1;3;1;4;1;3;1;4;1;Donna;Female;1993;31;Roma;Sì;yes; ;Foggia;Media superiore;13;3;4;Caratterizzata da piccole salite;Easy climbs;Sì;No;Sì;No;No;Sì;Sì;No;Sì;yes;Rome
Non lavoro e non studio; N/A;1; ; ; ; ; ; ;no;no;N/A;0;0;0;0;0;0;0;0;5;5;5;5;5;5;5;5;0;0;0;0;5;5;5;5;5;5;5;5;5;5;5;5;5;5;5;5;5;5;5;5;5;5;5;3;3;3; ; ;yes;5;0;0;100;0;0;5;0;0;5;0;0;5;0;0;0;0;5;0;0;100;0;0;5;0;0;5;0;0;5;0;0;0;0;3;1;4;1;3;1;1;0;2;0;Uomo;Male;1988;36;Roma;Sì;yes; ;Collesano;Media superiore;13;4;2;Prevalentemente pianeggiante;Flat;No;No;No;No;No;Sì;No;No;Sì;;
Lavoro;Numero di volte;2;5;Auto;Metro; ; ; ;yes;yes;Public;0;5;5;0;0;2;2;0;4;5;5;3;0;0;2;3;0;0;0;3;2;3;3;5;5;5;5;5;5;5;5;5;5;5;5;5;5;5;5;5;5;5;5;3;2;2;Frosinone;Roma;no;3;3;3;0;0;0;3;3;3;4;4;4;4;4;4;5;5; ; ; ; ; ; ; ; ; ; ; ; ; ; ; ; ; ;3;1;4;1;2;0;3;1;2;0;Uomo;Male;1992;32; ;Sì;yes; ;Roma;Media superiore;13;2;2;Prevalentemente pianeggiante;Flat;Sì;No;Sì;No;Sì;Sì;Sì;No;Sì;no;Rome
Lavoro e studio;Numero di volte;2;5;Bus/Tram;Metro; ; ; ;yes;yes;Public;1;2;2;3;3;2;2;2;1;4;4;3;0;1;1;5;4;3;3;2;1;3;3;5;4;4;4;3;3;4;3;3;4;5;4;3;2;4;4;3;3;2;3;3;1;1;Roma;Roma;yes;4;3;3;70;50;30;4;3;3;4;3;3;4;4;4;4;4; ; ; ; ; ; ; ; ; ; ; ; ; ; ; ; ; ;4;1;2;0;3;1;3;1;3;1;Uomo;Male;1994;30; ;Sì;yes; ;Torre del Greco;Laurea (triennale) di primo livello;16;3;4;Caratterizzata da piccole salite;Easy climbs;Sì;No;Sì;No;Sì;Sì;Sì;Sì;Sì;yes;Rome
Lavoro;Numero di volte;2;5;Bus/Tram;Moto/scooter; ; ; ;yes;yes;Public;4;3;3;2;0;0;0;0;4;4;4;4;0;0;0;3;2;2;2;1;1;1;1;5;5;5;5;5;5;5;5;5;5;4;5;5;4;5;5;5;5;4;5;3;1;1;Roma;Roma;yes;0;0;0;0;0;0;1;1;1;1;1;1;1;1;1;1;1; ; ; ; ; ; ; ; ; ; ; ; ; ; ; ; ; ;2;0;3;1;4;1;2;0;2;0;Uomo;Male;1989;35; ;Sì;yes; ;Roma;Laurea magistrale o successivo;18;4;2;Caratterizzata da forti pendenze;Steep slopes;Sì;Sì;No;No;No;Sì;No;No;Sì;yes;Rome
Lavoro;Numero di volte;2;5;Metro; ; ; ; ;yes;yes;Public;0;2;2;4;0;0;0;0;0;3;3;2;0;0;0;4;4;4;4;0;1;1;1;5;5;5;5;5;5;5;5;5;4;4;5;2;2;4;5;2;2;2;2;5;2;2;Roma;Roma;yes;0;0;0;0;0;0;2;2;2;2;2;2;2;2;2;2;2; ; ; ; ; ; ; ; ; ; ; ; ; ; ; ; ; ;2;0;3;1;4;1;2;0;4;1;Uomo;Male;1991;33; ;Sì;yes; ;Roma;Laurea (triennale) di primo livello;16;4;3;Caratterizzata da forti pendenze;Steep slopes;Sì;No;No;No;No;Sì;Sì;No;Sì;yes;Rome
Non lavoro e non studio; N/A;1; ; ; ; ; ; ;no;no;N/A;0;0;2;0;0;0;0;0;1;1;1;2;0;0;0;3;0;0;0;2;3;3;3;5;5;5;5;5;5;5;5;5;5;5;5;3;3;5;5;5;4;4;4;4;0;0; ; ;yes;4;0;0;0;0;0;4;3;3;4;3;3;4;0;0;0;0;4;0;0;0;0;0;4;3;3;4;3;3;4;0;0;0;0;3;1;3;1;4;1;3;1;3;1;Donna;Female;1990;34;Roma;Sì;yes; ;Roma;Licenza elementare/media inferiore;8;4;4;Prevalentemente pianeggiante;Flat;Sì;No;Sì;No;No;Sì;No;No;Sì;;
Lavoro;Numero di volte;2;6;Auto;Metro; ; ; ;yes;yes;Public;0;0;0;1;0;0;0;0;3;3;3;3;0;0;2;3;0;1;1;3;3;3;3;4;4;4;5;5;5;5;5;5;5;5;5;5;4;5;5;5;5;4;4;4;3;3;Roma;Roma;yes;4;2;2;60;0;0;4;4;4;4;3;3;3;3;3;3;3; ; ; ; ; ; ; ; ; ; ; ; ; ; ; ; ; ;4;1;3;1;4;1;3;1;3;1;Uomo;Male;1989;35; ;Sì;yes; ;Calabria;Laurea magistrale o successivo;18;3;4;Prevalentemente pianeggiante;Flat;Sì;Sì;No;No;No;Sì;Sì;Sì;Sì;yes;Rome
Lavoro;Numero di volte;2;5;Auto;Metro; ; ; ;yes;yes;Public;5;5;5;0;0;0;3;0;0;3;5;3;0;0;2;5;5;5;5;0;0;0;0;5;5;5;5;5;5;5;5;5;5;5;4;5;5;5;5;5;5;5;5;0;0;0;Roma;Roma;yes;0;0;0;0;0;0;0;0;0;0;0;0;0;0;0;0;0; ; ; ; ; ; ; ; ; ; ; ; ; ; ; ; ; ;1;0;3;1;1;0;1;0;1;0;Donna;Female;1991;33; ;Sì;yes; ;Licata;Laurea (triennale) di primo livello;16;0;0;Prevalentemente pianeggiante;Flat;Sì;Sì;No;No;No;Sì;Sì;No;Sì;yes;Rome
Non lavoro e non studio; N/A;1; ; ; ; ; ; ;no;no;N/A;0;0;0;3;0;0;0;0;0;0;0;0;0;1;1;3;2;2;2;0;2;2;2;5;4;4;5;5;5;5;5;5;5;5;5;5;5;5;5;5;5;5;5;0;0;0; ; ;yes;5;3;3;0;0;0;4;4;4;4;4;4;3;3;3;3;3;5;3;3;0;0;0;4;4;4;4;4;4;3;3;3;3;3;2;0;3;1;2;0;2;0;4;1;Donna;Female;1993;31;Roma;Sì;yes; ;Roma;Laurea magistrale o successivo;18;3;2;Prevalentemente pianeggiante;Flat;Sì;No;No;No;No;Sì;Sì;No;Sì;;
Lavoro;Numero di volte;2;6;Metro;Vado a piedi; ; ; ;yes;yes;VRU;0;0;0;3;0;0;0;0;1;3;3;3;0;0;1;4;0;0;0;3;3;3;3;4;3;3;5;5;5;5;5;5;5;5;5;5;4;5;5;5;5;4;4;5;0;0;Roma;Roma;yes;5;0;0;100;0;0;4;0;0;4;0;0;4;0;0;0;0; ; ; ; ; ; ; ; ; ; ; ; ; ; ; ; ; ;4;1;3;1;4;1;1;0;4;1;Uomo;Male;1989;35; ;Sì;yes; ;Sava;Licenza elementare/media inferiore;8;5;5;Prevalentemente pianeggiante;Flat;No;No;No;No;No;No;No;No;Sì;yes;Rome
Sono uno studente;Numero di volte;2;5;Bus/Tram;Metro;Treno; ; ;yes;yes;Public;0;0;0;3;0;0;0;0;5;5;5;5;0;0;0;4;5;5;5;4;2;2;2;5;5;5;5;5;5;5;5;5;5;5;4;4;5;5;4;4;5;5;5;0;0;0;Viterbo;Roma;no;4;0;0;60;0;0;0;0;0;0;0;0;0;0;0;0;0; ; ; ; ; ; ; ; ; ; ; ; ; ; ; ; ; ;4;1;3;1;4;1;2;0;3;1;Donna;Female;1994;30; ;Sì;yes; ;Santa Marinella;Laurea (triennale) di primo livello;16;3;3;Prevalentemente pianeggiante;Flat;Sì;No;Sì;No;No;Sì;No;No;Sì;no;Rome
Lavoro;Numero di volte;2;3;Bus/Tram;Metro; ; ; ;yes;yes;Public;3;3;3;1;0;0;0;0;3;3;3;1;0;0;0;4;3;3;3;4;2;2;2;4;4;4;5;5;5;5;5;5;5;5;4;5;3;5;4;5;5;3;3;3;3;3;Roma;Roma;yes;0;0;0;0;0;0;0;0;0;0;0;0;0;0;0;0;0; ; ; ; ; ; ; ; ; ; ; ; ; ; ; ; ; ;3;1;4;1;2;0;3;1;3;1;Uomo;Male;1991;33; ;Sì;yes; ;Vibo Valentia;Laurea magistrale o successivo;18;3;1;Prevalentemente pianeggiante;Flat;Sì;No;Sì;No;No;Sì;Sì;No;Sì;yes;Rome
Lavoro;Numero di volte;2;5;Auto;Metro; ; ; ;yes;yes;Public;0;0;0;2;0;0;0;0;5;5;5;5;0;0;0;5;3;3;3;2;4;4;4;5;5;5;5;5;5;5;5;5;5;5;5;4;3;5;5;4;3;3;4;5;5;5;Roma;Roma;yes;3;0;0;10;0;0;3;0;0;0;0;0;0;0;0;0;0; ; ; ; ; ; ; ; ; ; ; ; ; ; ; ; ; ;4;1;3;1;4;1;3;1;3;1;Uomo;Male;1989;35; ;Sì;yes; ;Roma;Laurea magistrale o successivo;18;4;5;Prevalentemente pianeggiante;Flat;Sì;No;Sì;Sì;No;Sì;No;Sì;Sì;yes;Rome
Lavoro;Numero di volte;2;5;Treno; ; ; ; ;yes;yes;Public;3;5;5;1;0;0;0;0;0;3;3;3;0;0;0;3;3;5;5;0;3;3;3;5;5;5;5;5;5;5;5;5;3;4;3;3;2;3;3;3;4;2;2;3;0;0;Roma;Roma;yes;3;0;0;50;0;0;3;0;0;3;0;0;3;0;0;0;0; ; ; ; ; ; ; ; ; ; ; ; ; ; ; ; ; ;4;1;3;1;4;1;2;0;2;0;Donna;Female;1991;33; ;Sì;yes; ;Roma;Laurea magistrale o successivo;18;3;3;Prevalentemente pianeggiante;Flat;Sì;No;No;No;No;Sì;Sì;Sì;Sì;yes;Rome
Lavoro;Numero di volte;2;3;Bus/Tram; ; ; ; ;yes;yes;Public;0;0;0;3;0;0;0;0;0;0;0;0;0;0;0;3;0;0;0;0;5;5;5;5;5;5;5;5;5;5;5;5;5;5;5;5;5;5;5;5;5;5;5;1;2;2;Roma;Roma;yes;0;1;1;40;0;0;3;3;3;3;3;3;3;3;3;3;3; ; ; ; ; ; ; ; ; ; ; ; ; ; ; ; ; ;3;1;3;1;2;0;2;0;1;0;Donna;Female;1998;26; ;No;no;Polonia;Polonia;Laurea (triennale) di primo livello;16;4;1;Caratterizzata da piccole salite;Easy climbs;Sì;No;Sì;No;No;Sì;No;No;Sì;yes;Rome
Lavoro;Numero di volte;2;6;Auto;Metro; ; ; ;yes;yes;Public;5;5;5;5;2;2;2;3;2;5;5;2;1;3;3;3;3;4;4;2;1;2;2;1;2;2;5;5;5;5;5;5;2;4;5;5;3;2;5;5;4;3;5;2;1;1;Roma;Roma;yes;1;1;1;40;0;0;5;5;5;5;5;5;5;5;5;5;5; ; ; ; ; ; ; ; ; ; ; ; ; ; ; ; ; ;3;1;3;1;3;1;2;0;1;0;Uomo;Male;1989;35; ;Sì;yes; ;Roma;Laurea (triennale) di primo livello;16;0;2;Caratterizzata da piccole salite;Easy climbs;Sì;Sì;No;No;No;Sì;No;Sì;Sì;yes;Rome
Sono uno studente e lavoro;Numero di volte;2;5;Bus/Tram;Metro;Treno; ; ;yes;yes;Public;1;1;1;1;0;0;0;0;2;3;3;1;0;0;0;3;3;3;3;1;2;2;2;5;5;5;5;5;5;5;5;5;3;4;3;2;2;3;3;2;4;2;2;3;1;1;Roma;Pomezia;no;5;0;0;100;0;0;5;0;0;5;0;0;5;0;0;0;0; ; ; ; ; ; ; ; ; ; ; ; ; ; ; ; ; ;3;1;4;1;4;1;2;0;3;1;Donna;Female;1991;33; ;Sì;yes; ;Pomezia;Laurea (triennale) di primo livello;16;3;3;Caratterizzata da forti pendenze;Steep slopes;Sì;No;No;No;No;Sì;No;Sì;Sì;no;Not Rome
Lavoro;Numero di volte;2;5;Metro;Treno; ; ; ;yes;yes;Public;1;1;2;0;0;0;0;0;1;2;3;2;0;0;1;3;3;3;3;2;1;1;1;4;4;4;4;4;4;4;4;4;3;4;4;4;2;4;4;4;4;3;3;2;2;2;Roma;Anzio;no;2;2;2;0;0;0;4;2;2;4;2;2;4;2;2;2;2; ; ; ; ; ; ; ; ; ; ; ; ; ; ; ; ; ;3;1;3;1;4;1;1;0;4;1;Uomo;Male;1990;34; ;Sì;yes; ;Anzio;Media superiore;13;4;4;Prevalentemente pianeggiante;Flat;Sì;No;No;No;No;Sì;No;No;Sì;no;Not Rome
Non lavoro e non studio; N/A;1; ; ; ; ; ; ;no;no;N/A;0;0;0;0;0;0;0;0;4;4;4;4;3;3;3;3;2;2;2;2;4;4;4;4;4;4;5;5;5;5;5;5;5;5;5;5;4;5;5;5;5;4;4;4;4;4; ; ;yes;5;5;0;85;85;0;4;4;0;4;4;0;5;4;0;4;0;5;5;0;85;85;0;4;4;0;4;4;0;5;4;0;4;0;3;1;4;1;4;1;3;1;4;1;Donna;Female;1994;30;Palestrina;Sì;yes; ;Palestrina;Media superiore;13;4;5;Prevalentemente pianeggiante;Flat;No;No;Sì;No;No;Sì;No;Sì;Sì;;
Lavoro;Numero di volte;2;5;Auto;Bus/Tram; ; ; ;yes;yes;Public;0;0;0;2;0;0;0;0;1;2;2;2;0;0;2;4;2;2;2;3;3;3;3;3;3;3;5;5;5;5;5;5;5;5;5;4;4;5;5;5;5;4;4;3;2;2;Roma;Ardea;no;3;0;0;15;0;0;0;0;0;0;0;0;0;0;0;0;0; ; ; ; ; ; ; ; ; ; ; ; ; ; ; ; ; ;3;1;3;1;4;1;3;1;3;1;Uomo;Male;1994;30; ;Sì;yes; ;Ardea;Laurea magistrale o successivo;18;4;4;Prevalentemente pianeggiante;Flat;Sì;No;Sì;Sì;No;Sì;No;Sì;Sì;no;Not Rome
Lavoro;Numero di volte;2;5;Bus/Tram;Metro; ; ; ;yes;yes;Public;0;0;0;3;0;0;0;0;4;4;4;3;0;0;1;3;3;3;2;0;3;3;4;5;5;5;5;5;5;5;5;5;5;3;4;3;3;5;4;4;5;3;4;4;3;3;Roma;Roma;yes;2;1;1;40;10;10;4;5;5;4;5;5;4;4;4;4;4; ; ; ; ; ; ; ; ; ; ; ; ; ; ; ; ; ;3;1;4;1;4;1;3;1;3;1;Donna;Female;1991;33; ;Sì;yes; ;Roma;Laurea (triennale) di primo livello;16;4;4;Prevalentemente pianeggiante;Flat;Sì;No;Sì;Sì;Sì;Sì;Sì;Sì;Sì;yes;Rome
Lavoro e studio;Numero di volte;2;4;Bus/Tram;Metro; ; ; ;yes;yes;Public;1;1;1;1;0;0;0;0;4;4;4;4;4;4;4;4;2;2;2;2;3;3;3;3;3;3;5;5;5;5;5;5;4;4;4;4;3;4;4;4;4;3;3;4;4;4;Roma;Roma;yes;4;4;0;100;100;0;4;4;0;4;4;0;4;4;0;4;0; ; ; ; ; ; ; ; ; ; ; ; ; ; ; ; ; ;4;1;3;1;4;1;3;1;4;1;Donna;Female;1996;28; ;Sì;yes; ;Roma;Laurea (triennale) di primo livello;16;3;4;Caratterizzata da forti pendenze;Steep slopes;No;No;No;No;No;Sì;Sì;Sì;Sì;yes;Rome
Sono uno studente;Numero di volte;2;3;Bus/Tram;Metro; ; ; ;yes;yes;Public;3;3;3;3;0;0;0;0;2;2;2;1;0;0;0;3;3;3;3;2;1;2;2;5;5;5;5;5;5;5;5;5;3;3;3;3;3;3;3;3;3;3;3;4;1;1;Roma;Roma;yes;4;1;1;90;0;0;4;1;1;4;1;1;4;1;1;1;1; ; ; ; ; ; ; ; ; ; ; ; ; ; ; ; ; ;3;1;3;1;3;1;1;0;3;1;Donna;Female;1997;27; ;Sì;yes; ;Roma;Laurea (triennale) di primo livello;16;4;4;Prevalentemente pianeggiante;Flat;Sì;No;No;No;No;No;Sì;No;Sì;yes;Rome
Sono uno studente e lavoro;0 (Mai, lavoro da casa, sto sempre a casa);3;0; ; ; ; ; ;no;no;N/A;0;0;0;0;0;0;0;0;0;0;0;0;0;0;0;2;3;3;3;1;1;1;1;4;4;4;5;5;5;5;5;5;2;3;4;4;2;3;3;3;4;1;2;3;1;1;Roma;Roma;yes;4;1;1;50;0;0;5;2;2;5;2;2;5;2;2;2;2;4;1;1;50;0;0;5;2;2;5;2;2;5;2;2;2;2;3;1;4;1;3;1;1;0;4;1;Donna;Female;1990;34;Roma;Sì;yes; ;Roma;Laurea (triennale) di primo livello;16;4;3;Caratterizzata da piccole salite;Easy climbs;Sì;No;No;No;No;No;No;No;Sì;yes;Rome
Lavoro;Numero di volte;2;3;Moto/scooter;Bici;Vado a piedi; ; ;yes;yes;VRU;0;0;0;2;0;0;0;0;4;4;4;3;0;0;0;3;2;2;2;1;3;3;3;5;5;5;5;5;5;5;5;5;4;3;4;5;4;5;5;5;5;5;5;5;5;5;Roma;Roma;yes;5;5;5;100;100;80;5;5;5;5;5;5;5;5;5;5;5; ; ; ; ; ; ; ; ; ; ; ; ; ; ; ; ; ;4;1;4;1;3;1;4;1;4;1;Uomo;Male;1994;30; ;Sì;yes; ;Bracciano;Media superiore;13;4;4;Caratterizzata da piccole salite;Easy climbs;Sì;Sì;Sì;Sì;No;Sì;Sì;Sì;Sì;yes;Rome
Lavoro;Numero di volte;2;5;Auto;Treno; ; ; ;yes;yes;Public;0;0;0;2;0;0;0;0;0;2;2;3;0;0;2;4;3;2;2;2;2;3;3;3;3;3;5;5;5;5;5;5;5;5;4;4;3;5;5;5;5;3;4;3;2;2;Roma;Roma;yes;0;0;0;0;0;0;0;0;0;0;0;0;0;0;0;0;0; ; ; ; ; ; ; ; ; ; ; ; ; ; ; ; ; ;2;0;4;1;2;0;2;0;2;0;Donna;Female;1994;30; ;Sì;yes; ;Civitavecchia;Laurea magistrale o successivo;18;3;3;Prevalentemente pianeggiante;Flat;Sì;No;Sì;Sì;No;Sì;No;Sì;Sì;yes;Rome
Lavoro;Numero di volte;2;5;Auto;Metro;Moto/scooter; ; ;yes;yes;Public;3;4;4;1;1;0;0;0;3;3;3;1;0;0;0;4;3;3;3;2;2;2;2;5;5;5;5;5;5;5;5;5;3;3;3;2;2;3;3;2;4;2;3;3;0;0;Roma;Roma;yes;4;0;0;80;0;0;4;0;0;4;0;0;4;0;0;0;0; ; ; ; ; ; ; ; ; ; ; ; ; ; ; ; ; ;2;0;3;1;3;1;1;0;2;0;Uomo;Male;1989;35; ;Sì;yes; ;Grosseto;Laurea magistrale o successivo;18;3;4;Prevalentemente pianeggiante;Flat;Sì;Sì;Sì;No;No;Sì;Sì;Sì;Sì;yes;Rome
Non lavoro e non studio; N/A;1; ; ; ; ; ; ;no;no;N/A;0;3;3;0;0;0;0;0;0;2;2;1;0;0;2;3;3;2;2;1;1;2;3;4;4;4;5;4;4;5;4;4;3;4;3;3;2;3;3;3;5;2;2;3;1;1; ; ;yes;5;1;1;70;0;0;5;2;2;5;1;1;5;1;1;1;1;5;1;1;70;0;0;5;2;2;5;1;1;5;1;1;1;1;4;1;4;1;4;1;2;0;4;1;Donna;Female;1993;31;Roma;Sì;yes; ;Roma;Laurea magistrale o successivo;18;5;5;Caratterizzata da forti pendenze;Steep slopes;Sì;No;Sì;Sì;Sì;Sì;Sì;Sì;Sì;;
Lavoro;Numero di volte;2;4;Metro;Treno; ; ; ;yes;yes;Public;4;5;5;0;0;0;0;0;4;4;4;5;0;0;0;3;5;5;5;0;2;2;2;5;5;5;3;3;3;4;4;4;4;3;5;5;5;5;5;5;5;5;5;2;0;0;Roma;Marino;no;0;0;0;0;0;0;0;0;1;0;0;1;0;1;1;2;2; ; ; ; ; ; ; ; ; ; ; ; ; ; ; ; ; ;1;0;2;0;1;0;1;0;3;1;Donna;Female;1991;33; ;Sì;yes; ;Roma;Laurea (triennale) di primo livello;16;3;3;Caratterizzata da piccole salite;Easy climbs;Sì;No;No;No;No;Sì;Sì;Sì;Sì;no;Not Rome
Lavoro;Numero di volte;2;5;Auto;Treno; ; ; ;yes;yes;Public;0;0;0;2;0;0;0;0;3;3;3;1;0;0;2;3;4;3;3;2;0;1;1;3;3;3;5;5;5;5;5;5;5;5;5;4;4;5;5;5;5;4;5;3;2;2;Roma;Ariccia;no;0;0;0;0;0;0;0;0;0;0;0;0;0;0;0;0;0; ; ; ; ; ; ; ; ; ; ; ; ; ; ; ; ; ;1;0;3;1;2;0;2;0;3;1;Uomo;Male;1989;35; ;Sì;yes; ;Ariccia;Laurea magistrale o successivo;18;3;3;Prevalentemente pianeggiante;Flat;Sì;No;Sì;Sì;No;Sì;No;Sì;Sì;no;Not Rome
Sono uno studente e lavoro;Numero di volte;2;5;Bus/Tram;Metro; ; ; ;yes;yes;Public;3;3;3;2;0;0;0;0;2;3;3;1;0;0;0;4;2;3;3;1;2;2;2;5;5;5;5;5;5;5;5;5;2;4;3;2;3;2;3;2;3;3;3;4;2;2;Roma;Roma;yes;4;1;1;90;10;0;4;2;2;4;2;2;4;2;2;2;2; ; ; ; ; ; ; ; ; ; ; ; ; ; ; ; ; ;4;1;3;1;3;1;2;0;3;1;Uomo;Male;2000;24; ;Sì;yes; ;Roma;Media superiore;13;4;3;Caratterizzata da piccole salite;Easy climbs;Sì;No;Sì;No;No;Sì;Sì;Sì;Sì;yes;Rome
Non lavoro e non studio; N/A;1; ; ; ; ; ; ;yes;yes;N/A;0;0;0;3;0;0;0;0;5;5;5;5;0;0;0;4;0;0;0;2;4;4;4;5;5;5;5;5;5;5;5;5;5;5;5;5;5;5;5;5;5;5;5;5;4;4; ; ;yes;5;5;5;100;90;90;5;5;5;5;5;5;5;5;5;5;5;5;5;5;100;90;90;5;5;5;5;5;5;5;5;5;5;5;4;1;4;1;4;1;4;1;3;1;Donna;Female;1993;31;Roma;Sì;yes; ;Roma;Media superiore;13;3;4;Caratterizzata da piccole salite;Easy climbs;Sì;No;Sì;Sì;Sì;Sì;Sì;Sì;Sì;;
Non lavoro e non studio; N/A;1; ; ; ; ; ; ;no;no;N/A;0;0;0;3;0;0;0;0;1;2;2;3;0;0;2;4;0;0;0;3;4;4;4;4;3;3;5;5;5;5;5;5;5;5;5;4;4;5;5;5;5;4;4;5;4;4; ; ;yes;5;4;4;90;60;20;5;4;4;5;4;4;5;4;4;4;4;5;4;4;90;60;20;5;4;4;5;4;4;5;4;4;4;4;4;1;4;1;4;1;4;1;3;1;Uomo;Male;1990;34;Nettuno;Sì;yes; ;Roma;Laurea magistrale o successivo;18;4;4;Prevalentemente pianeggiante;Flat;Sì;Sì;Sì;Sì;Sì;Sì;Sì;Sì;Sì;;
Lavoro;Numero di volte;2;5;Bus/Tram;Vado a piedi; ; ; ;yes;yes;VRU;1;1;1;1;0;0;0;0;3;3;3;3;2;2;2;2;3;3;3;3;3;3;3;3;3;3;5;5;5;5;5;5;5;5;5;5;3;5;5;5;5;3;3;4;4;4;Roma;Roma;yes;5;5;5;100;0;0;5;0;0;5;0;0;5;0;0;0;0; ; ; ; ; ; ; ; ; ; ; ; ; ; ; ; ; ;4;1;4;1;4;1;2;0;3;1;Donna;Female;1989;35; ;Sì;yes; ;Roma;Laurea (triennale) di primo livello;16;4;3;Prevalentemente pianeggiante;Flat;No;No;No;No;No;Sì;Sì;No;No;yes;Rome
Lavoro;Numero di volte;2;6;Vado a piedi; ; ; ; ;yes;yes;VRU;0;0;3;0;0;0;3;0;0;2;3;2;0;1;2;4;2;2;2;1;2;2;2;4;4;4;5;5;5;5;5;5;5;5;5;5;3;5;5;5;5;3;2;4;2;2;Roma;Roma;yes;5;2;2;50;0;0;5;2;2;5;3;3;5;4;4;4;4; ; ; ; ; ; ; ; ; ; ; ; ; ; ; ; ; ;4;1;4;1;4;1;2;0;4;1;Uomo;Male;1993;31; ;Sì;yes; ;Roma;Laurea magistrale o successivo;18;3;3;Prevalentemente pianeggiante;Flat;Sì;No;No;No;No;Sì;Sì;Sì;Sì;yes;Rome
Lavoro;Numero di volte;2;5;Auto;Bus/Tram;Treno; ; ;yes;yes;Public;0;0;0;3;0;0;0;0;1;2;2;1;0;0;2;4;0;1;1;2;0;2;2;3;3;3;5;5;5;5;5;5;5;5;5;4;3;5;5;5;5;4;4;3;3;3;Roma;Nettuno;no;3;0;0;20;0;0;3;0;0;3;0;0;3;0;0;0;0; ; ; ; ; ; ; ; ; ; ; ; ; ; ; ; ; ;2;0;3;1;3;1;2;0;3;1;Donna;Female;1992;32; ;Sì;yes; ;Nettuno;Laurea (triennale) di primo livello;16;4;4;Prevalentemente pianeggiante;Flat;Sì;No;Sì;Sì;No;Sì;No;Sì;Sì;no;Not Rome
Lavoro;Numero di volte;2;5;Bus/Tram;Bici; ; ; ;yes;yes;VRU;0;0;0;0;0;0;0;0;4;4;4;4;5;5;5;5;3;3;3;3;2;2;2;2;2;2;5;5;5;5;5;5;4;4;4;4;4;4;4;4;4;4;4;4;4;4;Roma;Roma;yes;5;5;5;100;100;0;5;5;0;5;5;0;5;5;0;5;0; ; ; ; ; ; ; ; ; ; ; ; ; ; ; ; ; ;3;1;4;1;4;1;4;1;3;1;Uomo;Male;1992;32; ;No;no;Russia;Russia;Laurea magistrale o successivo;18;3;4;Caratterizzata da piccole salite;Easy climbs;No;No;Sì;No;No;Sì;Sì;Sì;Sì;yes;Rome
Non lavoro e non studio; N/A;1; ; ; ; ; ; ;no;no;N/A;0;0;0;3;0;0;0;0;3;3;4;4;0;0;0;3;0;0;0;3;4;4;4;5;5;5;5;5;5;5;5;5;4;5;5;5;5;5;5;5;5;5;5;5;4;5; ; ;yes;5;4;5;100;80;90;5;5;5;5;5;5;5;5;5;5;5;5;4;5;100;80;90;5;5;5;5;5;5;5;5;5;5;5;4;1;3;1;4;1;4;1;3;1;Donna;Female;1994;30;Roma;Sì;yes; ;Roma;Laurea (triennale) di primo livello;16;4;5;Prevalentemente pianeggiante;Flat;Sì;No;Sì;Sì;Sì;Sì;Sì;Sì;Sì;;
Non lavoro e non studio; N/A;1; ; ; ; ; ; ;no;no;N/A;0;3;3;1;1;0;0;0;2;2;2;1;0;0;0;3;1;2;2;1;4;2;2;5;5;5;5;5;5;5;5;5;3;4;3;1;3;3;3;1;3;3;2;5;2;2; ; ;yes;5;0;0;100;0;0;5;0;0;5;0;0;5;0;0;0;0;5;0;0;100;0;0;5;0;0;5;0;0;5;0;0;0;0;4;1;4;1;4;1;1;0;4;1;Donna;Female;1989;35;Roma;Sì;yes; ;Roma;Media superiore;13;4;4;Prevalentemente pianeggiante;Flat;Sì;No;No;No;No;Sì;Sì;Sì;Sì;;
Lavoro;Numero di volte;2;4;Vado a piedi; ; ; ; ;yes;yes;VRU;0;0;0;0;1;1;1;1;4;4;4;4;3;3;3;3;2;2;2;2;3;3;3;3;3;3;5;5;5;5;5;5;5;5;5;5;5;5;5;5;5;5;5;5;2;2;Formello;Formello;yes;5;0;0;100;0;0;5;0;0;5;0;0;5;0;0;0;0; ; ; ; ; ; ; ; ; ; ; ; ; ; ; ; ; ;4;1;4;1;4;1;2;0;3;1;Donna;Female;1995;29; ;Sì;yes; ;Formello;Laurea (triennale) di primo livello;16;3;3;Prevalentemente pianeggiante;Flat;No;No;No;No;No;Sì;No;No;Sì;yes;Not Rome
Non lavoro e non studio; N/A;1; ; ; ; ; ; ;no;no;N/A;0;0;0;0;1;1;1;1;3;3;3;3;2;2;2;2;3;3;3;3;5;5;5;5;5;5;5;5;5;5;5;5;5;5;5;5;5;5;5;5;5;5;5;5;5;5; ; ;yes;5;5;5;100;100;100;5;5;5;5;5;5;5;5;5;5;5;5;5;5;100;100;100;5;5;5;5;5;5;5;5;5;5;5;4;1;4;1;4;1;3;1;2;0;Donna;Female;1994;30;Roma;Sì;yes; ;Roma;Laurea (triennale) di primo livello;16;4;2;Prevalentemente pianeggiante;Flat;No;No;Sì;Sì;Sì;Sì;Sì;Sì;Sì;;
Sono uno studente e lavoro;0 (Mai, lavoro da casa, sto sempre a casa);3;0; ; ; ; ; ;no;no;N/A;0;0;0;0;0;0;0;0;0;0;0;0;0;0;0;3;2;1;2;0;2;3;3;4;4;4;5;5;5;5;5;5;3;3;3;4;1;3;3;3;4;1;2;3;3;3;Roma;Roma;yes;4;3;3;60;10;10;4;3;3;5;3;3;5;3;3;3;3;4;3;3;60;10;10;4;3;3;5;3;3;5;3;3;3;3;4;1;4;1;3;1;3;1;4;1;Donna;Female;1994;30;Roma;Sì;yes; ;Roma;Laurea (triennale) di primo livello;16;4;4;Caratterizzata da piccole salite;Easy climbs;Sì;Sì;Sì;Sì;Sì;Sì;Sì;Sì;Sì;yes;Rome
Sono uno studente;0 (Mai, lavoro da casa, sto sempre a casa);3;0; ; ; ; ; ;no;no;N/A;2;4;4;0;0;0;0;0;4;3;3;4;0;0;0;3;2;4;4;2;3;2;3;5;5;5;5;5;5;5;5;5;4;5;5;5;4;5;5;5;5;4;3;3;2;2;Roma;Roma;yes;5;1;1;100;20;20;5;3;3;5;3;3;5;4;4;4;4;5;1;1;100;20;20;5;3;3;5;3;3;5;4;4;4;4;1;0;2;0;1;0;2;0;3;1;Donna;Female;2001;23;Roma;Sì;yes; ;Ardea;Media superiore;13;3;4;Caratterizzata da piccole salite;Easy climbs;Sì;No;Sì;Sì;No;Sì;Sì;Sì;Sì;yes;Rome
Lavoro;0 (Mai, lavoro da casa, sto sempre a casa);3;0; ; ; ; ; ;no;no;N/A;0;0;0;2;0;0;0;0;1;2;2;2;0;1;1;4;1;1;1;2;2;4;4;4;4;4;5;5;5;5;5;5;5;5;4;4;3;5;5;5;5;4;4;4;4;4;Guidonia;Guidonia;yes;4;3;3;50;30;30;4;4;4;4;5;5;4;4;4;4;4;4;3;3;50;30;30;4;4;4;4;5;5;4;4;4;4;4;4;1;3;1;4;1;3;1;3;1;Donna;Female;1991;33;Guidonia;Sì;yes; ;Guidonia;Laurea magistrale o successivo;18;4;3;Caratterizzata da piccole salite;Easy climbs;Sì;No;Sì;Sì;Sì;Sì;Sì;Sì;Sì;yes;Not Rome
Lavoro;0 (Mai, lavoro da casa, sto sempre a casa);3;0; ; ; ; ; ;no;no;N/A;2;2;2;0;0;0;0;0;0;0;0;0;0;0;0;0;3;3;3;1;1;2;2;4;3;3;3;3;3;3;3;2;2;3;2;4;1;3;4;4;5;1;2;3;3;1;Roma;Roma;yes;2;3;3;0;10;0;1;4;4;1;4;4;2;4;4;4;4;2;3;3;0;10;0;1;4;4;1;4;4;2;4;4;4;4;3;1;3;1;3;1;3;1;3;1;Donna;Female;1989;35;Roma;Sì;yes; ;Roma;Media superiore;13;3;2;Prevalentemente pianeggiante;Flat;Sì;No;Sì;Sì;No;Sì;Sì;Sì;Sì;yes;Rome
Lavoro;0 (Mai, lavoro da casa, sto sempre a casa);3;0; ; ; ; ; ;no;no;N/A;2;2;2;1;0;0;0;0;2;2;2;0;0;0;0;4;4;3;3;1;1;2;2;5;5;5;5;5;5;5;5;5;3;3;2;2;2;3;2;2;3;2;3;4;2;2;Guidonia;Guidonia;yes;4;2;2;80;10;10;4;2;2;4;2;2;3;2;2;2;2;4;2;2;80;10;10;4;2;2;4;2;2;3;2;2;2;2;4;1;4;1;2;0;2;0;3;1;Uomo;Male;1990;34;Guidonia ;Sì;yes; ;Guidonia;Laurea magistrale o successivo;18;4;3;Prevalentemente pianeggiante;Flat;Sì;Sì;No;No;No;Sì;Sì;Sì;Sì;yes;Not Rome
Sono uno studente;Numero di volte;2;5;Vado a piedi; ; ; ; ;yes;yes;VRU;0;1;1;0;0;0;0;0;4;3;3;4;0;0;0;3;2;2;1;1;3;3;3;5;5;5;5;5;5;5;5;5;5;4;5;4;4;5;5;5;5;5;5;5;2;2;Roma;Roma;yes;5;4;4;100;0;0;5;5;5;3;4;4;4;3;3;5;5; ; ; ; ; ; ; ; ; ; ; ; ; ; ; ; ; ;4;1;3;1;4;1;4;1;4;1;Uomo;Male;1998;26; ;Sì;yes; ;Roma;Laurea (triennale) di primo livello;16;3;4;Caratterizzata da piccole salite;Easy climbs;Sì;Sì;Sì;Sì;No;Sì;Sì;Sì;Sì;yes;Rome
Lavoro;Numero di volte;2;5;Auto;Bus/Tram; ; ; ;yes;yes;Public;2;1;2;2;0;0;0;0;0;0;0;0;0;0;0;3;3;3;3;2;1;1;1;4;4;3;3;3;2;5;5;3;2;4;2;4;1;4;4;5;5;2;3;3;1;1;Roma;Fiumicino;no;1;0;0;0;0;0;0;0;0;0;0;0;0;0;0;0;0; ; ; ; ; ; ; ; ; ; ; ; ; ; ; ; ; ;4;1;4;1;2;0;3;1;2;0;Uomo;Male;1989;35; ;Sì;yes; ;Roma;Laurea magistrale o successivo;18;4;2;Prevalentemente pianeggiante;Flat;Sì;No;Sì;No;No;Sì;No;No;Sì;no;Not Rome
Lavoro;Numero di volte;2;6;Moto/scooter;Bici;eBike (Bici Elettrica);Monopattino; ;yes;yes;VRU;1;1;1;1;0;0;0;0;4;4;4;4;1;2;3;4;4;4;4;2;3;3;3;4;4;4;5;5;5;5;5;5;5;5;5;5;5;5;5;5;5;5;5;4;4;4;Roma;Roma;yes;5;5;5;90;90;90;5;5;5;5;5;5;5;5;5;5;5; ; ; ; ; ; ; ; ; ; ; ; ; ; ; ; ; ;4;1;3;1;4;1;4;1;2;0;Uomo;Male;1993;31; ;Sì;yes; ;Roma;Media superiore;13;4;3;Prevalentemente pianeggiante;Flat;No;Sì;Sì;Sì;Sì;Sì;Sì;Sì;Sì;yes;Rome
Sono uno studente e lavoro;0 (Mai, lavoro da casa, sto sempre a casa);3;0; ; ; ; ; ;no;no;N/A;2;2;2;1;0;0;0;0;2;2;2;1;0;0;0;4;3;2;2;1;2;2;2;5;5;5;5;5;5;5;5;5;4;4;4;3;3;4;4;3;4;3;2;4;3;3;Morlupo;Morlupo;yes;4;3;3;70;20;10;4;3;3;4;3;3;4;3;3;3;3;4;3;3;70;20;10;4;3;3;4;3;3;4;3;3;3;3;4;1;4;1;4;1;3;1;3;1;Uomo;Male;1992;32;Morlupo;Sì;yes; ;Morlupo;Laurea (triennale) di primo livello;16;4;3;Caratterizzata da piccole salite;Easy climbs;Sì;No;Sì;No;No;Sì;Sì;Sì;Sì;yes;Not Rome
Lavoro;Numero di volte;2;5;Auto;Bus/Tram; ; ; ;yes;yes;Public;0;0;0;3;0;0;0;0;0;2;2;1;0;0;2;4;1;2;2;2;3;4;4;4;4;4;5;5;5;5;5;5;5;4;5;3;3;5;5;5;5;5;5;3;3;3;Fiumicino;Roma;no;3;0;0;20;0;0;3;0;0;3;0;0;3;0;0;0;0; ; ; ; ; ; ; ; ; ; ; ; ; ; ; ; ; ;3;1;3;1;3;1;3;1;3;1;Donna;Female;1993;31; ;Sì;yes; ;Roma;Laurea (triennale) di primo livello;16;3;4;Prevalentemente pianeggiante;Flat;Sì;No;Sì;Sì;No;Sì;No;Sì;Sì;no;Rome
Non lavoro e non studio; N/A;1; ; ; ; ; ; ;no;no;N/A;0;3;4;2;0;0;0;0;3;4;5;5;1;2;2;4;0;1;1;0;4;4;4;5;3;3;5;5;4;5;5;4;5;5;5;5;5;5;5;5;5;5;5;5;2;0; ; ;yes;5;2;0;90;10;0;5;3;0;5;2;0;5;2;0;2;0;5;2;0;90;10;0;5;3;0;5;2;0;5;2;0;2;0;4;1;4;1;4;1;2;0;2;0;Donna;Female;1994;30;Pomezia;Sì;yes; ;Pomezia;Media superiore;13;4;3;Prevalentemente pianeggiante;Flat;No;No;No;No;No;Sì;No;No;No;;
Lavoro e studio;0 (Mai, lavoro da casa, sto sempre a casa);3;0; ; ; ; ; ;no;no;N/A;4;4;4;0;0;0;0;0;5;4;5;5;0;0;0;2;4;5;4;1;1;1;1;5;5;5;5;5;5;5;5;5;3;5;5;5;3;5;5;5;5;3;2;4;0;0;Roma;Roma;yes;5;0;0;100;0;0;5;0;0;5;0;0;5;0;0;0;0;5;0;0;100;0;0;5;0;0;5;0;0;5;0;0;0;0;1;0;2;0;1;0;1;0;3;1;Uomo;Male;1990;34;Roma;Sì;yes; ;Roma;Laurea magistrale o successivo;18;4;4;Prevalentemente pianeggiante;Flat;Sì;Sì;Sì;No;No;Sì;Sì;No;Sì;yes;Rome
Sono uno studente;Numero di volte;2;3;Bus/Tram;Vado a piedi; ; ; ;yes;yes;VRU;0;4;5;0;0;0;0;0;0;3;3;3;0;0;2;4;3;1;1;0;0;0;0;5;5;3;5;4;2;5;5;2;2;5;3;4;1;4;4;5;5;1;2;4;1;1;Roma;Roma;yes;5;2;2;100;10;5;5;4;4;5;4;4;5;4;4;4;4; ; ; ; ; ; ; ; ; ; ; ; ; ; ; ; ; ;4;1;4;1;4;1;3;1;4;1;Donna;Female;1994;30; ;Sì;yes; ;Roma;Laurea (triennale) di primo livello;16;2;3;Prevalentemente pianeggiante;Flat;Sì;No;Sì;Sì;Sì;Sì;Sì;Sì;Sì;yes;Rome
Lavoro;Numero di volte;2;5;eBike (Bici Elettrica); ; ; ; ;yes;yes;VRU;2;0;0;1;0;0;0;0;2;2;2;1;0;0;0;5;3;1;1;1;2;3;3;5;5;5;5;5;5;5;5;5;2;3;2;2;3;3;3;4;4;2;4;3;1;5;Roma;Roma;yes;2;0;5;20;0;80;2;0;5;2;0;5;2;0;5;0;5; ; ; ; ; ; ; ; ; ; ; ; ; ; ; ; ; ;4;1;4;1;4;1;3;1;2;0;Uomo;Male;1990;34; ;Sì;yes; ;Roma;Laurea magistrale o successivo;18;4;3;Prevalentemente pianeggiante;Flat;Sì;No;No;Sì;No;Sì;Sì;Sì;Sì;yes;Rome
Lavoro;Numero di volte;2;6;Bus/Tram;Vado a piedi; ; ; ;yes;yes;VRU;0;0;0;0;0;0;0;0;0;0;0;0;0;0;0;3;3;3;3;2;1;2;2;5;5;5;5;5;5;5;5;5;2;5;2;3;1;2;5;5;5;1;1;3;3;3;Roma;Roma;yes;4;3;3;100;0;0;5;5;5;5;5;5;5;3;3;2;2; ; ; ; ; ; ; ; ; ; ; ; ; ; ; ; ; ;4;1;4;1;3;1;3;1;4;1;Donna;Female;1991;33; ;Sì;yes; ;Roma;Media superiore;13;5;4;Prevalentemente pianeggiante;Flat;Sì;No;Sì;No;No;Sì;Sì;Sì;Sì;yes;Rome
Sono uno studente e lavoro;0 (Mai, lavoro da casa, sto sempre a casa);3;0; ; ; ; ; ;no;no;N/A;0;0;0;2;0;0;0;0;0;1;1;2;0;0;1;3;3;2;2;3;2;3;3;3;3;3;5;5;5;5;5;5;5;5;4;4;3;5;5;5;5;4;4;3;2;2;Roma;Roma;yes;3;2;2;20;10;10;3;4;4;3;3;3;4;3;3;3;3;3;2;2;20;10;10;3;4;4;3;3;3;4;3;3;3;3;3;1;3;1;3;1;3;1;3;1;Donna;Female;1994;30;Roma;Sì;yes; ;Roma;Laurea (triennale) di primo livello;16;3;3;Caratterizzata da piccole salite;Easy climbs;Sì;No;Sì;Sì;No;Sì;No;Sì;Sì;yes;Rome
Lavoro e studio;Numero di volte;2;3;Bus/Tram;Metro; ; ; ;yes;yes;Public;1;3;3;4;0;0;0;0;1;4;4;4;2;2;5;5;2;2;2;1;5;3;3;5;3;3;5;5;4;5;5;4;5;5;5;5;5;5;5;5;5;5;5;5;3;0;Roma;Roma;yes;5;1;0;100;0;0;5;0;0;5;0;0;5;0;0;0;0; ; ; ; ; ; ; ; ; ; ; ; ; ; ; ; ; ;4;1;4;1;4;1;2;0;3;1;Donna;Female;1992;32; ;Sì;yes; ;Roma;Laurea (triennale) di primo livello;16;4;4;Prevalentemente pianeggiante;Flat;No;No;No;No;No;Sì;No;No;Sì;yes;Rome
Lavoro;Numero di volte;2;5;Bus/Tram;Metro; ; ; ;yes;yes;Public;2;3;3;2;0;0;0;0;2;3;3;1;0;0;0;3;2;3;3;1;3;2;2;5;5;5;5;5;5;5;5;5;3;3;3;2;2;3;3;2;3;2;2;4;2;2;Roma;Roma;yes;4;0;0;100;0;0;4;0;0;4;0;0;4;0;0;0;0; ; ; ; ; ; ; ; ; ; ; ; ; ; ; ; ; ;4;1;4;1;4;1;2;0;4;1;Donna;Female;1991;33; ;Sì;yes; ;Roma;Media superiore;13;4;5;Prevalentemente pianeggiante;Flat;Sì;No;No;No;No;No;No;No;Sì;yes;Rome
Non lavoro e non studio; N/A;1; ; ; ; ; ; ;no;no;N/A;1;4;4;0;0;0;0;0;5;4;4;5;0;0;0;0;2;3;2;1;3;2;3;5;5;5;5;5;5;5;5;5;3;5;5;3;2;5;5;5;5;3;1;5;0;0; ; ;yes;5;0;0;100;0;0;5;1;1;5;1;1;5;1;1;1;1;5;0;0;100;0;0;5;1;1;5;1;1;5;1;1;1;1;1;0;3;1;1;0;1;0;3;1;Donna;Female;1994;30;Roma;Sì;yes; ;Roma;Laurea (triennale) di primo livello;16;3;4;Prevalentemente pianeggiante;Flat;Sì;No;Sì;No;No;Sì;Sì;Sì;Sì;;
Sono uno studente e lavoro;Numero di volte;2;5;Auto;Treno; ; ; ;yes;yes;Public;0;0;0;2;0;0;0;0;2;3;3;2;0;0;2;4;1;0;0;3;1;2;2;3;3;3;5;5;5;5;5;5;5;5;4;3;3;5;5;5;5;5;5;3;3;3;Rignano Flaminio;Roma;no;3;0;0;0;0;0;0;0;0;0;0;0;0;0;0;0;0; ; ; ; ; ; ; ; ; ; ; ; ; ; ; ; ; ;3;1;3;1;2;0;2;0;3;1;Donna;Female;1999;25; ;Sì;yes; ;Roma;Media superiore;13;3;3;Caratterizzata da piccole salite;Easy climbs;Sì;No;Sì;No;No;Sì;No;Sì;Sì;no;Rome
Non lavoro e non studio; N/A;1; ; ; ; ; ; ;no;no;N/A;4;4;4;0;0;0;0;0;0;2;3;0;0;1;1;5;5;5;5;0;0;0;0;2;2;2;3;3;3;3;2;2;2;2;2;2;1;3;3;2;3;2;1;0;0;0; ; ;yes;0;1;1;0;0;0;0;0;0;0;0;0;0;0;0;0;0;0;1;1;0;0;0;0;0;0;0;0;0;0;0;0;0;0;1;0;2;0;1;0;2;0;1;0;Uomo;Male;1993;31;Roma;Sì;yes; ;Roma;Licenza elementare/media inferiore;8;3;2;Prevalentemente pianeggiante;Flat;Sì;Sì;No;Sì;Sì;Sì;Sì;Sì;Sì;;
Lavoro e studio;0 (Mai, lavoro da casa, sto sempre a casa);3;0; ;; ; ; ;no;no;N/A;0;0;0;0;0;0;0;0;5;4;4;5;0;0;2;4;1;0;0;2;4;4;4;5;5;5;5;5;5;5;5;5;4;4;4;5;2;5;5;4;5;4;4;5;4;5;Roma;Roma;yes;5;4;4;100;10;10;5;5;5;5;5;5;5;5;5;5;5;5;4;4;100;10;10;5;5;5;5;5;5;5;5;5;5;5;3;1;3;1;3;1;4;1;4;1;Donna;Female;1991;33;Genzano;Sì;yes; ;Roma;Media superiore;13;3;4;Caratterizzata da piccole salite;Easy climbs;Sì;No;Sì;Sì;Sì;Sì;Sì;Sì;Sì;yes;Rome
Non lavoro e non studio; N/A;1; ; ; ; ; ; ;no;no;N/A;0;0;0;2;0;0;0;0;2;3;3;2;0;0;2;4;3;2;2;3;2;3;3;4;4;4;5;5;5;5;5;5;5;5;3;4;3;5;5;4;5;4;5;2;1;1; ; ;yes;3;2;2;10;10;10;3;3;3;3;3;3;3;4;4;4;4;3;2;2;10;10;10;3;3;3;3;3;3;3;4;4;4;4;4;1;3;1;4;1;4;1;3;1;Donna;Female;1989;35;Fiumicino;Sì;yes; ;Roma;Media superiore;13;2;3;Prevalentemente pianeggiante;Flat;Sì;No;Sì;Sì;No;Sì;No;Sì;Sì;;
Lavoro;Numero di volte;2;5;Auto; ; ; ; ;no;no;Private;2;4;4;0;0;0;0;0;2;2;2;0;0;0;0;4;4;3;3;1;1;1;1;5;5;5;5;5;5;5;5;5;2;3;4;2;2;2;4;4;3;3;4;3;2;2;Ciampino;Roma;no;0;0;0;0;0;0;0;0;0;0;0;0;0;0;0;0;0; ; ; ; ; ; ; ; ; ; ; ; ; ; ; ; ; ;3;1;3;1;2;0;1;0;1;0;Uomo;Male;1991;33; ;Sì;yes; ;Roma;Laurea magistrale o successivo;18;3;3;Prevalentemente pianeggiante;Flat;Sì;Sì;No;No;No;Sì;Sì;Sì;Sì;no;Rome
Non lavoro e non studio; N/A;1; ; ; ; ; ; ;no;no;N/A;0;0;0;4;0;0;0;0;1;3;4;4;0;2;2;4;0;0;0;3;5;5;5;5;5;5;5;5;5;5;5;5;4;4;3;3;3;4;4;4;4;3;3;5;5;5; ; ;yes;5;5;5;95;95;95;4;4;4;4;4;4;3;5;5;5;5;5;5;5;95;95;95;4;4;4;4;4;4;3;5;5;5;5;4;1;4;1;4;1;4;1;3;1;Uomo;Male;1994;30;Roma;Sì;yes; ;Roma;Media superiore;13;4;3;Caratterizzata da forti pendenze;Steep slopes;No;No;Sì;Sì;Sì;Sì;Sì;Sì;Sì;;
Lavoro e studio;0 (Mai, lavoro da casa, sto sempre a casa);3;0; ;; ; ; ;no;no;N/A;0;4;4;0;0;0;0;0;4;4;4;4;0;0;0;2;1;4;4;1;4;1;2;5;5;5;5;5;5;5;5;5;3;4;5;5;4;5;5;5;5;4;3;4;0;0;Roma;Roma;yes;4;0;0;100;0;0;4;0;0;3;0;0;5;0;0;0;0;4;0;0;100;0;0;4;0;0;3;0;0;5;0;0;0;0;1;0;3;1;1;0;1;0;3;1;Donna;Female;2000;24;Roma;Sì;yes; ;Roma;Laurea (triennale) di primo livello;16;4;4;Caratterizzata da piccole salite;Easy climbs;Sì;No;No;No;No;No;Sì;Sì;Sì;yes;Rome
Non lavoro e non studio; N/A;1; ; ; ; ; ; ;no;no;N/A;0;0;0;2;0;0;0;0;2;3;3;2;1;2;2;4;3;2;2;3;2;2;2;4;4;3;5;5;5;5;5;5;5;5;5;4;3;5;5;5;5;5;5;3;2;2; ; ;yes;3;2;2;20;10;10;3;4;4;3;3;3;2;3;3;3;3;3;2;2;20;10;10;3;4;4;3;3;3;2;3;3;3;3;4;1;3;1;4;1;3;1;3;1;Donna;Female;1990;34;Roma;Sì;yes; ;Roma;Media superiore;13;3;3;Prevalentemente pianeggiante;Flat;Sì;No;Sì;Sì;Sì;Sì;Sì;Sì;Sì;;
Non lavoro e non studio; N/A;1; ; ; ; ; ; ;no;no;N/A;0;0;0;0;0;0;0;0;0;2;0;0;0;0;0;1;2;0;0;0;0;1;1;3;3;3;5;5;5;5;5;5;2;2;2;3;1;2;2;2;3;1;1;1;1;1; ; ;yes;1;1;1;0;0;0;1;1;1;1;1;1;1;0;0;0;0;1;1;1;0;0;0;1;1;1;1;1;1;1;0;0;0;0;4;1;2;0;2;0;1;0;2;0;Uomo;Male;1996;28;Roma;Sì;yes; ;Roma;Media superiore;13;3;2;Caratterizzata da piccole salite;Easy climbs;Sì;No;No;No;No;Sì;Sì;No;Sì;;
Non lavoro e non studio; N/A;1; ; ; ; ; ; ;no;no;N/A;0;0;0;0;0;0;0;0;2;2;2;4;1;1;2;4;1;1;1;1;4;4;4;4;4;4;5;5;5;5;5;5;4;3;4;4;2;4;4;4;3;2;2;4;3;3; ; ;yes;5;2;2;80;10;10;5;2;2;5;2;2;5;3;3;3;3;5;2;2;80;10;10;5;2;2;5;2;2;5;3;3;3;3;4;1;4;1;4;1;2;0;3;1;Donna;Female;1990;34;Olevano Romano;Sì;yes; ;Olevano Romano;Media superiore;13;4;3;Prevalentemente pianeggiante;Flat;No;No;Sì;No;No;Sì;Sì;Sì;No;;
Sono uno studente e lavoro;0 (Mai, lavoro da casa, sto sempre a casa);3;0; ;; ; ; ;no;no;N/A;2;2;2;2;0;0;0;0;2;2;2;1;0;0;0;3;2;2;2;1;3;2;2;5;5;5;5;5;5;5;5;5;4;4;2;2;3;4;4;4;4;3;4;3;2;2;Ladispoli;Ladispoli;yes;3;1;0;80;20;0;3;1;0;3;1;0;3;1;0;1;0;3;1;0;80;20;0;3;1;0;3;1;0;3;1;0;1;0;4;1;4;1;4;1;2;0;2;0;Donna;Female;1994;30;Ladispoli;Sì;yes; ;Ladispoli;Laurea magistrale o successivo;18;3;3;Prevalentemente pianeggiante;Flat;Sì;No;Sì;No;No;Sì;Sì;Sì;Sì;yes;Not Rome
Sono uno studente e lavoro;Numero di volte;2;5;Auto; ; ; ; ;no;no;Private;3;3;3;0;0;0;0;0;1;1;1;0;0;0;0;3;3;3;3;1;2;2;2;5;5;5;5;5;5;5;5;5;3;3;3;3;3;4;4;4;4;3;3;3;2;2;Roma;Roma;yes;0;0;0;0;0;0;0;0;0;0;0;0;0;0;0;0;0; ; ; ; ; ; ; ; ; ; ; ; ; ; ; ; ; ;3;1;3;1;2;0;2;0;2;0;Donna;Female;1992;32; ;Sì;yes; ;Roma;Laurea (triennale) di primo livello;16;4;4;Prevalentemente pianeggiante;Flat;Sì;No;Sì;No;No;Sì;No;No;Sì;yes;Rome
Non lavoro e non studio; N/A;1; ; ; ; ; ; ;no;no;N/A;2;3;1;0;0;0;0;0;2;3;3;2;0;0;0;5;2;2;1;2;0;1;3;5;5;5;5;5;4;5;5;4;5;5;3;5;2;4;5;4;5;1;3;2;1;3; ; ;yes;2;1;2;40;5;0;2;1;4;2;2;4;2;3;5;3;5;2;1;2;40;5;0;2;1;4;2;2;4;2;3;5;3;5;3;1;3;1;3;1;4;1;3;1;Donna;Female;1991;33;Roma;Sì;yes; ;Roma;Media superiore;13;3;4;Prevalentemente pianeggiante;Flat;Sì;No;Sì;Sì;No;Sì;No;Sì;Sì;;
Non lavoro e non studio; N/A;1; ; ; ; ; ; ;no;no;N/A;0;0;0;4;0;0;0;0;4;4;4;4;0;0;0;4;1;2;1;2;3;2;3;5;5;5;5;5;5;5;5;5;5;4;5;5;3;5;5;5;5;5;5;5;4;0; ; ;yes;5;5;0;100;10;0;5;5;5;5;5;5;5;5;5;5;5;5;5;0;100;10;0;5;5;5;5;5;5;5;5;5;5;5;4;1;4;1;4;1;4;1;4;1;Donna;Female;1992;32;Roma;Sì;yes; ;Roma;Laurea (triennale) di primo livello;16;3;4;Caratterizzata da forti pendenze;Steep slopes;Sì;No;Sì;No;No;Sì;Sì;Sì;Sì;;
Non lavoro e non studio; N/A;1; ; ; ; ; ; ;no;no;N/A;0;0;0;1;0;0;0;0;2;3;3;1;0;0;1;2;3;2;2;0;0;1;1;3;3;3;5;3;1;4;3;2;5;5;5;5;3;5;5;5;5;3;3;1;1;1; ; ;yes;1;1;1;10;10;10;1;1;1;1;1;1;1;1;1;0;0;1;1;1;10;10;10;1;1;1;1;1;1;1;1;1;0;0;3;1;3;1;3;1;2;0;2;0;Uomo;Male;1996;28;Roma;Sì;yes; ;Roma;Laurea (triennale) di primo livello;16;5;2;Prevalentemente pianeggiante;Flat;Sì;No;No;No;No;Sì;No;No;Sì;;
Non lavoro e non studio; N/A;1; ; ; ; ; ; ;no;no;N/A;1;1;1;1;0;0;0;0;2;2;4;4;1;2;2;5;3;3;3;2;2;2;2;4;4;4;5;5;5;5;5;5;4;4;5;5;2;4;5;5;4;2;2;4;2;2; ; ;yes;4;2;2;70;25;5;4;2;1;4;2;1;5;3;1;3;1;4;2;2;70;25;5;4;2;1;4;2;1;5;3;1;3;1;4;1;4;1;4;1;3;1;3;1;Donna;Female;1992;32;Roma;Sì;yes; ;Roma;Media superiore;13;4;4;Prevalentemente pianeggiante;Flat;No;No;Sì;No;No;Sì;No;Sì;Sì;;
Non lavoro e non studio; N/A;1; ; ; ; ; ; ;no;no;N/A;0;0;0;2;0;0;0;0;1;2;2;1;0;0;2;3;2;2;2;3;1;2;2;3;3;3;5;5;5;5;5;5;5;5;4;4;3;5;5;5;5;4;5;3;4;4; ; ;yes;3;3;3;60;20;10;3;3;3;3;3;3;3;3;3;3;3;3;3;3;60;20;10;3;3;3;3;3;3;3;3;3;3;3;3;1;4;1;4;1;3;1;4;1;Donna;Female;1992;32;Roma;Sì;yes; ;Roma;Media superiore;13;3;3;Caratterizzata da piccole salite;Easy climbs;Sì;No;Sì;Sì;No;Sì;No;Sì;Sì;;
Lavoro e studio;Numero di volte;2;6;Auto; ; ; ; ;no;no;Private;5;5;5;0;0;0;0;0;4;4;4;4;0;0;0;2;4;4;3;1;4;3;4;5;5;4;3;4;3;5;4;2;5;4;5;5;2;5;5;5;5;2;1;4;0;0;Roma;Castel Madama;no;0;0;0;0;0;0;0;0;2;0;0;2;0;1;1;2;2; ; ; ; ; ; ; ; ; ; ; ; ; ; ; ; ; ;1;0;3;1;1;0;1;0;3;1;Donna;Female;1993;31; ;Sì;yes; ;Roma;Laurea magistrale o successivo;18;4;3;Caratterizzata da forti pendenze;Steep slopes;Sì;No;Sì;No;No;Sì;No;No;Sì;no;Not Rome
Lavoro;Numero di volte;2;4;Bus/Tram; ; ; ; ;yes;yes;Public;1;1;1;2;0;0;0;0;1;2;3;4;2;2;2;4;1;1;1;0;3;3;3;4;3;3;3;4;4;3;5;5;5;5;4;4;3;5;4;4;4;3;3;4;2;2;Tivoli;Tivoli;yes;5;1;1;100;0;0;5;2;2;5;1;1;5;2;2;2;2; ; ; ; ; ; ; ; ; ; ; ; ; ; ; ; ; ;4;1;3;1;4;1;2;0;3;1;Uomo;Male;1991;33; ;Sì;yes; ;Tivoli;Media superiore;13;4;5;Caratterizzata da piccole salite;Easy climbs;No;No;No;No;No;Sì;Sì;Sì;No;yes;Not Rome
Non lavoro e non studio; N/A;1; ; ; ; ; ; ;no;no;N/A;3;2;2;0;0;0;0;0;3;2;2;4;3;0;0;0;3;4;3;1;0;1;3;5;5;4;5;5;5;5;5;5;5;5;1;4;0;5;1;4;4;1;2;3;1;2; ; ;yes;3;1;2;20;0;0;3;1;4;3;2;2;2;2;4;2;4;3;1;2;20;0;0;3;1;4;3;2;2;2;2;4;2;4;2;0;2;0;2;0;3;1;2;0;Uomo;Male;1993;31;Monterotondo;Sì;yes; ;Monterotondo;Media superiore;13;4;3;Caratterizzata da piccole salite;Easy climbs;Sì;Sì;No;Sì;Sì;Sì;Sì;Sì;Sì;;
Non lavoro e non studio; N/A;1; ; ; ; ; ; ;no;no;N/A;0;0;0;3;0;0;0;0;0;2;3;3;0;0;2;3;2;1;2;3;0;1;2;5;3;3;4;3;3;3;3;1;1;2;2;3;0;2;3;3;3;0;1;4;3;1; ; ;yes;3;3;1;70;30;0;4;4;3;4;4;3;4;2;2;2;2;3;3;1;70;30;0;4;4;3;4;4;3;4;2;2;2;2;3;1;4;1;4;1;2;0;4;1;Donna;Female;1992;32;Roma;Sì;yes; ;Roma;Laurea (triennale) di primo livello;16;5;2;Prevalentemente pianeggiante;Flat;Sì;No;Sì;No;Sì;Sì;Sì;Sì;Sì;;
Non lavoro e non studio; N/A;1; ; ; ; ; ; ;no;no;N/A;0;0;0;4;0;0;0;0;5;4;5;5;0;0;0;4;0;0;0;3;5;5;5;5;5;2;5;5;4;5;5;3;5;5;4;5;2;4;5;5;5;4;2;5;0;5; ; ;yes;5;0;5;100;0;0;5;1;5;5;1;5;5;1;4;5;2;5;0;5;100;0;0;5;1;5;5;1;5;5;1;4;5;2;4;1;4;1;4;1;4;1;4;1;Uomo;Male;1992;32;Roma;Sì;yes; ;Roma;Licenza elementare/media inferiore;8;4;2;Prevalentemente pianeggiante;Flat;Sì;Sì;No;Sì;Sì;Sì;Sì;Sì;Sì;;
Lavoro;0 (Mai, lavoro da casa, sto sempre a casa);3; ; ;0; ; ; ;no;no;N/A;0;0;0;2;0;0;0;0;2;3;3;2;0;0;2;4;0;0;0;3;3;4;4;4;3;3;4;4;3;5;5;5;5;5;4;3;3;5;5;4;5;4;4;3;0;0;Ardea;Ardea;yes;3;0;0;50;0;0;4;0;0;3;0;0;4;0;0;0;0;3;0;0;50;0;0;4;0;0;3;0;0;4;0;0;0;0;4;1;4;1;4;1;1;0;3;1;Donna;Female;1991;33;Ardea;Sì;yes; ;Roma;Media superiore;13;4;4;Caratterizzata da piccole salite;Easy climbs;Sì;No;Sì;No;No;Sì;No;No;Sì;yes;Not Rome
Non lavoro e non studio; N/A;1; ; ; ; ; ; ;no;no;N/A;2;4;4;1;1;1;1;1;2;3;3;4;1;3;3;5;4;3;3;1;2;1;1;3;3;3;2;2;2;4;4;4;4;4;3;2;2;4;3;3;4;2;2;3;2;2; ; ;yes;3;1;1;50;0;0;3;2;2;2;2;2;3;2;2;2;2;3;1;1;50;0;0;3;2;2;2;2;2;3;2;2;2;2;2;0;4;1;3;1;1;0;3;1;Donna;Female;2000;24;Roma;Sì;yes; ;Roma;Media superiore;13;3;2;Prevalentemente pianeggiante;Flat;No;No;No;No;No;Sì;Sì;No;Sì;;
Non lavoro e non studio; N/A;1; ; ; ; ; ; ;no;no;N/A;4;4;3;0;0;0;0;0;4;2;2;3;0;0;1;4;4;3;2;1;0;0;1;5;5;5;5;3;3;5;3;1;5;5;4;5;1;5;5;5;5;2;1;1;1;2; ; ;yes;1;1;2;0;0;0;1;1;3;0;0;1;0;0;1;0;2;1;1;2;0;0;0;1;1;3;0;0;1;0;0;1;0;2;1;0;3;1;1;0;2;0;2;0;Donna;Female;1993;31;Roma;Sì;yes; ;Roma;Media superiore;13;5;3;Caratterizzata da piccole salite;Easy climbs;Sì;No;No;Sì;No;Sì;No;Sì;Sì;;
Lavoro e studio;0 (Mai, lavoro da casa, sto sempre a casa);3; ; ;0; ; ; ;no;no;N/A;0;3;3;0;0;0;0;0;0;3;3;0;0;0;0;4;2;1;1;0;0;2;2;3;3;3;4;3;3;4;2;2;5;5;4;4;1;5;5;5;5;1;2;2;0;0;Roma;Roma;yes;3;1;2;40;0;0;3;1;2;3;1;2;3;1;1;2;2;3;1;2;40;0;0;3;1;2;3;1;2;3;1;1;2;2;2;0;3;1;3;1;2;0;3;1;Donna;Female;1990;34;Roma;Sì;yes; ;Roma;Laurea magistrale o successivo;18;5;4;Caratterizzata da forti pendenze;Steep slopes;Sì;No;No;No;No;Sì;No;No;Sì;yes;Rome
Non lavoro e non studio; N/A;1; ; ; ; ; ; ;no;no;N/A;0;0;0;2;0;0;0;0;2;3;3;1;0;0;2;4;2;1;1;3;2;3;3;5;4;4;5;4;4;5;3;3;5;5;4;3;2;5;5;5;5;4;4;3;4;0; ; ;yes;4;4;0;40;20;0;4;3;0;4;3;0;3;4;0;4;0;4;4;0;40;20;0;4;3;0;4;3;0;3;4;0;4;0;4;1;3;1;4;1;2;0;4;1;Donna;Female;2001;23;Frascati;Sì;yes; ;Frascati;Media superiore;13;4;4;Prevalentemente pianeggiante;Flat;Sì;No;Sì;No;No;Sì;No;No;Sì;;
Non lavoro e non studio; N/A;1; ; ; ; ; ; ;no;no;N/A;0;1;1;1;0;0;0;0;5;3;4;5;0;0;0;4;3;3;2;2;2;2;3;5;5;4;5;5;4;5;5;5;5;4;4;4;2;5;5;5;5;2;5;5;2;2; ; ;yes;5;1;1;100;10;10;2;2;3;2;3;3;3;2;2;3;3;5;1;1;100;10;10;2;2;3;2;3;3;3;2;2;3;3;2;0;3;1;3;1;2;0;4;1;Donna;Female;1989;35;Roma;Sì;yes; ;Roma;Media superiore;13;3;4;Caratterizzata da piccole salite;Easy climbs;Sì;No;Sì;Sì;Sì;Sì;Sì;Sì;Sì;;
Non lavoro e non studio; N/A;1; ; ; ; ; ; ;no;no;N/A;2;2;2;1;0;0;0;0;2;2;2;1;0;0;0;4;3;2;2;1;1;3;3;5;5;5;4;2;2;4;2;2;4;4;2;5;0;4;4;5;5;1;1;2;1;3; ; ;yes;2;2;3;5;0;0;1;3;3;0;1;2;1;3;4;3;3;2;2;3;5;0;0;1;3;3;0;1;2;1;3;4;3;3;2;0;4;1;3;1;2;0;2;0;Donna;Female;1991;33;Anzio;Sì;yes; ;Anzio;Laurea (triennale) di primo livello;16;5;3;Prevalentemente pianeggiante;Flat;Sì;No;Sì;Sì;No;Sì;Sì;Sì;Sì;;
Non lavoro e non studio; N/A;1; ; ; ; ; ; ;no;no;N/A;2;2;2;1;0;0;0;0;1;2;2;4;1;1;2;3;2;2;2;0;2;2;2;4;3;3;5;3;3;5;4;4;4;4;5;5;3;4;5;5;4;3;3;4;1;1; ; ;yes;5;0;0;100;0;0;5;0;0;5;0;0;5;0;0;0;0;5;0;0;100;0;0;5;0;0;5;0;0;5;0;0;0;0;2;0;4;1;3;1;1;0;3;1;Uomo;Male;1992;32;Roma;Sì;yes; ;Roma;Media superiore;13;3;3;Prevalentemente pianeggiante;Flat;Sì;No;No;No;No;Sì;Sì;Sì;Sì;;
Non lavoro e non studio; N/A;1; ; ; ; ; ; ;no;no;N/A;0;0;0;0;0;0;0;0;0;3;2;4;0;0;0;3;2;1;1;0;2;2;2;3;3;3;3;3;3;5;5;4;5;5;4;4;4;5;5;4;5;3;3;3;2;1; ; ;yes;3;1;1;50;0;0;2;1;0;2;1;0;2;2;0;1;2;3;1;1;50;0;0;2;1;0;2;1;0;2;2;0;1;2;3;1;3;1;3;1;3;1;3;1;Donna;Female;1990;34;Roma;Sì;yes; ;Roma;Media superiore;13;3;4;Prevalentemente pianeggiante;Flat;Sì;No;Sì;No;No;Sì;Sì;Sì;Sì;;
Non lavoro e non studio; N/A;1; ; ; ; ; ; ;no;no;N/A;0;0;0;3;0;0;0;0;2;3;3;1;0;2;2;4;2;1;1;3;1;3;3;4;3;3;5;3;3;5;4;4;5;5;3;3;2;5;5;5;5;3;3;3;2;2; ; ;yes;3;2;2;10;5;5;3;3;3;3;2;2;3;3;3;3;3;3;2;2;10;5;5;3;3;3;3;2;2;3;3;3;3;3;3;1;3;1;3;1;2;0;3;1;Donna;Female;1991;33;Guidonia ;Sì;yes; ;Guidonia ;Laurea (triennale) di primo livello;16;4;4;Prevalentemente pianeggiante;Flat;Sì;No;Sì;Sì;No;Sì;Sì;Sì;Sì;;
Non lavoro e non studio; N/A;1; ; ; ; ; ; ;no;no;N/A;3;2;2;1;0;0;0;0;2;1;1;0;0;0;0;2;3;2;2;1;0;0;0;5;5;5;4;3;4;4;3;4;5;4;3;5;1;5;5;5;5;0;3;2;3;3; ; ;yes;2;2;3;0;0;0;2;3;3;2;3;3;1;2;3;2;3;2;2;3;0;0;0;2;3;3;2;3;3;1;2;3;2;3;2;0;4;1;2;0;2;0;2;0;Uomo;Male;1999;25;Campagnato di Roma;Sì;yes; ;Roma;Laurea (triennale) di primo livello;16;5;3;Caratterizzata da piccole salite;Easy climbs;Sì;Sì;Sì;Sì;No;Sì;No;Sì;Sì;;
Non lavoro e non studio; N/A;1; ; ; ; ; ; ;no;no;N/A;0;0;0;2;0;0;0;0;2;3;3;1;0;2;2;4;0;0;0;4;3;4;4;4;3;3;5;3;3;5;5;5;5;5;3;3;2;5;5;5;5;3;3;3;0;0; ; ;yes;3;0;0;10;0;0;3;0;0;3;0;0;3;0;0;0;0;3;0;0;10;0;0;3;0;0;3;0;0;3;0;0;0;0;2;0;4;1;2;0;2;0;3;1;Uomo;Male;1992;32;Castel Madama;Sì;yes; ;Castel Madama;Media superiore;13;4;3;Caratterizzata da piccole salite;Easy climbs;Sì;No;No;No;No;Sì;No;No;Sì;;
Non lavoro e non studio; N/A;1; ; ; ; ; ; ;no;no;N/A;1;1;1;3;0;0;0;0;3;2;2;4;0;0;0;2;3;3;2;0;2;2;3;5;5;4;5;5;4;5;5;3;3;4;5;5;2;5;5;5;5;3;4;3;1;1; ; ;yes;3;1;2;5;1;1;4;2;2;2;3;3;4;2;2;3;3;3;1;2;5;1;1;4;2;2;2;3;3;4;2;2;3;3;3;1;4;1;3;1;2;0;3;1;Donna;Female;1992;32;Roma;Sì;yes; ;Roma;Media superiore;13;2;4;Caratterizzata da piccole salite;Easy climbs;Sì;No;Sì;No;Sì;Sì;Sì;Sì;Sì;;
Non lavoro e non studio; N/A;1; ; ; ; ; ; ;no;no;N/A;0;0;0;0;0;0;0;0;2;3;3;4;0;0;1;3;2;1;1;0;1;1;2;4;4;4;3;3;3;4;4;4;3;3;2;2;1;3;3;4;4;1;1;2;2;2; ; ;yes;2;2;2;30;0;0;2;3;3;2;2;2;3;2;2;2;2;2;2;2;30;0;0;2;3;3;2;2;2;3;2;2;2;2;3;1;3;1;4;1;2;0;2;0;Donna;Female;1992;32;Roma;Sì;yes; ;Roma;Laurea (triennale) di primo livello;16;4;4;Prevalentemente pianeggiante;Flat;Sì;No;Sì;No;No;Sì;No;No;Sì;;
Non lavoro e non studio; N/A;1; ; ; ; ; ; ;no;no;N/A;1;2;2;1;0;0;0;0;3;3;3;4;1;2;3;3;1;1;1;1;3;3;3;5;5;5;4;4;4;5;5;5;5;5;5;5;5;5;5;5;5;5;5;4;3;3; ; ;yes;5;0;0;30;0;0;4;1;1;4;0;0;4;1;1;1;1;5;0;0;30;0;0;4;1;1;4;0;0;4;1;1;1;1;3;1;4;1;4;1;2;0;3;1;Donna;Female;1994;30;Roma;Sì;yes; ;Roma;Laurea magistrale o successivo;18;4;3;Caratterizzata da piccole salite;Easy climbs;Sì;No;No;No;No;Sì;Sì;Sì;Sì;;
Non lavoro e non studio; N/A;1; ; ; ; ; ; ;no;no;N/A;3;4;4;1;0;0;0;0;3;1;1;2;0;0;0;4;3;2;2;1;1;2;2;5;5;5;5;5;5;5;5;4;5;5;3;5;2;5;4;4;5;1;1;2;1;2; ; ;yes;4;2;2;50;0;0;1;1;1;1;1;1;2;0;0;0;0;4;2;2;50;0;0;1;1;1;1;1;1;2;0;0;0;0;2;0;3;1;2;0;2;0;2;0;Donna;Female;1992;32;Roma;Sì;yes; ;Roma;Media superiore;13;3;4;Prevalentemente pianeggiante;Flat;Sì;No;No;Sì;No;Sì;No;Sì;Sì;;
Non lavoro e non studio; N/A;1; ; ; ; ; ; ;no;no;N/A;1;2;2;1;0;0;0;0;2;3;3;1;0;0;2;4;3;3;3;2;3;2;2;4;3;2;2;1;1;3;2;2;4;4;3;3;2;5;5;5;5;4;4;2;1;1; ; ;yes;2;1;1;15;5;5;2;3;3;2;1;1;2;3;3;3;3;2;1;1;15;5;5;2;3;3;2;1;1;2;3;3;3;3;2;0;3;1;2;0;2;0;3;1;Donna;Female;1994;30;Roma;Sì;yes; ;Roma;Laurea (triennale) di primo livello;16;3;3;Caratterizzata da piccole salite;Easy climbs;Sì;No;Sì;Sì;No;Sì;No;Sì;Sì;;
Non lavoro e non studio; N/A;1; ; ; ; ; ; ;no;no;N/A;2;2;2;3;0;0;0;0;3;3;3;4;2;2;2;4;3;3;3;0;2;2;2;4;4;4;4;4;4;4;4;4;4;4;4;4;2;4;4;4;4;2;2;4;4;4; ; ;yes;0;4;4;0;100;100;0;4;4;0;4;4;3;4;4;4;4;0;4;4;0;100;100;0;4;4;0;4;4;3;4;4;4;4;4;1;4;1;4;1;4;1;3;1;Donna;Female;1989;35;Roma;Sì;yes; ;Roma;Laurea (triennale) di primo livello;16;5;3;Prevalentemente pianeggiante;Flat;Sì;No;Sì;Sì;No;Sì;Sì;Sì;Sì;;
Non lavoro e non studio; N/A;1; ; ; ; ; ; ;no;no;N/A;2;2;2;0;0;0;0;0;1;2;3;2;0;1;0;3;3;2;2;1;0;0;0;4;3;3;2;2;2;3;3;3;2;2;2;3;0;2;3;3;3;0;1;0;0;0; ; ;yes;0;0;0;0;0;0;0;1;1;0;0;0;0;0;0;0;0;0;0;0;0;0;0;0;1;1;0;0;0;0;0;0;0;0;2;0;3;1;2;0;2;0;2;0;Donna;Female;1990;34;Roma;Sì;yes; ;Roma;Laurea (triennale) di primo livello;16;3;2;Prevalentemente pianeggiante;Flat;Sì;Sì;No;No;No;Sì;Sì;No;Sì;;
Non lavoro e non studio; N/A;1; ; ; ; ; ; ;no;no;N/A;5;5;5;0;0;0;0;0;5;4;4;5;0;0;0;2;4;5;5;1;2;2;3;5;4;3;5;2;3;5;5;5;5;5;5;2;5;5;5;4;5;4;3;2;1;1; ; ;yes;2;1;1;40;3;3;3;3;3;2;3;3;3;2;2;3;3;2;1;1;40;3;3;3;3;3;2;3;3;3;2;2;3;3;1;0;2;0;2;0;2;0;3;1;Uomo;Male;1989;35;Roma;Sì;yes; ;Roma;Media superiore;13;4;4;Caratterizzata da forti pendenze;Steep slopes;Sì;No;Sì;Sì;Sì;Sì;Sì;Sì;Sì;;
Non lavoro e non studio; N/A;1; ; ; ; ; ; ;no;no;N/A;2;2;2;0;0;0;0;0;2;4;4;3;2;2;2;3;3;4;4;1;0;0;0;3;3;3;4;4;4;4;4;4;5;5;5;5;3;5;5;5;5;3;3;3;0;0; ; ;yes;2;0;0;20;0;0;2;0;0;2;0;0;2;1;1;1;1;2;0;0;20;0;0;2;0;0;2;0;0;2;1;1;1;1;2;0;3;1;2;0;1;0;2;0;Donna;Female;1990;34;Pomezia;Sì;yes; ;Pomezia;Laurea magistrale o successivo;18;3;2;Caratterizzata da piccole salite;Easy climbs;Sì;No;No;No;No;Sì;No;No;Sì;;
Non lavoro e non studio; N/A;1; ; ; ; ; ; ;no;no;N/A;0;0;0;3;0;0;0;0;3;2;2;1;0;0;0;5;2;1;1;3;1;2;2;4;4;4;4;4;3;4;4;3;5;5;2;5;1;5;2;4;5;1;2;5;4;4; ; ;yes;5;5;5;100;0;0;5;5;5;5;4;4;5;5;4;5;4;5;5;5;100;0;0;5;5;5;5;4;4;5;5;4;5;4;4;1;3;1;4;1;3;1;3;1;Uomo;Male;1992;32;Velletri;Sì;yes; ;Roma;Media superiore;13;4;5;Prevalentemente pianeggiante;Flat;Sì;No;Sì;Sì;No;Sì;No;Sì;Sì;;
Non lavoro e non studio; N/A;1; ; ; ; ; ; ;no;no;N/A;2;2;2;0;0;0;0;0;0;1;2;2;0;0;2;3;2;1;1;2;2;2;2;4;3;3;5;4;3;5;4;4;5;5;5;4;3;5;5;5;5;4;4;1;0;0; ; ;yes;0;0;0;0;0;0;0;0;0;0;0;0;0;0;0;0;0;0;0;0;0;0;0;0;0;0;0;0;0;0;0;0;0;0;1;0;3;1;2;0;1;0;2;0;Uomo;Male;1990;34;Roma;Sì;yes; ;Roma;Laurea (triennale) di primo livello;16;2;3;Caratterizzata da piccole salite;Easy climbs;Sì;No;No;No;No;Sì;No;No;Sì;;
Non lavoro e non studio; N/A;1; ; ; ; ; ; ;no;no;N/A;0;0;0;0;0;0;0;0;3;3;3;2;0;0;0;2;3;2;2;0;0;0;0;5;5;4;5;5;3;5;5;2;4;3;3;4;1;4;3;3;4;1;3;0;0;0; ; ;yes;1;1;1;0;0;0;2;2;2;1;1;1;1;0;0;2;2;1;1;1;0;0;0;2;2;2;1;1;1;1;0;0;2;2;3;1;3;1;3;1;2;0;2;0;Donna;Female;1993;31;Fiumicino;Sì;yes; ;Fiumicino;Media superiore;13;2;1;Caratterizzata da piccole salite;Easy climbs;Sì;Sì;No;No;No;Sì;No;No;Sì;;
Non lavoro e non studio; N/A;1; ; ; ; ; ; ;no;no;N/A;0;0;0;1;0;0;0;0;3;0;0;2;0;0;0;1;2;1;1;0;1;2;2;5;5;4;5;3;3;5;5;5;5;4;4;4;3;5;5;3;4;3;2;3;0;0; ; ;yes;4;0;0;50;0;0;3;2;2;1;1;1;3;1;1;2;2;4;0;0;50;0;0;3;2;2;1;1;1;3;1;1;2;2;1;0;1;0;1;0;1;0;3;1;Uomo;Male;1992;32;Roma;Sì;yes; ;Roma;Laurea (triennale) di primo livello;16;4;5;Caratterizzata da piccole salite;Easy climbs;Sì;Sì;No;No;No;Sì;No;Sì;Sì;;
Non lavoro e non studio; N/A;1; ; ; ; ; ; ;no;no;N/A;0;0;0;3;0;0;0;0;1;2;2;1;0;0;2;4;0;0;0;3;3;4;4;4;4;4;5;5;5;5;5;5;4;4;4;3;3;5;5;5;5;4;4;3;0;0; ; ;yes;3;0;0;25;0;0;3;0;0;3;0;0;3;0;0;0;0;3;0;0;25;0;0;3;0;0;3;0;0;3;0;0;0;0;1;0;3;1;2;0;1;0;2;0;Donna;Female;1994;30;Roma;Sì;yes; ;Roma;Laurea magistrale o successivo;18;2;2;Caratterizzata da piccole salite;Easy climbs;Sì;No;No;No;No;Sì;No;No;Sì;;
Non lavoro e non studio; N/A;1; ; ; ; ; ; ;no;no;N/A;1;0;0;2;0;0;0;0;2;2;2;1;0;0;0;5;2;1;1;3;2;1;1;5;5;5;4;4;3;4;4;3;5;5;2;5;1;5;4;5;5;1;2;3;4;4; ; ;yes;2;3;3;0;50;20;4;5;5;3;4;4;3;4;4;4;4;2;3;3;0;50;20;4;5;5;3;4;4;3;4;4;4;4;4;1;3;1;4;1;4;1;3;1;Uomo;Male;1990;34;Allumiere;Sì;yes; ;Roma;Laurea (triennale) di primo livello;16;5;4;Caratterizzata da piccole salite;Easy climbs;No;No;Sì;Sì;No;Sì;Sì;Sì;No;;
Non lavoro e non studio; N/A;1; ; ; ; ; ; ;no;no;N/A;2;4;4;1;0;0;0;0;2;3;3;1;0;0;0;4;3;2;2;1;1;2;2;5;5;5;5;4;4;5;4;4;5;5;2;5;1;5;3;5;5;1;1;0;1;1; ; ;yes;0;1;1;0;0;0;1;2;2;1;2;2;1;1;1;1;1;0;1;1;0;0;0;1;2;2;1;2;2;1;1;1;1;1;1;0;3;1;1;0;2;0;2;0;Donna;Female;1995;29;Roma;Sì;yes; ;Roma;Media superiore;13;5;4;Caratterizzata da piccole salite;Easy climbs;Sì;Sì;Sì;No;No;Sì;Sì;Sì;Sì;;
Non lavoro e non studio; N/A;1; ; ; ; ; ; ;no;no;N/A;0;0;0;4;0;0;0;0;5;4;4;5;0;0;0;0;1;2;2;4;4;2;4;5;5;4;5;5;3;5;5;5;5;4;5;5;5;5;5;5;5;2;4;5;3;4; ; ;yes;5;2;2;90;15;15;4;5;5;3;2;4;4;3;3;4;4;5;2;2;90;15;15;4;5;5;3;2;4;4;3;3;4;4;4;1;3;1;4;1;4;1;4;1;Uomo;Male;1991;33;Roma;Sì;yes; ;Ciampino;Laurea (triennale) di primo livello;16;4;5;Caratterizzata da piccole salite;Easy climbs;Sì;Sì;Sì;Sì;Sì;Sì;Sì;Sì;Sì;;
Non lavoro e non studio; N/A;1; ; ; ; ; ; ;no;no;N/A;0;0;0;2;0;0;0;0;0;1;2;1;0;0;1;3;2;3;3;3;1;2;2;3;3;3;2;2;2;3;3;3;5;5;5;4;4;5;5;5;5;4;4;2;1;1; ; ;yes;2;1;1;0;0;0;3;1;1;3;1;1;3;1;1;1;1;2;1;1;0;0;0;3;1;1;3;1;1;3;1;1;1;1;2;0;3;1;2;0;2;0;2;0;Donna;Female;1990;34;Roma;Sì;yes; ;Roma;Media superiore;13;3;3;Prevalentemente pianeggiante;Flat;Sì;No;Sì;Sì;No;Sì;No;Sì;Sì;;
Non lavoro e non studio; N/A;1; ; ; ; ; ; ;no;no;N/A;1;1;1;1;0;0;0;0;3;3;3;3;3;3;3;3;2;2;2;1;2;2;2;4;4;4;5;5;4;5;5;4;5;5;5;5;4;5;5;5;5;4;4;4;0;0; ; ;yes;5;0;0;100;0;0;5;1;0;5;1;0;5;1;0;1;0;5;0;0;100;0;0;5;1;0;5;1;0;5;1;0;1;0;3;1;4;1;4;1;3;1;3;1;Uomo;Male;1995;29;Roma;Sì;yes; ;Roma;Media superiore;13;4;3;Prevalentemente pianeggiante;Flat;Sì;No;No;No;No;Sì;No;Sì;Sì;;
Non lavoro e non studio; N/A;1; ; ; ; ; ; ;no;no;N/A;1;2;2;1;0;0;0;0;2;3;2;1;0;0;0;4;4;3;3;1;0;1;1;5;4;4;4;4;2;4;4;0;5;5;1;4;0;5;3;5;5;1;2;1;0;0; ; ;yes;1;0;0;20;0;0;2;1;1;2;0;0;1;1;1;1;1;1;0;0;20;0;0;2;1;1;2;0;0;1;1;1;1;1;2;0;2;0;2;0;1;0;2;0;Donna;Female;1991;33;Roma;Sì;yes; ;Roma;Media superiore;13;4;2;Caratterizzata da piccole salite;Easy climbs;Sì;Sì;No;No;No;Sì;No;No;Sì;;
Non lavoro e non studio; N/A;1; ; ; ; ; ; ;no;no;N/A;2;3;3;1;0;0;0;0;3;2;2;1;0;0;1;3;3;2;2;1;0;1;1;4;4;3;4;4;4;4;4;4;5;5;2;5;1;5;3;5;5;1;2;2;3;3; ; ;yes;2;2;2;0;0;0;2;1;1;2;1;1;1;1;1;1;1;2;2;2;0;0;0;2;1;1;2;1;1;1;1;1;1;1;2;0;4;1;2;0;1;0;2;0;Donna;Female;1991;33;Roma;Sì;yes; ;Roma;Laurea (triennale) di primo livello;16;5;3;Caratterizzata da piccole salite;Easy climbs;Sì;No;Sì;Sì;No;Sì;No;Sì;Sì;;
Non lavoro e non studio; N/A;1; ; ; ; ; ; ;no;no;N/A;1;1;1;2;0;0;0;0;3;3;3;3;2;2;2;3;1;1;1;0;2;2;2;3;4;4;5;4;4;5;4;4;4;4;4;4;3;4;4;4;4;3;3;4;0;0; ; ;yes;5;0;0;100;0;0;5;0;0;5;0;0;5;0;0;0;0;5;0;0;100;0;0;5;0;0;5;0;0;5;0;0;0;0;2;0;4;1;3;1;1;0;3;1;Donna;Female;1992;32;Roma;Sì;yes; ;Roma;Media superiore;13;4;3;Prevalentemente pianeggiante;Flat;Sì;No;No;No;No;Sì;No;No;Sì;;
Non lavoro e non studio; N/A;1; ; ; ; ; ; ;no;no;N/A;0;0;0;2;0;0;0;0;0;2;2;1;0;0;2;4;2;1;1;2;1;2;2;3;3;2;5;5;5;5;5;5;5;5;5;4;3;5;5;5;5;4;4;2;1;1; ; ;yes;2;1;1;20;10;10;3;3;3;3;3;3;3;3;3;3;3;2;1;1;20;10;10;3;3;3;3;3;3;3;3;3;3;3;2;0;3;1;3;1;2;0;3;1;Donna;Female;1991;33;Roma;Sì;yes; ;Roma;Laurea magistrale o successivo;18;2;3;Caratterizzata da piccole salite;Easy climbs;Sì;No;Sì;No;No;Sì;No;Sì;Sì;;
Non lavoro e non studio; N/A;1; ; ; ; ; ; ;no;no;N/A;1;1;1;4;0;0;0;0;3;3;3;4;0;0;0;2;0;4;4;1;2;2;2;5;5;4;5;4;4;5;3;3;5;4;4;5;4;5;5;5;5;5;5;3;1;1; ; ;yes;3;1;1;10;0;0;3;4;4;2;3;4;2;1;1;3;3;3;1;1;10;0;0;3;4;4;2;3;4;2;1;1;3;3;1;0;2;0;1;0;1;0;3;1;Donna;Female;1991;33;Labico;Sì;yes; ;Roma;Laurea (triennale) di primo livello;16;3;4;Caratterizzata da piccole salite;Easy climbs;Sì;No;Sì;Sì;No;Sì;Sì;Sì;Sì;;
Non lavoro e non studio; N/A;1; ; ; ; ; ; ;no;no;N/A;4;4;4;1;0;0;0;0;4;3;3;2;0;0;0;5;3;2;2;1;0;1;1;5;5;5;5;5;5;5;5;5;4;5;1;5;0;4;3;5;5;0;2;3;2;2; ; ;yes;2;1;1;0;0;0;2;1;1;2;1;1;1;2;2;1;1;2;1;1;0;0;0;2;1;1;2;1;1;1;2;2;1;1;1;0;4;1;1;0;2;0;2;0;Donna;Female;1992;32;Formello;No;no;Russia;Russia;Media superiore;13;4;2;Caratterizzata da piccole salite;Easy climbs;Sì;No;No;No;Sì;Sì;Sì;Sì;Sì;;
Non lavoro e non studio; N/A;1; ; ; ; ; ; ;no;no;N/A;3;4;4;1;0;0;0;0;4;2;3;4;0;0;1;2;4;4;4;0;2;2;2;5;5;4;5;2;2;5;3;3;4;5;5;5;2;5;5;5;5;2;2;1;1;1; ; ;yes;1;0;0;20;0;0;1;2;2;1;2;2;2;1;1;2;2;1;0;0;20;0;0;1;2;2;1;2;2;2;1;1;2;2;1;0;3;1;1;0;1;0;3;1;Uomo;Male;1989;35;San cesareo;Sì;yes; ;Roma;Laurea (triennale) di primo livello;16;4;4;Prevalentemente pianeggiante;Flat;Sì;Sì;Sì;Sì;No;No;Sì;Sì;Sì;;
